Código,Descripción,Categoría,Sección,Capítulo
00,PROCEDIMIENTO E INTERVENCION NCOC,"00 PROCEDIMIENTOS E INTERVENCIONES, NO CLASIFICADOS BAJO OTROS  CONCEPTOS",00. (00 00) PROCEDIMIENTOS E INTERVENCIONES NO CLASIFICADOS BAJO OTROS CONCEPTOS,00. (00 00) PROCEDIMIENTOS E INTERVENCIONES NO CLASIFICADOS BAJO OTROS CONCEPTOS
00.0,ULTRASONIDO TERAPEUTICO,"00 PROCEDIMIENTOS E INTERVENCIONES, NO CLASIFICADOS BAJO OTROS  CONCEPTOS",00. (00 00) PROCEDIMIENTOS E INTERVENCIONES NO CLASIFICADOS BAJO OTROS CONCEPTOS,00. (00 00) PROCEDIMIENTOS E INTERVENCIONES NO CLASIFICADOS BAJO OTROS CONCEPTOS
00.01,ULTRASONIDO TERAPEUTICO.VASO CABEZA Y CUELLO,"00 PROCEDIMIENTOS E INTERVENCIONES, NO CLASIFICADOS BAJO OTROS  CONCEPTOS",00. (00 00) PROCEDIMIENTOS E INTERVENCIONES NO CLASIFICADOS BAJO OTROS CONCEPTOS,00. (00 00) PROCEDIMIENTOS E INTERVENCIONES NO CLASIFICADOS BAJO OTROS CONCEPTOS
00.02,ULTRASONIDO TERAPEUTICO.CORAZON,"00 PROCEDIMIENTOS E INTERVENCIONES, NO CLASIFICADOS BAJO OTROS  CONCEPTOS",00. (00 00) PROCEDIMIENTOS E INTERVENCIONES NO CLASIFICADOS BAJO OTROS CONCEPTOS,00. (00 00) PROCEDIMIENTOS E INTERVENCIONES NO CLASIFICADOS BAJO OTROS CONCEPTOS
00.03,ULTRASONIDO TERAPEUTICO.VASO PERIFERICO,"00 PROCEDIMIENTOS E INTERVENCIONES, NO CLASIFICADOS BAJO OTROS  CONCEPTOS",00. (00 00) PROCEDIMIENTOS E INTERVENCIONES NO CLASIFICADOS BAJO OTROS CONCEPTOS,00. (00 00) PROCEDIMIENTOS E INTERVENCIONES NO CLASIFICADOS BAJO OTROS CONCEPTOS
00.09,ULTRASONIDO TERAPEUTICO.OTRO,"00 PROCEDIMIENTOS E INTERVENCIONES, NO CLASIFICADOS BAJO OTROS  CONCEPTOS",00. (00 00) PROCEDIMIENTOS E INTERVENCIONES NO CLASIFICADOS BAJO OTROS CONCEPTOS,00. (00 00) PROCEDIMIENTOS E INTERVENCIONES NO CLASIFICADOS BAJO OTROS CONCEPTOS
00.1,TRATAMIENTO FARMACOLOGICO,"00 PROCEDIMIENTOS E INTERVENCIONES, NO CLASIFICADOS BAJO OTROS  CONCEPTOS",00. (00 00) PROCEDIMIENTOS E INTERVENCIONES NO CLASIFICADOS BAJO OTROS CONCEPTOS,00. (00 00) PROCEDIMIENTOS E INTERVENCIONES NO CLASIFICADOS BAJO OTROS CONCEPTOS
00.10,IMPLANTACION AGENTE QUIMIOTERAPICO,"00 PROCEDIMIENTOS E INTERVENCIONES, NO CLASIFICADOS BAJO OTROS  CONCEPTOS",00. (00 00) PROCEDIMIENTOS E INTERVENCIONES NO CLASIFICADOS BAJO OTROS CONCEPTOS,00. (00 00) PROCEDIMIENTOS E INTERVENCIONES NO CLASIFICADOS BAJO OTROS CONCEPTOS
00.11,INFUSION DROTRECOGIN ALFA (ACTIVADO),"00 PROCEDIMIENTOS E INTERVENCIONES, NO CLASIFICADOS BAJO OTROS  CONCEPTOS",00. (00 00) PROCEDIMIENTOS E INTERVENCIONES NO CLASIFICADOS BAJO OTROS CONCEPTOS,00. (00 00) PROCEDIMIENTOS E INTERVENCIONES NO CLASIFICADOS BAJO OTROS CONCEPTOS
00.12,ADMINISTRACION OXIDO NITRICO INHALADO,"00 PROCEDIMIENTOS E INTERVENCIONES, NO CLASIFICADOS BAJO OTROS  CONCEPTOS",00. (00 00) PROCEDIMIENTOS E INTERVENCIONES NO CLASIFICADOS BAJO OTROS CONCEPTOS,00. (00 00) PROCEDIMIENTOS E INTERVENCIONES NO CLASIFICADOS BAJO OTROS CONCEPTOS
00.13,INYECCION NESIRITIDE,"00 PROCEDIMIENTOS E INTERVENCIONES, NO CLASIFICADOS BAJO OTROS  CONCEPTOS",00. (00 00) PROCEDIMIENTOS E INTERVENCIONES NO CLASIFICADOS BAJO OTROS CONCEPTOS,00. (00 00) PROCEDIMIENTOS E INTERVENCIONES NO CLASIFICADOS BAJO OTROS CONCEPTOS
00.14,INYECCION ANTIBIOTICO CLASE OXAZOLIDIONA,"00 PROCEDIMIENTOS E INTERVENCIONES, NO CLASIFICADOS BAJO OTROS  CONCEPTOS",00. (00 00) PROCEDIMIENTOS E INTERVENCIONES NO CLASIFICADOS BAJO OTROS CONCEPTOS,00. (00 00) PROCEDIMIENTOS E INTERVENCIONES NO CLASIFICADOS BAJO OTROS CONCEPTOS
00.15,INFUSION INTERLEUKINA-2 ALTA DOSIS,"00 PROCEDIMIENTOS E INTERVENCIONES, NO CLASIFICADOS BAJO OTROS  CONCEPTOS",00. (00 00) PROCEDIMIENTOS E INTERVENCIONES NO CLASIFICADOS BAJO OTROS CONCEPTOS,00. (00 00) PROCEDIMIENTOS E INTERVENCIONES NO CLASIFICADOS BAJO OTROS CONCEPTOS
00.16,INJERTO DERIVACION VENOSO PRESURIZADO,"00 PROCEDIMIENTOS E INTERVENCIONES, NO CLASIFICADOS BAJO OTROS  CONCEPTOS",00. (00 00) PROCEDIMIENTOS E INTERVENCIONES NO CLASIFICADOS BAJO OTROS CONCEPTOS,00. (00 00) PROCEDIMIENTOS E INTERVENCIONES NO CLASIFICADOS BAJO OTROS CONCEPTOS
00.17,INFUSON AGENTE VASOPRESOR,"00 PROCEDIMIENTOS E INTERVENCIONES, NO CLASIFICADOS BAJO OTROS  CONCEPTOS",00. (00 00) PROCEDIMIENTOS E INTERVENCIONES NO CLASIFICADOS BAJO OTROS CONCEPTOS,00. (00 00) PROCEDIMIENTOS E INTERVENCIONES NO CLASIFICADOS BAJO OTROS CONCEPTOS
00.18,TERAPIA INFUSION ANTICUERPO INMUNOSUPRESORE TRANSPLANTE ORGANO SOLIDO,"00 PROCEDIMIENTOS E INTERVENCIONES, NO CLASIFICADOS BAJO OTROS  CONCEPTOS",00. (00 00) PROCEDIMIENTOS E INTERVENCIONES NO CLASIFICADOS BAJO OTROS CONCEPTOS,00. (00 00) PROCEDIMIENTOS E INTERVENCIONES NO CLASIFICADOS BAJO OTROS CONCEPTOS
00.19,INFUSION AGENTE INTERRUPCION BARRERA HEMATOENCEFALICA,"00 PROCEDIMIENTOS E INTERVENCIONES, NO CLASIFICADOS BAJO OTROS  CONCEPTOS",00. (00 00) PROCEDIMIENTOS E INTERVENCIONES NO CLASIFICADOS BAJO OTROS CONCEPTOS,00. (00 00) PROCEDIMIENTOS E INTERVENCIONES NO CLASIFICADOS BAJO OTROS CONCEPTOS
00.2,IMAGEN INTRAVASCULAR VASO SANGUINEO,"00 PROCEDIMIENTOS E INTERVENCIONES, NO CLASIFICADOS BAJO OTROS  CONCEPTOS",00. (00 00) PROCEDIMIENTOS E INTERVENCIONES NO CLASIFICADOS BAJO OTROS CONCEPTOS,00. (00 00) PROCEDIMIENTOS E INTERVENCIONES NO CLASIFICADOS BAJO OTROS CONCEPTOS
00.21,IMAGEN INTRAVASCULAR VASO CEREBRAL EXTRACRANEAL,"00 PROCEDIMIENTOS E INTERVENCIONES, NO CLASIFICADOS BAJO OTROS  CONCEPTOS",00. (00 00) PROCEDIMIENTOS E INTERVENCIONES NO CLASIFICADOS BAJO OTROS CONCEPTOS,00. (00 00) PROCEDIMIENTOS E INTERVENCIONES NO CLASIFICADOS BAJO OTROS CONCEPTOS
00.22,IMAGEN INTRAVASCULAR VASO INTRATORACICO,"00 PROCEDIMIENTOS E INTERVENCIONES, NO CLASIFICADOS BAJO OTROS  CONCEPTOS",00. (00 00) PROCEDIMIENTOS E INTERVENCIONES NO CLASIFICADOS BAJO OTROS CONCEPTOS,00. (00 00) PROCEDIMIENTOS E INTERVENCIONES NO CLASIFICADOS BAJO OTROS CONCEPTOS
00.23,IMAGEN INTRAVASCULAR VASO PERIFERICO,"00 PROCEDIMIENTOS E INTERVENCIONES, NO CLASIFICADOS BAJO OTROS  CONCEPTOS",00. (00 00) PROCEDIMIENTOS E INTERVENCIONES NO CLASIFICADOS BAJO OTROS CONCEPTOS,00. (00 00) PROCEDIMIENTOS E INTERVENCIONES NO CLASIFICADOS BAJO OTROS CONCEPTOS
00.24,IMAGEN INTRAVASCULAR VASO CORONARIO,"00 PROCEDIMIENTOS E INTERVENCIONES, NO CLASIFICADOS BAJO OTROS  CONCEPTOS",00. (00 00) PROCEDIMIENTOS E INTERVENCIONES NO CLASIFICADOS BAJO OTROS CONCEPTOS,00. (00 00) PROCEDIMIENTOS E INTERVENCIONES NO CLASIFICADOS BAJO OTROS CONCEPTOS
00.25,IMAGEN INTRAVASCULAR VASO RENAL,"00 PROCEDIMIENTOS E INTERVENCIONES, NO CLASIFICADOS BAJO OTROS  CONCEPTOS",00. (00 00) PROCEDIMIENTOS E INTERVENCIONES NO CLASIFICADOS BAJO OTROS CONCEPTOS,00. (00 00) PROCEDIMIENTOS E INTERVENCIONES NO CLASIFICADOS BAJO OTROS CONCEPTOS
00.28,IMAGEN INTRAVASCULAR VASO SANGUINEO.OTRO,"00 PROCEDIMIENTOS E INTERVENCIONES, NO CLASIFICADOS BAJO OTROS  CONCEPTOS",00. (00 00) PROCEDIMIENTOS E INTERVENCIONES NO CLASIFICADOS BAJO OTROS CONCEPTOS,00. (00 00) PROCEDIMIENTOS E INTERVENCIONES NO CLASIFICADOS BAJO OTROS CONCEPTOS
00.29,IMAGEN INTRAVASCULAR VASO SANGUINEO.NEOM,"00 PROCEDIMIENTOS E INTERVENCIONES, NO CLASIFICADOS BAJO OTROS  CONCEPTOS",00. (00 00) PROCEDIMIENTOS E INTERVENCIONES NO CLASIFICADOS BAJO OTROS CONCEPTOS,00. (00 00) PROCEDIMIENTOS E INTERVENCIONES NO CLASIFICADOS BAJO OTROS CONCEPTOS
00.3,CIRUGIA ASISTIDA POR ORDENADOR,"00 PROCEDIMIENTOS E INTERVENCIONES, NO CLASIFICADOS BAJO OTROS  CONCEPTOS",00. (00 00) PROCEDIMIENTOS E INTERVENCIONES NO CLASIFICADOS BAJO OTROS CONCEPTOS,00. (00 00) PROCEDIMIENTOS E INTERVENCIONES NO CLASIFICADOS BAJO OTROS CONCEPTOS
00.31,CIRUGIA ASISTIDA POR ORDENADOR CON TAC,"00 PROCEDIMIENTOS E INTERVENCIONES, NO CLASIFICADOS BAJO OTROS  CONCEPTOS",00. (00 00) PROCEDIMIENTOS E INTERVENCIONES NO CLASIFICADOS BAJO OTROS CONCEPTOS,00. (00 00) PROCEDIMIENTOS E INTERVENCIONES NO CLASIFICADOS BAJO OTROS CONCEPTOS
00.32,CIRUGIA ASISTIDA POR ORDENADOR CON RNM,"00 PROCEDIMIENTOS E INTERVENCIONES, NO CLASIFICADOS BAJO OTROS  CONCEPTOS",00. (00 00) PROCEDIMIENTOS E INTERVENCIONES NO CLASIFICADOS BAJO OTROS CONCEPTOS,00. (00 00) PROCEDIMIENTOS E INTERVENCIONES NO CLASIFICADOS BAJO OTROS CONCEPTOS
00.33,CIRUGIA ASISTIDA POR ORDENADOR CON FLUOROSCOPIA,"00 PROCEDIMIENTOS E INTERVENCIONES, NO CLASIFICADOS BAJO OTROS  CONCEPTOS",00. (00 00) PROCEDIMIENTOS E INTERVENCIONES NO CLASIFICADOS BAJO OTROS CONCEPTOS,00. (00 00) PROCEDIMIENTOS E INTERVENCIONES NO CLASIFICADOS BAJO OTROS CONCEPTOS
00.34,CIRUGIA ASISTIDA POR ORDENADOR SIN IMAGEN,"00 PROCEDIMIENTOS E INTERVENCIONES, NO CLASIFICADOS BAJO OTROS  CONCEPTOS",00. (00 00) PROCEDIMIENTOS E INTERVENCIONES NO CLASIFICADOS BAJO OTROS CONCEPTOS,00. (00 00) PROCEDIMIENTOS E INTERVENCIONES NO CLASIFICADOS BAJO OTROS CONCEPTOS
00.35,CIRUGIA ASISTIDA POR ORDENADOR CON CONJUNTO DATOS MULTIPLE,"00 PROCEDIMIENTOS E INTERVENCIONES, NO CLASIFICADOS BAJO OTROS  CONCEPTOS",00. (00 00) PROCEDIMIENTOS E INTERVENCIONES NO CLASIFICADOS BAJO OTROS CONCEPTOS,00. (00 00) PROCEDIMIENTOS E INTERVENCIONES NO CLASIFICADOS BAJO OTROS CONCEPTOS
00.39,CIRUGIA ASISTIDA POR ORDENADOR.OTRA,"00 PROCEDIMIENTOS E INTERVENCIONES, NO CLASIFICADOS BAJO OTROS  CONCEPTOS",00. (00 00) PROCEDIMIENTOS E INTERVENCIONES NO CLASIFICADOS BAJO OTROS CONCEPTOS,00. (00 00) PROCEDIMIENTOS E INTERVENCIONES NO CLASIFICADOS BAJO OTROS CONCEPTOS
00.4,PROCEDIMIENTO ACCESORIO SISTEMA VASCULAR,"00 PROCEDIMIENTOS E INTERVENCIONES, NO CLASIFICADOS BAJO OTROS  CONCEPTOS",00. (00 00) PROCEDIMIENTOS E INTERVENCIONES NO CLASIFICADOS BAJO OTROS CONCEPTOS,00. (00 00) PROCEDIMIENTOS E INTERVENCIONES NO CLASIFICADOS BAJO OTROS CONCEPTOS
00.40,PROCEDIMIENTO UN SOLO VASO,"00 PROCEDIMIENTOS E INTERVENCIONES, NO CLASIFICADOS BAJO OTROS  CONCEPTOS",00. (00 00) PROCEDIMIENTOS E INTERVENCIONES NO CLASIFICADOS BAJO OTROS CONCEPTOS,00. (00 00) PROCEDIMIENTOS E INTERVENCIONES NO CLASIFICADOS BAJO OTROS CONCEPTOS
00.41,PROCEDIMIENTO DOS VASOS,"00 PROCEDIMIENTOS E INTERVENCIONES, NO CLASIFICADOS BAJO OTROS  CONCEPTOS",00. (00 00) PROCEDIMIENTOS E INTERVENCIONES NO CLASIFICADOS BAJO OTROS CONCEPTOS,00. (00 00) PROCEDIMIENTOS E INTERVENCIONES NO CLASIFICADOS BAJO OTROS CONCEPTOS
00.42,PROCEDIMIENTO TRES VASOS,"00 PROCEDIMIENTOS E INTERVENCIONES, NO CLASIFICADOS BAJO OTROS  CONCEPTOS",00. (00 00) PROCEDIMIENTOS E INTERVENCIONES NO CLASIFICADOS BAJO OTROS CONCEPTOS,00. (00 00) PROCEDIMIENTOS E INTERVENCIONES NO CLASIFICADOS BAJO OTROS CONCEPTOS
00.43,PROCEDIMIENTO CUATRO O MAS VASOS,"00 PROCEDIMIENTOS E INTERVENCIONES, NO CLASIFICADOS BAJO OTROS  CONCEPTOS",00. (00 00) PROCEDIMIENTOS E INTERVENCIONES NO CLASIFICADOS BAJO OTROS CONCEPTOS,00. (00 00) PROCEDIMIENTOS E INTERVENCIONES NO CLASIFICADOS BAJO OTROS CONCEPTOS
00.44,PROCEDIMIENTO BIFURCACION VASO,"00 PROCEDIMIENTOS E INTERVENCIONES, NO CLASIFICADOS BAJO OTROS  CONCEPTOS",00. (00 00) PROCEDIMIENTOS E INTERVENCIONES NO CLASIFICADOS BAJO OTROS CONCEPTOS,00. (00 00) PROCEDIMIENTOS E INTERVENCIONES NO CLASIFICADOS BAJO OTROS CONCEPTOS
00.45,INSERCION ENDOPROTESIS VASCULAR UNICA,"00 PROCEDIMIENTOS E INTERVENCIONES, NO CLASIFICADOS BAJO OTROS  CONCEPTOS",00. (00 00) PROCEDIMIENTOS E INTERVENCIONES NO CLASIFICADOS BAJO OTROS CONCEPTOS,00. (00 00) PROCEDIMIENTOS E INTERVENCIONES NO CLASIFICADOS BAJO OTROS CONCEPTOS
00.46,INSERCION ENDOPROTESIS VASCULAR DOBLE,"00 PROCEDIMIENTOS E INTERVENCIONES, NO CLASIFICADOS BAJO OTROS  CONCEPTOS",00. (00 00) PROCEDIMIENTOS E INTERVENCIONES NO CLASIFICADOS BAJO OTROS CONCEPTOS,00. (00 00) PROCEDIMIENTOS E INTERVENCIONES NO CLASIFICADOS BAJO OTROS CONCEPTOS
00.47,INSERCION ENDOPROTESIS VASCULAR TRIPLE,"00 PROCEDIMIENTOS E INTERVENCIONES, NO CLASIFICADOS BAJO OTROS  CONCEPTOS",00. (00 00) PROCEDIMIENTOS E INTERVENCIONES NO CLASIFICADOS BAJO OTROS CONCEPTOS,00. (00 00) PROCEDIMIENTOS E INTERVENCIONES NO CLASIFICADOS BAJO OTROS CONCEPTOS
00.48,INSERCION ENDORPOTESIS VASCULAR CUATRO O MAS,"00 PROCEDIMIENTOS E INTERVENCIONES, NO CLASIFICADOS BAJO OTROS  CONCEPTOS",00. (00 00) PROCEDIMIENTOS E INTERVENCIONES NO CLASIFICADOS BAJO OTROS CONCEPTOS,00. (00 00) PROCEDIMIENTOS E INTERVENCIONES NO CLASIFICADOS BAJO OTROS CONCEPTOS
00.49,TERAPIA OXIGENO SUPERSATURADO,"00 PROCEDIMIENTOS E INTERVENCIONES, NO CLASIFICADOS BAJO OTROS  CONCEPTOS",00. (00 00) PROCEDIMIENTOS E INTERVENCIONES NO CLASIFICADOS BAJO OTROS CONCEPTOS,00. (00 00) PROCEDIMIENTOS E INTERVENCIONES NO CLASIFICADOS BAJO OTROS CONCEPTOS
00.5,PROCEDIMIENTO CARDIOVASCULAR OTRO,"00 PROCEDIMIENTOS E INTERVENCIONES, NO CLASIFICADOS BAJO OTROS  CONCEPTOS",00. (00 00) PROCEDIMIENTOS E INTERVENCIONES NO CLASIFICADOS BAJO OTROS CONCEPTOS,00. (00 00) PROCEDIMIENTOS E INTERVENCIONES NO CLASIFICADOS BAJO OTROS CONCEPTOS
00.50,IMPLANTACION MARCAPASOS RESINCRONIZACION CARDIACA SIN DESFIBRILADOR,"00 PROCEDIMIENTOS E INTERVENCIONES, NO CLASIFICADOS BAJO OTROS  CONCEPTOS",00. (00 00) PROCEDIMIENTOS E INTERVENCIONES NO CLASIFICADOS BAJO OTROS CONCEPTOS,00. (00 00) PROCEDIMIENTOS E INTERVENCIONES NO CLASIFICADOS BAJO OTROS CONCEPTOS
00.51,IMPLANTACION MARCAPASOS RESINCRONIZACION CARDIACA CON DESFIBRILADOR,"00 PROCEDIMIENTOS E INTERVENCIONES, NO CLASIFICADOS BAJO OTROS  CONCEPTOS",00. (00 00) PROCEDIMIENTOS E INTERVENCIONES NO CLASIFICADOS BAJO OTROS CONCEPTOS,00. (00 00) PROCEDIMIENTOS E INTERVENCIONES NO CLASIFICADOS BAJO OTROS CONCEPTOS
00.52,IMPLANTACION O SUSTITUCION ELECTRODO TRANSVENOSO VENTRICULO IZQUIERDO,"00 PROCEDIMIENTOS E INTERVENCIONES, NO CLASIFICADOS BAJO OTROS  CONCEPTOS",00. (00 00) PROCEDIMIENTOS E INTERVENCIONES NO CLASIFICADOS BAJO OTROS CONCEPTOS,00. (00 00) PROCEDIMIENTOS E INTERVENCIONES NO CLASIFICADOS BAJO OTROS CONCEPTOS
00.53,IMPLANTACION MARCAPASOS RESINCRONIZACION CARDIACA SOLO GENERADOR,"00 PROCEDIMIENTOS E INTERVENCIONES, NO CLASIFICADOS BAJO OTROS  CONCEPTOS",00. (00 00) PROCEDIMIENTOS E INTERVENCIONES NO CLASIFICADOS BAJO OTROS CONCEPTOS,00. (00 00) PROCEDIMIENTOS E INTERVENCIONES NO CLASIFICADOS BAJO OTROS CONCEPTOS
00.54,IMPLANTACION DESFIBRILADOR RESINCRONIZACION CARDIACA SOLO GENERADOR,"00 PROCEDIMIENTOS E INTERVENCIONES, NO CLASIFICADOS BAJO OTROS  CONCEPTOS",00. (00 00) PROCEDIMIENTOS E INTERVENCIONES NO CLASIFICADOS BAJO OTROS CONCEPTOS,00. (00 00) PROCEDIMIENTOS E INTERVENCIONES NO CLASIFICADOS BAJO OTROS CONCEPTOS
00.55,INSERCION STENT ARTERIAL NO CORONARIO CON LIBERACION MEDICAMENTO,"00 PROCEDIMIENTOS E INTERVENCIONES, NO CLASIFICADOS BAJO OTROS  CONCEPTOS",00. (00 00) PROCEDIMIENTOS E INTERVENCIONES NO CLASIFICADOS BAJO OTROS CONCEPTOS,00. (00 00) PROCEDIMIENTOS E INTERVENCIONES NO CLASIFICADOS BAJO OTROS CONCEPTOS
00.56,INSERCION SENSOR MONITORIZACION HEMODINAMICA INTRACARDIACA,"00 PROCEDIMIENTOS E INTERVENCIONES, NO CLASIFICADOS BAJO OTROS  CONCEPTOS",00. (00 00) PROCEDIMIENTOS E INTERVENCIONES NO CLASIFICADOS BAJO OTROS CONCEPTOS,00. (00 00) PROCEDIMIENTOS E INTERVENCIONES NO CLASIFICADOS BAJO OTROS CONCEPTOS
00.57,INSERCION DISPOSITIVO MONITORIZACION HEMODINAMICA INTRACARDIACA,"00 PROCEDIMIENTOS E INTERVENCIONES, NO CLASIFICADOS BAJO OTROS  CONCEPTOS",00. (00 00) PROCEDIMIENTOS E INTERVENCIONES NO CLASIFICADOS BAJO OTROS CONCEPTOS,00. (00 00) PROCEDIMIENTOS E INTERVENCIONES NO CLASIFICADOS BAJO OTROS CONCEPTOS
00.58,INSERCION DISPOSITIVO MEDIDA PRESION SACO INTRAANEURISMATICO,"00 PROCEDIMIENTOS E INTERVENCIONES, NO CLASIFICADOS BAJO OTROS  CONCEPTOS",00. (00 00) PROCEDIMIENTOS E INTERVENCIONES NO CLASIFICADOS BAJO OTROS CONCEPTOS,00. (00 00) PROCEDIMIENTOS E INTERVENCIONES NO CLASIFICADOS BAJO OTROS CONCEPTOS
00.59,MEDIDA PRESION INTRAVASCULAR ARTERIA CORONARIA,"00 PROCEDIMIENTOS E INTERVENCIONES, NO CLASIFICADOS BAJO OTROS  CONCEPTOS",00. (00 00) PROCEDIMIENTOS E INTERVENCIONES NO CLASIFICADOS BAJO OTROS CONCEPTOS,00. (00 00) PROCEDIMIENTOS E INTERVENCIONES NO CLASIFICADOS BAJO OTROS CONCEPTOS
00.6,PROCEDIMIENTO VASO SANGUINEO,"00 PROCEDIMIENTOS E INTERVENCIONES, NO CLASIFICADOS BAJO OTROS  CONCEPTOS",00. (00 00) PROCEDIMIENTOS E INTERVENCIONES NO CLASIFICADOS BAJO OTROS CONCEPTOS,00. (00 00) PROCEDIMIENTOS E INTERVENCIONES NO CLASIFICADOS BAJO OTROS CONCEPTOS
00.60,INSERCION STENT/S LIBERADOR FARMACO ARTERIA FEMORAL SUPERFICIAL,"00 PROCEDIMIENTOS E INTERVENCIONES, NO CLASIFICADOS BAJO OTROS  CONCEPTOS",00. (00 00) PROCEDIMIENTOS E INTERVENCIONES NO CLASIFICADOS BAJO OTROS CONCEPTOS,00. (00 00) PROCEDIMIENTOS E INTERVENCIONES NO CLASIFICADOS BAJO OTROS CONCEPTOS
00.61,ANGIOPLASTIA PERCUTANEA PRECEREBRAL,"00 PROCEDIMIENTOS E INTERVENCIONES, NO CLASIFICADOS BAJO OTROS  CONCEPTOS",00. (00 00) PROCEDIMIENTOS E INTERVENCIONES NO CLASIFICADOS BAJO OTROS CONCEPTOS,00. (00 00) PROCEDIMIENTOS E INTERVENCIONES NO CLASIFICADOS BAJO OTROS CONCEPTOS
00.62,ANGIOPLASTIA PERCUTANEA INTRACRANEAL,"00 PROCEDIMIENTOS E INTERVENCIONES, NO CLASIFICADOS BAJO OTROS  CONCEPTOS",00. (00 00) PROCEDIMIENTOS E INTERVENCIONES NO CLASIFICADOS BAJO OTROS CONCEPTOS,00. (00 00) PROCEDIMIENTOS E INTERVENCIONES NO CLASIFICADOS BAJO OTROS CONCEPTOS
00.63,INSERCION PERCUTANEA ENDOPROTESIS ARTERIA CAROTIDA,"00 PROCEDIMIENTOS E INTERVENCIONES, NO CLASIFICADOS BAJO OTROS  CONCEPTOS",00. (00 00) PROCEDIMIENTOS E INTERVENCIONES NO CLASIFICADOS BAJO OTROS CONCEPTOS,00. (00 00) PROCEDIMIENTOS E INTERVENCIONES NO CLASIFICADOS BAJO OTROS CONCEPTOS
00.64,INSERCION PERCUTANEA ENDOPROTESIS ARTERIA PRECEREBRAL OTRA,"00 PROCEDIMIENTOS E INTERVENCIONES, NO CLASIFICADOS BAJO OTROS  CONCEPTOS",00. (00 00) PROCEDIMIENTOS E INTERVENCIONES NO CLASIFICADOS BAJO OTROS CONCEPTOS,00. (00 00) PROCEDIMIENTOS E INTERVENCIONES NO CLASIFICADOS BAJO OTROS CONCEPTOS
00.65,INSERCION PERCUTANEA ENDOPROTESIS INTRACRANEAL,"00 PROCEDIMIENTOS E INTERVENCIONES, NO CLASIFICADOS BAJO OTROS  CONCEPTOS",00. (00 00) PROCEDIMIENTOS E INTERVENCIONES NO CLASIFICADOS BAJO OTROS CONCEPTOS,00. (00 00) PROCEDIMIENTOS E INTERVENCIONES NO CLASIFICADOS BAJO OTROS CONCEPTOS
00.66,ANGIOPLASTIA CORONARIA TRANSLUMINAL PERCUTANEA (ACTP) O ATERECTOMIA,"00 PROCEDIMIENTOS E INTERVENCIONES, NO CLASIFICADOS BAJO OTROS  CONCEPTOS",00. (00 00) PROCEDIMIENTOS E INTERVENCIONES NO CLASIFICADOS BAJO OTROS CONCEPTOS,00. (00 00) PROCEDIMIENTOS E INTERVENCIONES NO CLASIFICADOS BAJO OTROS CONCEPTOS
00.67,MEDIDA PRESION INTRAVASCULAR ARTERIA INTRATORACCA,"00 PROCEDIMIENTOS E INTERVENCIONES, NO CLASIFICADOS BAJO OTROS  CONCEPTOS",00. (00 00) PROCEDIMIENTOS E INTERVENCIONES NO CLASIFICADOS BAJO OTROS CONCEPTOS,00. (00 00) PROCEDIMIENTOS E INTERVENCIONES NO CLASIFICADOS BAJO OTROS CONCEPTOS
00.68,MEDIDA PRESION INTRAVASCULAR ARTERIA PERIFERICA,"00 PROCEDIMIENTOS E INTERVENCIONES, NO CLASIFICADOS BAJO OTROS  CONCEPTOS",00. (00 00) PROCEDIMIENTOS E INTERVENCIONES NO CLASIFICADOS BAJO OTROS CONCEPTOS,00. (00 00) PROCEDIMIENTOS E INTERVENCIONES NO CLASIFICADOS BAJO OTROS CONCEPTOS
00.69,MEDIDA PRESION INTRAVASCULAR VASO ESPECIFICADO OTRO Y NEOM,"00 PROCEDIMIENTOS E INTERVENCIONES, NO CLASIFICADOS BAJO OTROS  CONCEPTOS",00. (00 00) PROCEDIMIENTOS E INTERVENCIONES NO CLASIFICADOS BAJO OTROS CONCEPTOS,00. (00 00) PROCEDIMIENTOS E INTERVENCIONES NO CLASIFICADOS BAJO OTROS CONCEPTOS
00.7,PROCEDIMIENTO CADERA OTRO,"00 PROCEDIMIENTOS E INTERVENCIONES, NO CLASIFICADOS BAJO OTROS  CONCEPTOS",00. (00 00) PROCEDIMIENTOS E INTERVENCIONES NO CLASIFICADOS BAJO OTROS CONCEPTOS,00. (00 00) PROCEDIMIENTOS E INTERVENCIONES NO CLASIFICADOS BAJO OTROS CONCEPTOS
00.70,REVISION SUSTITUCION CADERA.COMPONENTE ACETABULAR Y FEMORAL,"00 PROCEDIMIENTOS E INTERVENCIONES, NO CLASIFICADOS BAJO OTROS  CONCEPTOS",00. (00 00) PROCEDIMIENTOS E INTERVENCIONES NO CLASIFICADOS BAJO OTROS CONCEPTOS,00. (00 00) PROCEDIMIENTOS E INTERVENCIONES NO CLASIFICADOS BAJO OTROS CONCEPTOS
00.71,REVISION SUSTITUCION CADERA.COMPONENTE ACETABULAR,"00 PROCEDIMIENTOS E INTERVENCIONES, NO CLASIFICADOS BAJO OTROS  CONCEPTOS",00. (00 00) PROCEDIMIENTOS E INTERVENCIONES NO CLASIFICADOS BAJO OTROS CONCEPTOS,00. (00 00) PROCEDIMIENTOS E INTERVENCIONES NO CLASIFICADOS BAJO OTROS CONCEPTOS
00.72,REVISION SUSTITUCION CADERA.COMPONENTE FEMORAL,"00 PROCEDIMIENTOS E INTERVENCIONES, NO CLASIFICADOS BAJO OTROS  CONCEPTOS",00. (00 00) PROCEDIMIENTOS E INTERVENCIONES NO CLASIFICADOS BAJO OTROS CONCEPTOS,00. (00 00) PROCEDIMIENTOS E INTERVENCIONES NO CLASIFICADOS BAJO OTROS CONCEPTOS
00.73,REVISION SUSTITUCION CADERA.COPA ACETABULAR Y/O CABEZA FEMORAL,"00 PROCEDIMIENTOS E INTERVENCIONES, NO CLASIFICADOS BAJO OTROS  CONCEPTOS",00. (00 00) PROCEDIMIENTOS E INTERVENCIONES NO CLASIFICADOS BAJO OTROS CONCEPTOS,00. (00 00) PROCEDIMIENTOS E INTERVENCIONES NO CLASIFICADOS BAJO OTROS CONCEPTOS
00.74,REVISION SUSTITUCION CADERA.SUPERFICIE ARTICULAR METAL EN POLIETILENO,"00 PROCEDIMIENTOS E INTERVENCIONES, NO CLASIFICADOS BAJO OTROS  CONCEPTOS",00. (00 00) PROCEDIMIENTOS E INTERVENCIONES NO CLASIFICADOS BAJO OTROS CONCEPTOS,00. (00 00) PROCEDIMIENTOS E INTERVENCIONES NO CLASIFICADOS BAJO OTROS CONCEPTOS
00.75,REVISION SUSTITUCION CADERA.SUPERFICIE ARTICULAR METAL EN METAL,"00 PROCEDIMIENTOS E INTERVENCIONES, NO CLASIFICADOS BAJO OTROS  CONCEPTOS",00. (00 00) PROCEDIMIENTOS E INTERVENCIONES NO CLASIFICADOS BAJO OTROS CONCEPTOS,00. (00 00) PROCEDIMIENTOS E INTERVENCIONES NO CLASIFICADOS BAJO OTROS CONCEPTOS
00.76,REVISION SUSTITUCION CADERA.SUPERFICIE ARTICULAR CERAMICA EN CERAMICA,"00 PROCEDIMIENTOS E INTERVENCIONES, NO CLASIFICADOS BAJO OTROS  CONCEPTOS",00. (00 00) PROCEDIMIENTOS E INTERVENCIONES NO CLASIFICADOS BAJO OTROS CONCEPTOS,00. (00 00) PROCEDIMIENTOS E INTERVENCIONES NO CLASIFICADOS BAJO OTROS CONCEPTOS
00.77,REVISION SUSTITUCION CADERA.SUPERFICIE CERAMICA EN PIOLIETILENO,"00 PROCEDIMIENTOS E INTERVENCIONES, NO CLASIFICADOS BAJO OTROS  CONCEPTOS",00. (00 00) PROCEDIMIENTOS E INTERVENCIONES NO CLASIFICADOS BAJO OTROS CONCEPTOS,00. (00 00) PROCEDIMIENTOS E INTERVENCIONES NO CLASIFICADOS BAJO OTROS CONCEPTOS
00.8,PROCEDIMIENTO RODILLA Y CADERA OTRO,"00 PROCEDIMIENTOS E INTERVENCIONES, NO CLASIFICADOS BAJO OTROS  CONCEPTOS",00. (00 00) PROCEDIMIENTOS E INTERVENCIONES NO CLASIFICADOS BAJO OTROS CONCEPTOS,00. (00 00) PROCEDIMIENTOS E INTERVENCIONES NO CLASIFICADOS BAJO OTROS CONCEPTOS
00.80,REVISION SUSTITUCION RODILLA.TOTAL (TODOS LOS COMPONENTES),"00 PROCEDIMIENTOS E INTERVENCIONES, NO CLASIFICADOS BAJO OTROS  CONCEPTOS",00. (00 00) PROCEDIMIENTOS E INTERVENCIONES NO CLASIFICADOS BAJO OTROS CONCEPTOS,00. (00 00) PROCEDIMIENTOS E INTERVENCIONES NO CLASIFICADOS BAJO OTROS CONCEPTOS
00.81,REVISION SUSTITUCION RODILLA.COMPONENTE TIBIAL,"00 PROCEDIMIENTOS E INTERVENCIONES, NO CLASIFICADOS BAJO OTROS  CONCEPTOS",00. (00 00) PROCEDIMIENTOS E INTERVENCIONES NO CLASIFICADOS BAJO OTROS CONCEPTOS,00. (00 00) PROCEDIMIENTOS E INTERVENCIONES NO CLASIFICADOS BAJO OTROS CONCEPTOS
00.82,REVISION SUSTITUCION RODILLA.COMPONENTE FEMORAL,"00 PROCEDIMIENTOS E INTERVENCIONES, NO CLASIFICADOS BAJO OTROS  CONCEPTOS",00. (00 00) PROCEDIMIENTOS E INTERVENCIONES NO CLASIFICADOS BAJO OTROS CONCEPTOS,00. (00 00) PROCEDIMIENTOS E INTERVENCIONES NO CLASIFICADOS BAJO OTROS CONCEPTOS
00.83,REVISION SUSTITUCION RODILLA.COMPONENTE PATELAR,"00 PROCEDIMIENTOS E INTERVENCIONES, NO CLASIFICADOS BAJO OTROS  CONCEPTOS",00. (00 00) PROCEDIMIENTOS E INTERVENCIONES NO CLASIFICADOS BAJO OTROS CONCEPTOS,00. (00 00) PROCEDIMIENTOS E INTERVENCIONES NO CLASIFICADOS BAJO OTROS CONCEPTOS
00.84,REVISION SUSTITUCION RODILLA.INSERCIO TIBIAL (SUPERFICE ARTICULAR),"00 PROCEDIMIENTOS E INTERVENCIONES, NO CLASIFICADOS BAJO OTROS  CONCEPTOS",00. (00 00) PROCEDIMIENTOS E INTERVENCIONES NO CLASIFICADOS BAJO OTROS CONCEPTOS,00. (00 00) PROCEDIMIENTOS E INTERVENCIONES NO CLASIFICADOS BAJO OTROS CONCEPTOS
00.85,SUSTITUCION SUPERFICIE CADERA.TOTAL.ACETABULO Y CABEZA FEMORAL,"00 PROCEDIMIENTOS E INTERVENCIONES, NO CLASIFICADOS BAJO OTROS  CONCEPTOS",00. (00 00) PROCEDIMIENTOS E INTERVENCIONES NO CLASIFICADOS BAJO OTROS CONCEPTOS,00. (00 00) PROCEDIMIENTOS E INTERVENCIONES NO CLASIFICADOS BAJO OTROS CONCEPTOS
00.86,SUSTITUCION SUPERFICIE CADERA.PARCIAL.CABEZA FEMORAL,"00 PROCEDIMIENTOS E INTERVENCIONES, NO CLASIFICADOS BAJO OTROS  CONCEPTOS",00. (00 00) PROCEDIMIENTOS E INTERVENCIONES NO CLASIFICADOS BAJO OTROS CONCEPTOS,00. (00 00) PROCEDIMIENTOS E INTERVENCIONES NO CLASIFICADOS BAJO OTROS CONCEPTOS
00.87,SUSTITUCION SUPERFICIE CADERA.PARCIAL.ACETABULO,"00 PROCEDIMIENTOS E INTERVENCIONES, NO CLASIFICADOS BAJO OTROS  CONCEPTOS",00. (00 00) PROCEDIMIENTOS E INTERVENCIONES NO CLASIFICADOS BAJO OTROS CONCEPTOS,00. (00 00) PROCEDIMIENTOS E INTERVENCIONES NO CLASIFICADOS BAJO OTROS CONCEPTOS
00.9,PROCEDIMIENTO E INTERVENCION OTRO,"00 PROCEDIMIENTOS E INTERVENCIONES, NO CLASIFICADOS BAJO OTROS  CONCEPTOS",00. (00 00) PROCEDIMIENTOS E INTERVENCIONES NO CLASIFICADOS BAJO OTROS CONCEPTOS,00. (00 00) PROCEDIMIENTOS E INTERVENCIONES NO CLASIFICADOS BAJO OTROS CONCEPTOS
00.91,TRASPLANTE PROCEDENTE DONANTE VIVO RELACIONADO,"00 PROCEDIMIENTOS E INTERVENCIONES, NO CLASIFICADOS BAJO OTROS  CONCEPTOS",00. (00 00) PROCEDIMIENTOS E INTERVENCIONES NO CLASIFICADOS BAJO OTROS CONCEPTOS,00. (00 00) PROCEDIMIENTOS E INTERVENCIONES NO CLASIFICADOS BAJO OTROS CONCEPTOS
00.92,TRASPLANTE PROCEDENTE DONANTE VIVO NO RELACIONADO,"00 PROCEDIMIENTOS E INTERVENCIONES, NO CLASIFICADOS BAJO OTROS  CONCEPTOS",00. (00 00) PROCEDIMIENTOS E INTERVENCIONES NO CLASIFICADOS BAJO OTROS CONCEPTOS,00. (00 00) PROCEDIMIENTOS E INTERVENCIONES NO CLASIFICADOS BAJO OTROS CONCEPTOS
00.93,TRASPLANTE PROCEDENTE CADAVER,"00 PROCEDIMIENTOS E INTERVENCIONES, NO CLASIFICADOS BAJO OTROS  CONCEPTOS",00. (00 00) PROCEDIMIENTOS E INTERVENCIONES NO CLASIFICADOS BAJO OTROS CONCEPTOS,00. (00 00) PROCEDIMIENTOS E INTERVENCIONES NO CLASIFICADOS BAJO OTROS CONCEPTOS
00.94,MONITORIZACION NEUROFISIOLOGICA INTRAOPERATORIA,"00 PROCEDIMIENTOS E INTERVENCIONES, NO CLASIFICADOS BAJO OTROS  CONCEPTOS",00. (00 00) PROCEDIMIENTOS E INTERVENCIONES NO CLASIFICADOS BAJO OTROS CONCEPTOS,00. (00 00) PROCEDIMIENTOS E INTERVENCIONES NO CLASIFICADOS BAJO OTROS CONCEPTOS
00.95,INYECCION O INFUSION GLUCARPIDASA,"00 PROCEDIMIENTOS E INTERVENCIONES, NO CLASIFICADOS BAJO OTROS  CONCEPTOS",00. (00 00) PROCEDIMIENTOS E INTERVENCIONES NO CLASIFICADOS BAJO OTROS CONCEPTOS,01. (01 05) OPERACIONES SOBRE EL SISTEMA NERVIOSO
01,"INCISION CRANEO,CEREBRO Y MENINGE CEREBRAL","01 INCISION Y EXCISION DE CRANEO,CEREBRO Y MENINGES CEREBRALES",01. (01 05) OPERACIONES SOBRE EL SISTEMA NERVIOSO,01. (01 05) OPERACIONES SOBRE EL SISTEMA NERVIOSO
01.0,PUNCION CRANEO,"01 INCISION Y EXCISION DE CRANEO,CEREBRO Y MENINGES CEREBRALES",01. (01 05) OPERACIONES SOBRE EL SISTEMA NERVIOSO,01. (01 05) OPERACIONES SOBRE EL SISTEMA NERVIOSO
01.01,PUNCION CISTERNA CEREBRO,"01 INCISION Y EXCISION DE CRANEO,CEREBRO Y MENINGES CEREBRALES",01. (01 05) OPERACIONES SOBRE EL SISTEMA NERVIOSO,01. (01 05) OPERACIONES SOBRE EL SISTEMA NERVIOSO
01.02,PUNCION VENTRICULO CEREBRO POR CATETER IMPLANTADO,"01 INCISION Y EXCISION DE CRANEO,CEREBRO Y MENINGES CEREBRALES",01. (01 05) OPERACIONES SOBRE EL SISTEMA NERVIOSO,01. (01 05) OPERACIONES SOBRE EL SISTEMA NERVIOSO
01.09,PUNCION CRANEO.OTRA,"01 INCISION Y EXCISION DE CRANEO,CEREBRO Y MENINGES CEREBRALES",01. (01 05) OPERACIONES SOBRE EL SISTEMA NERVIOSO,01. (01 05) OPERACIONES SOBRE EL SISTEMA NERVIOSO
01.1,"PROCEDIMIENTO DIAGNOSTICO CRANEO,CEREBRO Y MENINGE","01 INCISION Y EXCISION DE CRANEO,CEREBRO Y MENINGES CEREBRALES",01. (01 05) OPERACIONES SOBRE EL SISTEMA NERVIOSO,01. (01 05) OPERACIONES SOBRE EL SISTEMA NERVIOSO
01.10,MONITORIZACION PRESION INTRACRANEAL,"01 INCISION Y EXCISION DE CRANEO,CEREBRO Y MENINGES CEREBRALES",01. (01 05) OPERACIONES SOBRE EL SISTEMA NERVIOSO,01. (01 05) OPERACIONES SOBRE EL SISTEMA NERVIOSO
01.11,BIOPSIA MENINGE CEREBRO CERRADA [PERCUTANEA],"01 INCISION Y EXCISION DE CRANEO,CEREBRO Y MENINGES CEREBRALES",01. (01 05) OPERACIONES SOBRE EL SISTEMA NERVIOSO,01. (01 05) OPERACIONES SOBRE EL SISTEMA NERVIOSO
01.12,BIOPSIA MENINGE CEREBRO ABIERTA,"01 INCISION Y EXCISION DE CRANEO,CEREBRO Y MENINGES CEREBRALES",01. (01 05) OPERACIONES SOBRE EL SISTEMA NERVIOSO,01. (01 05) OPERACIONES SOBRE EL SISTEMA NERVIOSO
01.13,BIOPSIA CEREBRO CERRADA [PERCUTANEA],"01 INCISION Y EXCISION DE CRANEO,CEREBRO Y MENINGES CEREBRALES",01. (01 05) OPERACIONES SOBRE EL SISTEMA NERVIOSO,01. (01 05) OPERACIONES SOBRE EL SISTEMA NERVIOSO
01.14,BIOPSIA CEREBRO ABIERTA,"01 INCISION Y EXCISION DE CRANEO,CEREBRO Y MENINGES CEREBRALES",01. (01 05) OPERACIONES SOBRE EL SISTEMA NERVIOSO,01. (01 05) OPERACIONES SOBRE EL SISTEMA NERVIOSO
01.15,BIOPSIA CRANEO,"01 INCISION Y EXCISION DE CRANEO,CEREBRO Y MENINGES CEREBRALES",01. (01 05) OPERACIONES SOBRE EL SISTEMA NERVIOSO,01. (01 05) OPERACIONES SOBRE EL SISTEMA NERVIOSO
01.16,MONITORIZACION OXIGENO INTRACRANEAL,"01 INCISION Y EXCISION DE CRANEO,CEREBRO Y MENINGES CEREBRALES",01. (01 05) OPERACIONES SOBRE EL SISTEMA NERVIOSO,01. (01 05) OPERACIONES SOBRE EL SISTEMA NERVIOSO
01.17,MONITORIZACION TEMPERATURA INTRACRANEAL,"01 INCISION Y EXCISION DE CRANEO,CEREBRO Y MENINGES CEREBRALES",01. (01 05) OPERACIONES SOBRE EL SISTEMA NERVIOSO,01. (01 05) OPERACIONES SOBRE EL SISTEMA NERVIOSO
01.18,PROCEDIMIENTO DIAGNOSTICO CEREBRO Y MENINGE CEREBRO OTRO,"01 INCISION Y EXCISION DE CRANEO,CEREBRO Y MENINGES CEREBRALES",01. (01 05) OPERACIONES SOBRE EL SISTEMA NERVIOSO,01. (01 05) OPERACIONES SOBRE EL SISTEMA NERVIOSO
01.19,PROCEDIMIENTO DIAGNOSTICO CRANEO OTRO,"01 INCISION Y EXCISION DE CRANEO,CEREBRO Y MENINGES CEREBRALES",01. (01 05) OPERACIONES SOBRE EL SISTEMA NERVIOSO,01. (01 05) OPERACIONES SOBRE EL SISTEMA NERVIOSO
01.2,CRANEOTOMIA Y CRANIECTOMIA,"01 INCISION Y EXCISION DE CRANEO,CEREBRO Y MENINGES CEREBRALES",01. (01 05) OPERACIONES SOBRE EL SISTEMA NERVIOSO,01. (01 05) OPERACIONES SOBRE EL SISTEMA NERVIOSO
01.20,IMPLANTACION O SUSTITUCION GENERADOR PULSO NEUROESTIMULADOR CRANEAL,"01 INCISION Y EXCISION DE CRANEO,CEREBRO Y MENINGES CEREBRALES",01. (01 05) OPERACIONES SOBRE EL SISTEMA NERVIOSO,01. (01 05) OPERACIONES SOBRE EL SISTEMA NERVIOSO
01.21,INCISION SENO CRANEAL Y DRENAJE,"01 INCISION Y EXCISION DE CRANEO,CEREBRO Y MENINGES CEREBRALES",01. (01 05) OPERACIONES SOBRE EL SISTEMA NERVIOSO,01. (01 05) OPERACIONES SOBRE EL SISTEMA NERVIOSO
01.22,EXTRACCION NEUROESTIMULADOR INTRACRANEAL,"01 INCISION Y EXCISION DE CRANEO,CEREBRO Y MENINGES CEREBRALES",01. (01 05) OPERACIONES SOBRE EL SISTEMA NERVIOSO,01. (01 05) OPERACIONES SOBRE EL SISTEMA NERVIOSO
01.23,REAPERTURA CRANEOTOMIA,"01 INCISION Y EXCISION DE CRANEO,CEREBRO Y MENINGES CEREBRALES",01. (01 05) OPERACIONES SOBRE EL SISTEMA NERVIOSO,01. (01 05) OPERACIONES SOBRE EL SISTEMA NERVIOSO
01.24,CRANEOTOMIA OTRA,"01 INCISION Y EXCISION DE CRANEO,CEREBRO Y MENINGES CEREBRALES",01. (01 05) OPERACIONES SOBRE EL SISTEMA NERVIOSO,01. (01 05) OPERACIONES SOBRE EL SISTEMA NERVIOSO
01.25,CRANIECTOMIA OTRA,"01 INCISION Y EXCISION DE CRANEO,CEREBRO Y MENINGES CEREBRALES",01. (01 05) OPERACIONES SOBRE EL SISTEMA NERVIOSO,01. (01 05) OPERACIONES SOBRE EL SISTEMA NERVIOSO
01.26,INSERCION CATETER CAVIDA CRANEAL,"01 INCISION Y EXCISION DE CRANEO,CEREBRO Y MENINGES CEREBRALES",01. (01 05) OPERACIONES SOBRE EL SISTEMA NERVIOSO,01. (01 05) OPERACIONES SOBRE EL SISTEMA NERVIOSO
01.27,RETIRADA CATETER CAVIDAD CRANEAL,"01 INCISION Y EXCISION DE CRANEO,CEREBRO Y MENINGES CEREBRALES",01. (01 05) OPERACIONES SOBRE EL SISTEMA NERVIOSO,01. (01 05) OPERACIONES SOBRE EL SISTEMA NERVIOSO
01.28,COLOCACION CATETER INTRACEREBRAL POR AGUJERO TREPANACION,"01 INCISION Y EXCISION DE CRANEO,CEREBRO Y MENINGES CEREBRALES",01. (01 05) OPERACIONES SOBRE EL SISTEMA NERVIOSO,01. (01 05) OPERACIONES SOBRE EL SISTEMA NERVIOSO
01.29,EXTRACCION GENERADOR PULSO NEUROESTIMULADOR CRANEAL,"01 INCISION Y EXCISION DE CRANEO,CEREBRO Y MENINGES CEREBRALES",01. (01 05) OPERACIONES SOBRE EL SISTEMA NERVIOSO,01. (01 05) OPERACIONES SOBRE EL SISTEMA NERVIOSO
01.3,INCISION CEREBRO Y MENINGE CEREBRO,"01 INCISION Y EXCISION DE CRANEO,CEREBRO Y MENINGES CEREBRALES",01. (01 05) OPERACIONES SOBRE EL SISTEMA NERVIOSO,01. (01 05) OPERACIONES SOBRE EL SISTEMA NERVIOSO
01.31,INCISION MENINGE CEREBRO,"01 INCISION Y EXCISION DE CRANEO,CEREBRO Y MENINGES CEREBRALES",01. (01 05) OPERACIONES SOBRE EL SISTEMA NERVIOSO,01. (01 05) OPERACIONES SOBRE EL SISTEMA NERVIOSO
01.32,LOBOTOMIA Y TRACTOTOMIA,"01 INCISION Y EXCISION DE CRANEO,CEREBRO Y MENINGES CEREBRALES",01. (01 05) OPERACIONES SOBRE EL SISTEMA NERVIOSO,01. (01 05) OPERACIONES SOBRE EL SISTEMA NERVIOSO
01.39,INCISION CEREBRO OTRA,"01 INCISION Y EXCISION DE CRANEO,CEREBRO Y MENINGES CEREBRALES",01. (01 05) OPERACIONES SOBRE EL SISTEMA NERVIOSO,01. (01 05) OPERACIONES SOBRE EL SISTEMA NERVIOSO
01.4,OPERACION TALAMO Y GLOBO PALIDO,"01 INCISION Y EXCISION DE CRANEO,CEREBRO Y MENINGES CEREBRALES",01. (01 05) OPERACIONES SOBRE EL SISTEMA NERVIOSO,01. (01 05) OPERACIONES SOBRE EL SISTEMA NERVIOSO
01.41,OPERACION TALAMO,"01 INCISION Y EXCISION DE CRANEO,CEREBRO Y MENINGES CEREBRALES",01. (01 05) OPERACIONES SOBRE EL SISTEMA NERVIOSO,01. (01 05) OPERACIONES SOBRE EL SISTEMA NERVIOSO
01.42,OPERACION GLOBO PALIDO,"01 INCISION Y EXCISION DE CRANEO,CEREBRO Y MENINGES CEREBRALES",01. (01 05) OPERACIONES SOBRE EL SISTEMA NERVIOSO,01. (01 05) OPERACIONES SOBRE EL SISTEMA NERVIOSO
01.5,ESCISION CEREBRO Y MENINGE CEREBRO LOCAL OTRA,"01 INCISION Y EXCISION DE CRANEO,CEREBRO Y MENINGES CEREBRALES",01. (01 05) OPERACIONES SOBRE EL SISTEMA NERVIOSO,01. (01 05) OPERACIONES SOBRE EL SISTEMA NERVIOSO
01.51,ESCISION MENINGE CEREBRO LOCAL,"01 INCISION Y EXCISION DE CRANEO,CEREBRO Y MENINGES CEREBRALES",01. (01 05) OPERACIONES SOBRE EL SISTEMA NERVIOSO,01. (01 05) OPERACIONES SOBRE EL SISTEMA NERVIOSO
01.52,HEMIESFERECTOMIA,"01 INCISION Y EXCISION DE CRANEO,CEREBRO Y MENINGES CEREBRALES",01. (01 05) OPERACIONES SOBRE EL SISTEMA NERVIOSO,01. (01 05) OPERACIONES SOBRE EL SISTEMA NERVIOSO
01.53,LOBECTOMIA CEREBRO,"01 INCISION Y EXCISION DE CRANEO,CEREBRO Y MENINGES CEREBRALES",01. (01 05) OPERACIONES SOBRE EL SISTEMA NERVIOSO,01. (01 05) OPERACIONES SOBRE EL SISTEMA NERVIOSO
01.59,ESCISION CEREBRO LOCAL OTRA,"01 INCISION Y EXCISION DE CRANEO,CEREBRO Y MENINGES CEREBRALES",01. (01 05) OPERACIONES SOBRE EL SISTEMA NERVIOSO,01. (01 05) OPERACIONES SOBRE EL SISTEMA NERVIOSO
01.6,ESCISION CRANEO LOCAL,"01 INCISION Y EXCISION DE CRANEO,CEREBRO Y MENINGES CEREBRALES",01. (01 05) OPERACIONES SOBRE EL SISTEMA NERVIOSO,01. (01 05) OPERACIONES SOBRE EL SISTEMA NERVIOSO
02,"OPERACION CRANEO,CEREBRO Y MENINGE OTRA","02 OTRAS OPERACIONES EN CRANEO,CEREBRO Y MENINGES CEREBRALES",01. (01 05) OPERACIONES SOBRE EL SISTEMA NERVIOSO,01. (01 05) OPERACIONES SOBRE EL SISTEMA NERVIOSO
02.0,CRANEOPLASTIA,"02 OTRAS OPERACIONES EN CRANEO,CEREBRO Y MENINGES CEREBRALES",01. (01 05) OPERACIONES SOBRE EL SISTEMA NERVIOSO,01. (01 05) OPERACIONES SOBRE EL SISTEMA NERVIOSO
02.01,APERTURA SUTURA CRANEO,"02 OTRAS OPERACIONES EN CRANEO,CEREBRO Y MENINGES CEREBRALES",01. (01 05) OPERACIONES SOBRE EL SISTEMA NERVIOSO,01. (01 05) OPERACIONES SOBRE EL SISTEMA NERVIOSO
02.02,ELEVACION FRAGMENTO FRACTURA CRANEO,"02 OTRAS OPERACIONES EN CRANEO,CEREBRO Y MENINGES CEREBRALES",01. (01 05) OPERACIONES SOBRE EL SISTEMA NERVIOSO,01. (01 05) OPERACIONES SOBRE EL SISTEMA NERVIOSO
02.03,FORMACION PLIEGUE HUESO CRANEO,"02 OTRAS OPERACIONES EN CRANEO,CEREBRO Y MENINGES CEREBRALES",01. (01 05) OPERACIONES SOBRE EL SISTEMA NERVIOSO,01. (01 05) OPERACIONES SOBRE EL SISTEMA NERVIOSO
02.04,INJERTO OSEO CRANEO,"02 OTRAS OPERACIONES EN CRANEO,CEREBRO Y MENINGES CEREBRALES",01. (01 05) OPERACIONES SOBRE EL SISTEMA NERVIOSO,01. (01 05) OPERACIONES SOBRE EL SISTEMA NERVIOSO
02.05,COLOCACION PLACA CRANEO,"02 OTRAS OPERACIONES EN CRANEO,CEREBRO Y MENINGES CEREBRALES",01. (01 05) OPERACIONES SOBRE EL SISTEMA NERVIOSO,01. (01 05) OPERACIONES SOBRE EL SISTEMA NERVIOSO
02.06,OSTEOPLASTIA CRANEO OTRA,"02 OTRAS OPERACIONES EN CRANEO,CEREBRO Y MENINGES CEREBRALES",01. (01 05) OPERACIONES SOBRE EL SISTEMA NERVIOSO,01. (01 05) OPERACIONES SOBRE EL SISTEMA NERVIOSO
02.07,EXTRACCION PLACA CRANEO,"02 OTRAS OPERACIONES EN CRANEO,CEREBRO Y MENINGES CEREBRALES",01. (01 05) OPERACIONES SOBRE EL SISTEMA NERVIOSO,01. (01 05) OPERACIONES SOBRE EL SISTEMA NERVIOSO
02.1,REPARACION MENINGE CEREBRO,"02 OTRAS OPERACIONES EN CRANEO,CEREBRO Y MENINGES CEREBRALES",01. (01 05) OPERACIONES SOBRE EL SISTEMA NERVIOSO,01. (01 05) OPERACIONES SOBRE EL SISTEMA NERVIOSO
02.11,SUTURA DURAMADRE CEREBRO,"02 OTRAS OPERACIONES EN CRANEO,CEREBRO Y MENINGES CEREBRALES",01. (01 05) OPERACIONES SOBRE EL SISTEMA NERVIOSO,01. (01 05) OPERACIONES SOBRE EL SISTEMA NERVIOSO
02.12,REPARACION MENINGE CEREBRO OTRA,"02 OTRAS OPERACIONES EN CRANEO,CEREBRO Y MENINGES CEREBRALES",01. (01 05) OPERACIONES SOBRE EL SISTEMA NERVIOSO,01. (01 05) OPERACIONES SOBRE EL SISTEMA NERVIOSO
02.13,LIGADURA VASO MENINGE,"02 OTRAS OPERACIONES EN CRANEO,CEREBRO Y MENINGES CEREBRALES",01. (01 05) OPERACIONES SOBRE EL SISTEMA NERVIOSO,01. (01 05) OPERACIONES SOBRE EL SISTEMA NERVIOSO
02.14,PLEXECTOMIA COROIDES,"02 OTRAS OPERACIONES EN CRANEO,CEREBRO Y MENINGES CEREBRALES",01. (01 05) OPERACIONES SOBRE EL SISTEMA NERVIOSO,01. (01 05) OPERACIONES SOBRE EL SISTEMA NERVIOSO
02.2,VENTRICULOSTOMIA,"02 OTRAS OPERACIONES EN CRANEO,CEREBRO Y MENINGES CEREBRALES",01. (01 05) OPERACIONES SOBRE EL SISTEMA NERVIOSO,01. (01 05) OPERACIONES SOBRE EL SISTEMA NERVIOSO
02.21,INSERCION O SUSTITUCION DRENAJE VENTRICULAR EXTERNO,"02 OTRAS OPERACIONES EN CRANEO,CEREBRO Y MENINGES CEREBRALES",01. (01 05) OPERACIONES SOBRE EL SISTEMA NERVIOSO,01. (01 05) OPERACIONES SOBRE EL SISTEMA NERVIOSO
02.22,DERIVACION O ANASTOMOSIS VENTRICULAR INTRACRANEAL,"02 OTRAS OPERACIONES EN CRANEO,CEREBRO Y MENINGES CEREBRALES",01. (01 05) OPERACIONES SOBRE EL SISTEMA NERVIOSO,01. (01 05) OPERACIONES SOBRE EL SISTEMA NERVIOSO
02.3,DERIVACION VENTRICULO CEREBRO EXTRACRANEAL,"02 OTRAS OPERACIONES EN CRANEO,CEREBRO Y MENINGES CEREBRALES",01. (01 05) OPERACIONES SOBRE EL SISTEMA NERVIOSO,01. (01 05) OPERACIONES SOBRE EL SISTEMA NERVIOSO
02.31,DERIVACION VENTRICULO CEREBRO A CABEZA Y CUELLO,"02 OTRAS OPERACIONES EN CRANEO,CEREBRO Y MENINGES CEREBRALES",01. (01 05) OPERACIONES SOBRE EL SISTEMA NERVIOSO,01. (01 05) OPERACIONES SOBRE EL SISTEMA NERVIOSO
02.32,DERIVACION VENTRICULO CEREBRO A APARATO CIRCULATORIO,"02 OTRAS OPERACIONES EN CRANEO,CEREBRO Y MENINGES CEREBRALES",01. (01 05) OPERACIONES SOBRE EL SISTEMA NERVIOSO,01. (01 05) OPERACIONES SOBRE EL SISTEMA NERVIOSO
02.33,DERIVACION VENTRICULO CEREBRO A CAVIDAD TORAX,"02 OTRAS OPERACIONES EN CRANEO,CEREBRO Y MENINGES CEREBRALES",01. (01 05) OPERACIONES SOBRE EL SISTEMA NERVIOSO,01. (01 05) OPERACIONES SOBRE EL SISTEMA NERVIOSO
02.34,DERIVACION VENTRICULO CEREBRO A CAVIDAD ABDOMEN,"02 OTRAS OPERACIONES EN CRANEO,CEREBRO Y MENINGES CEREBRALES",01. (01 05) OPERACIONES SOBRE EL SISTEMA NERVIOSO,01. (01 05) OPERACIONES SOBRE EL SISTEMA NERVIOSO
02.35,DERIVACION VENTRICULO CEREBRO A APARATO URINARIO,"02 OTRAS OPERACIONES EN CRANEO,CEREBRO Y MENINGES CEREBRALES",01. (01 05) OPERACIONES SOBRE EL SISTEMA NERVIOSO,01. (01 05) OPERACIONES SOBRE EL SISTEMA NERVIOSO
02.39,DERIVACION VENTRICULO CEREBRO EXTRACRANEAL.OTRA,"02 OTRAS OPERACIONES EN CRANEO,CEREBRO Y MENINGES CEREBRALES",01. (01 05) OPERACIONES SOBRE EL SISTEMA NERVIOSO,01. (01 05) OPERACIONES SOBRE EL SISTEMA NERVIOSO
02.4,REVISION Y EXTRACCION DERIVACION VENTRICULO CEREBRO,"02 OTRAS OPERACIONES EN CRANEO,CEREBRO Y MENINGES CEREBRALES",01. (01 05) OPERACIONES SOBRE EL SISTEMA NERVIOSO,01. (01 05) OPERACIONES SOBRE EL SISTEMA NERVIOSO
02.41,IRRIGACION DERIVACION VENTRICULO CEREBRO,"02 OTRAS OPERACIONES EN CRANEO,CEREBRO Y MENINGES CEREBRALES",01. (01 05) OPERACIONES SOBRE EL SISTEMA NERVIOSO,01. (01 05) OPERACIONES SOBRE EL SISTEMA NERVIOSO
02.42,SUSTITUCION DERIVACION VENTRICULO CEREBRO,"02 OTRAS OPERACIONES EN CRANEO,CEREBRO Y MENINGES CEREBRALES",01. (01 05) OPERACIONES SOBRE EL SISTEMA NERVIOSO,01. (01 05) OPERACIONES SOBRE EL SISTEMA NERVIOSO
02.43,EXTRACCION DERIVACION VENTRICULO CEREBRO,"02 OTRAS OPERACIONES EN CRANEO,CEREBRO Y MENINGES CEREBRALES",01. (01 05) OPERACIONES SOBRE EL SISTEMA NERVIOSO,01. (01 05) OPERACIONES SOBRE EL SISTEMA NERVIOSO
02.9,"OPERACION CRANEO,CEREBRO Y MENINGE CEREBRO OTRA","02 OTRAS OPERACIONES EN CRANEO,CEREBRO Y MENINGES CEREBRALES",01. (01 05) OPERACIONES SOBRE EL SISTEMA NERVIOSO,01. (01 05) OPERACIONES SOBRE EL SISTEMA NERVIOSO
02.91,LISIS ADHERENCIA CORTICAL CEREBRO,"02 OTRAS OPERACIONES EN CRANEO,CEREBRO Y MENINGES CEREBRALES",01. (01 05) OPERACIONES SOBRE EL SISTEMA NERVIOSO,01. (01 05) OPERACIONES SOBRE EL SISTEMA NERVIOSO
02.92,REPARACION CEREBRO,"02 OTRAS OPERACIONES EN CRANEO,CEREBRO Y MENINGES CEREBRALES",01. (01 05) OPERACIONES SOBRE EL SISTEMA NERVIOSO,01. (01 05) OPERACIONES SOBRE EL SISTEMA NERVIOSO
02.93,IMPLANTACION NEUROESTIMULADOR INTRACRANEAL,"02 OTRAS OPERACIONES EN CRANEO,CEREBRO Y MENINGES CEREBRALES",01. (01 05) OPERACIONES SOBRE EL SISTEMA NERVIOSO,01. (01 05) OPERACIONES SOBRE EL SISTEMA NERVIOSO
02.94,COLOCACION O SUSTITUCION COMPAS CRANEAL,"02 OTRAS OPERACIONES EN CRANEO,CEREBRO Y MENINGES CEREBRALES",01. (01 05) OPERACIONES SOBRE EL SISTEMA NERVIOSO,01. (01 05) OPERACIONES SOBRE EL SISTEMA NERVIOSO
02.95,EXTRACCION COMPAS CRANEAL,"02 OTRAS OPERACIONES EN CRANEO,CEREBRO Y MENINGES CEREBRALES",01. (01 05) OPERACIONES SOBRE EL SISTEMA NERVIOSO,01. (01 05) OPERACIONES SOBRE EL SISTEMA NERVIOSO
02.96,INSERCION ELECTRODO ESFENOIDAL,"02 OTRAS OPERACIONES EN CRANEO,CEREBRO Y MENINGES CEREBRALES",01. (01 05) OPERACIONES SOBRE EL SISTEMA NERVIOSO,01. (01 05) OPERACIONES SOBRE EL SISTEMA NERVIOSO
02.99,"OPERACION CRANEO,CEREBRO Y MENINGE CEREBRO.OTRA","02 OTRAS OPERACIONES EN CRANEO,CEREBRO Y MENINGES CEREBRALES",01. (01 05) OPERACIONES SOBRE EL SISTEMA NERVIOSO,01. (01 05) OPERACIONES SOBRE EL SISTEMA NERVIOSO
03,OPERACION MEDULA ESPINAL,03 OPERACIONES SOBRE MEDULA ESPINAL Y ESTRUCTURAS DE C. ESPINAL,01. (01 05) OPERACIONES SOBRE EL SISTEMA NERVIOSO,01. (01 05) OPERACIONES SOBRE EL SISTEMA NERVIOSO
03.0,DESCOMPRESION CANAL ESPINAL,03 OPERACIONES SOBRE MEDULA ESPINAL Y ESTRUCTURAS DE C. ESPINAL,01. (01 05) OPERACIONES SOBRE EL SISTEMA NERVIOSO,01. (01 05) OPERACIONES SOBRE EL SISTEMA NERVIOSO
03.01,EXTRACCION CUERPO EXTRAÑO CANAL ESPINAL,03 OPERACIONES SOBRE MEDULA ESPINAL Y ESTRUCTURAS DE C. ESPINAL,01. (01 05) OPERACIONES SOBRE EL SISTEMA NERVIOSO,01. (01 05) OPERACIONES SOBRE EL SISTEMA NERVIOSO
03.02,REAPERTURA LAMINECTOMIA,03 OPERACIONES SOBRE MEDULA ESPINAL Y ESTRUCTURAS DE C. ESPINAL,01. (01 05) OPERACIONES SOBRE EL SISTEMA NERVIOSO,01. (01 05) OPERACIONES SOBRE EL SISTEMA NERVIOSO
03.09,DESCOMPRESION CANAL ESPINAL.OTRA,03 OPERACIONES SOBRE MEDULA ESPINAL Y ESTRUCTURAS DE C. ESPINAL,01. (01 05) OPERACIONES SOBRE EL SISTEMA NERVIOSO,01. (01 05) OPERACIONES SOBRE EL SISTEMA NERVIOSO
03.1,DIVISION RAIZ NERVIO ESPINAL,03 OPERACIONES SOBRE MEDULA ESPINAL Y ESTRUCTURAS DE C. ESPINAL,01. (01 05) OPERACIONES SOBRE EL SISTEMA NERVIOSO,01. (01 05) OPERACIONES SOBRE EL SISTEMA NERVIOSO
03.2,CORDOTOMIA,03 OPERACIONES SOBRE MEDULA ESPINAL Y ESTRUCTURAS DE C. ESPINAL,01. (01 05) OPERACIONES SOBRE EL SISTEMA NERVIOSO,01. (01 05) OPERACIONES SOBRE EL SISTEMA NERVIOSO
03.21,CORDOTOMIA PERCUTANEA,03 OPERACIONES SOBRE MEDULA ESPINAL Y ESTRUCTURAS DE C. ESPINAL,01. (01 05) OPERACIONES SOBRE EL SISTEMA NERVIOSO,01. (01 05) OPERACIONES SOBRE EL SISTEMA NERVIOSO
03.29,CORDOTOMIA OTRA,03 OPERACIONES SOBRE MEDULA ESPINAL Y ESTRUCTURAS DE C. ESPINAL,01. (01 05) OPERACIONES SOBRE EL SISTEMA NERVIOSO,01. (01 05) OPERACIONES SOBRE EL SISTEMA NERVIOSO
03.3,PROCEDIMIENTO DIAGNOSTICO MEDULA Y CANAL ESPINAL,03 OPERACIONES SOBRE MEDULA ESPINAL Y ESTRUCTURAS DE C. ESPINAL,01. (01 05) OPERACIONES SOBRE EL SISTEMA NERVIOSO,01. (01 05) OPERACIONES SOBRE EL SISTEMA NERVIOSO
03.31,PUNCION LUMBAR,03 OPERACIONES SOBRE MEDULA ESPINAL Y ESTRUCTURAS DE C. ESPINAL,01. (01 05) OPERACIONES SOBRE EL SISTEMA NERVIOSO,01. (01 05) OPERACIONES SOBRE EL SISTEMA NERVIOSO
03.32,BIOPSIA MEDULA Y MENINGE ESPINAL,03 OPERACIONES SOBRE MEDULA ESPINAL Y ESTRUCTURAS DE C. ESPINAL,01. (01 05) OPERACIONES SOBRE EL SISTEMA NERVIOSO,01. (01 05) OPERACIONES SOBRE EL SISTEMA NERVIOSO
03.39,PROCEDIMIENTO DIAGNOSTICO MEDULA Y CANAL ESPINAL,03 OPERACIONES SOBRE MEDULA ESPINAL Y ESTRUCTURAS DE C. ESPINAL,01. (01 05) OPERACIONES SOBRE EL SISTEMA NERVIOSO,01. (01 05) OPERACIONES SOBRE EL SISTEMA NERVIOSO
03.4,ESCISION MEDULA ESPINAL Y MENINGE ESPINAL LOCAL,03 OPERACIONES SOBRE MEDULA ESPINAL Y ESTRUCTURAS DE C. ESPINAL,01. (01 05) OPERACIONES SOBRE EL SISTEMA NERVIOSO,01. (01 05) OPERACIONES SOBRE EL SISTEMA NERVIOSO
03.5,OPERACION MEDULA ESPINAL PLASTICA,03 OPERACIONES SOBRE MEDULA ESPINAL Y ESTRUCTURAS DE C. ESPINAL,01. (01 05) OPERACIONES SOBRE EL SISTEMA NERVIOSO,01. (01 05) OPERACIONES SOBRE EL SISTEMA NERVIOSO
03.51,REPARACION MENINGOCELE ESPINAL,03 OPERACIONES SOBRE MEDULA ESPINAL Y ESTRUCTURAS DE C. ESPINAL,01. (01 05) OPERACIONES SOBRE EL SISTEMA NERVIOSO,01. (01 05) OPERACIONES SOBRE EL SISTEMA NERVIOSO
03.52,REPARACION MIELOMENINGOCELE ESPINAL,03 OPERACIONES SOBRE MEDULA ESPINAL Y ESTRUCTURAS DE C. ESPINAL,01. (01 05) OPERACIONES SOBRE EL SISTEMA NERVIOSO,01. (01 05) OPERACIONES SOBRE EL SISTEMA NERVIOSO
03.53,REPARACION FRACTURA VERTEBRA,03 OPERACIONES SOBRE MEDULA ESPINAL Y ESTRUCTURAS DE C. ESPINAL,01. (01 05) OPERACIONES SOBRE EL SISTEMA NERVIOSO,01. (01 05) OPERACIONES SOBRE EL SISTEMA NERVIOSO
03.59,OPERACION MEDULA ESPINAL PLASTICA.OTRA,03 OPERACIONES SOBRE MEDULA ESPINAL Y ESTRUCTURAS DE C. ESPINAL,01. (01 05) OPERACIONES SOBRE EL SISTEMA NERVIOSO,01. (01 05) OPERACIONES SOBRE EL SISTEMA NERVIOSO
03.6,LISIS ADHERENCIA MEDULA ESPINAL Y RAIZ NERVIO ESPINAL,03 OPERACIONES SOBRE MEDULA ESPINAL Y ESTRUCTURAS DE C. ESPINAL,01. (01 05) OPERACIONES SOBRE EL SISTEMA NERVIOSO,01. (01 05) OPERACIONES SOBRE EL SISTEMA NERVIOSO
03.7,DERIVACION TECA ESPINAL,03 OPERACIONES SOBRE MEDULA ESPINAL Y ESTRUCTURAS DE C. ESPINAL,01. (01 05) OPERACIONES SOBRE EL SISTEMA NERVIOSO,01. (01 05) OPERACIONES SOBRE EL SISTEMA NERVIOSO
03.71,DERIVACION SUBARACNOIDEA-PERITONEAL ESPINAL,03 OPERACIONES SOBRE MEDULA ESPINAL Y ESTRUCTURAS DE C. ESPINAL,01. (01 05) OPERACIONES SOBRE EL SISTEMA NERVIOSO,01. (01 05) OPERACIONES SOBRE EL SISTEMA NERVIOSO
03.72,DERIVACION SUBARACNOIDEA-URETERAL ESPINAL,03 OPERACIONES SOBRE MEDULA ESPINAL Y ESTRUCTURAS DE C. ESPINAL,01. (01 05) OPERACIONES SOBRE EL SISTEMA NERVIOSO,01. (01 05) OPERACIONES SOBRE EL SISTEMA NERVIOSO
03.79,DERIVACION TECA ESPINAL.OTRA,03 OPERACIONES SOBRE MEDULA ESPINAL Y ESTRUCTURAS DE C. ESPINAL,01. (01 05) OPERACIONES SOBRE EL SISTEMA NERVIOSO,01. (01 05) OPERACIONES SOBRE EL SISTEMA NERVIOSO
03.8,INYECCION AGENTE DESTRUCTIVO CANAL ESPINAL,03 OPERACIONES SOBRE MEDULA ESPINAL Y ESTRUCTURAS DE C. ESPINAL,01. (01 05) OPERACIONES SOBRE EL SISTEMA NERVIOSO,01. (01 05) OPERACIONES SOBRE EL SISTEMA NERVIOSO
03.9,OPERACION MEDULA Y CANAL ESPINAL OTRA,03 OPERACIONES SOBRE MEDULA ESPINAL Y ESTRUCTURAS DE C. ESPINAL,01. (01 05) OPERACIONES SOBRE EL SISTEMA NERVIOSO,01. (01 05) OPERACIONES SOBRE EL SISTEMA NERVIOSO
03.90,INSERCION CATETER PARA INFUSION TERAPEUTICA CANAL ESPINAL,03 OPERACIONES SOBRE MEDULA ESPINAL Y ESTRUCTURAS DE C. ESPINAL,01. (01 05) OPERACIONES SOBRE EL SISTEMA NERVIOSO,01. (01 05) OPERACIONES SOBRE EL SISTEMA NERVIOSO
03.91,INYECCION ANESTESICO CANAL ESPINAL PARA ANALGESIA,03 OPERACIONES SOBRE MEDULA ESPINAL Y ESTRUCTURAS DE C. ESPINAL,01. (01 05) OPERACIONES SOBRE EL SISTEMA NERVIOSO,01. (01 05) OPERACIONES SOBRE EL SISTEMA NERVIOSO
03.92,INYECCION AGENTE CANAL ESPINAL OTRO,03 OPERACIONES SOBRE MEDULA ESPINAL Y ESTRUCTURAS DE C. ESPINAL,01. (01 05) OPERACIONES SOBRE EL SISTEMA NERVIOSO,01. (01 05) OPERACIONES SOBRE EL SISTEMA NERVIOSO
03.93,COLOCACION O SUSTITUCION NEUROESTIMULADOR ESPINAL,03 OPERACIONES SOBRE MEDULA ESPINAL Y ESTRUCTURAS DE C. ESPINAL,01. (01 05) OPERACIONES SOBRE EL SISTEMA NERVIOSO,01. (01 05) OPERACIONES SOBRE EL SISTEMA NERVIOSO
03.94,EXTRACCION NEUROESTIMULADOR ESPINAL,03 OPERACIONES SOBRE MEDULA ESPINAL Y ESTRUCTURAS DE C. ESPINAL,01. (01 05) OPERACIONES SOBRE EL SISTEMA NERVIOSO,01. (01 05) OPERACIONES SOBRE EL SISTEMA NERVIOSO
03.95,PARCHE HEMATICO ESPINAL,03 OPERACIONES SOBRE MEDULA ESPINAL Y ESTRUCTURAS DE C. ESPINAL,01. (01 05) OPERACIONES SOBRE EL SISTEMA NERVIOSO,01. (01 05) OPERACIONES SOBRE EL SISTEMA NERVIOSO
03.96,DENERVACION PERCUTANEA FACETA ESPINAL,03 OPERACIONES SOBRE MEDULA ESPINAL Y ESTRUCTURAS DE C. ESPINAL,01. (01 05) OPERACIONES SOBRE EL SISTEMA NERVIOSO,01. (01 05) OPERACIONES SOBRE EL SISTEMA NERVIOSO
03.97,REVISION DERIVACION TECA ESPINAL,03 OPERACIONES SOBRE MEDULA ESPINAL Y ESTRUCTURAS DE C. ESPINAL,01. (01 05) OPERACIONES SOBRE EL SISTEMA NERVIOSO,01. (01 05) OPERACIONES SOBRE EL SISTEMA NERVIOSO
03.98,EXTRACCION DERIVACION TECA ESPINAL,03 OPERACIONES SOBRE MEDULA ESPINAL Y ESTRUCTURAS DE C. ESPINAL,01. (01 05) OPERACIONES SOBRE EL SISTEMA NERVIOSO,01. (01 05) OPERACIONES SOBRE EL SISTEMA NERVIOSO
03.99,OPERACION MEDULA Y CANAL ESPINAL.OTRA,03 OPERACIONES SOBRE MEDULA ESPINAL Y ESTRUCTURAS DE C. ESPINAL,01. (01 05) OPERACIONES SOBRE EL SISTEMA NERVIOSO,01. (01 05) OPERACIONES SOBRE EL SISTEMA NERVIOSO
04,OPERACION NERVIO CRANEAL Y PERIFERICO,04 OPERACIONES SOBRE NERVIOS CRANEALES Y PERIFERICOS,01. (01 05) OPERACIONES SOBRE EL SISTEMA NERVIOSO,01. (01 05) OPERACIONES SOBRE EL SISTEMA NERVIOSO
04.0,ESCISION NERVIO CRANEAL Y PERIFERICO,04 OPERACIONES SOBRE NERVIOS CRANEALES Y PERIFERICOS,01. (01 05) OPERACIONES SOBRE EL SISTEMA NERVIOSO,01. (01 05) OPERACIONES SOBRE EL SISTEMA NERVIOSO
04.01,ESCISION NEUROMA ACUSTICO,04 OPERACIONES SOBRE NERVIOS CRANEALES Y PERIFERICOS,01. (01 05) OPERACIONES SOBRE EL SISTEMA NERVIOSO,01. (01 05) OPERACIONES SOBRE EL SISTEMA NERVIOSO
04.02,SECCION NERVIO TRIGEMINO,04 OPERACIONES SOBRE NERVIOS CRANEALES Y PERIFERICOS,01. (01 05) OPERACIONES SOBRE EL SISTEMA NERVIOSO,01. (01 05) OPERACIONES SOBRE EL SISTEMA NERVIOSO
04.03,SECCION APLASTAMIENTO OTRO NERVIO CRANEAL Y PERIFERICO,04 OPERACIONES SOBRE NERVIOS CRANEALES Y PERIFERICOS,01. (01 05) OPERACIONES SOBRE EL SISTEMA NERVIOSO,01. (01 05) OPERACIONES SOBRE EL SISTEMA NERVIOSO
04.04,INCISION NERVIO CRANEAL Y PERIFERICO OTRA,04 OPERACIONES SOBRE NERVIOS CRANEALES Y PERIFERICOS,01. (01 05) OPERACIONES SOBRE EL SISTEMA NERVIOSO,01. (01 05) OPERACIONES SOBRE EL SISTEMA NERVIOSO
04.05,GANGLIONECTOMIA DE GASSER,04 OPERACIONES SOBRE NERVIOS CRANEALES Y PERIFERICOS,01. (01 05) OPERACIONES SOBRE EL SISTEMA NERVIOSO,01. (01 05) OPERACIONES SOBRE EL SISTEMA NERVIOSO
04.06,GANGLIONECTOMIA CRANEAL Y PERIFERICA OTRA,04 OPERACIONES SOBRE NERVIOS CRANEALES Y PERIFERICOS,01. (01 05) OPERACIONES SOBRE EL SISTEMA NERVIOSO,01. (01 05) OPERACIONES SOBRE EL SISTEMA NERVIOSO
04.07,ESCISION NERVIO CRANEAL O PERIFERICO OTRA,04 OPERACIONES SOBRE NERVIOS CRANEALES Y PERIFERICOS,01. (01 05) OPERACIONES SOBRE EL SISTEMA NERVIOSO,01. (01 05) OPERACIONES SOBRE EL SISTEMA NERVIOSO
04.1,PROCEDIMIENTO DIAGNOSTICO SISTEMA NERVIOSO PERIFERICO,04 OPERACIONES SOBRE NERVIOS CRANEALES Y PERIFERICOS,01. (01 05) OPERACIONES SOBRE EL SISTEMA NERVIOSO,01. (01 05) OPERACIONES SOBRE EL SISTEMA NERVIOSO
04.11,BIOPSIA NERVIO O GANGLIO CRANEAL O SIMPATICO PERCUTANEA,04 OPERACIONES SOBRE NERVIOS CRANEALES Y PERIFERICOS,01. (01 05) OPERACIONES SOBRE EL SISTEMA NERVIOSO,01. (01 05) OPERACIONES SOBRE EL SISTEMA NERVIOSO
04.12,BIOPSIA NERVIO O GANGLIO CRANEAL O PERIFERICO OTRA,04 OPERACIONES SOBRE NERVIOS CRANEALES Y PERIFERICOS,01. (01 05) OPERACIONES SOBRE EL SISTEMA NERVIOSO,01. (01 05) OPERACIONES SOBRE EL SISTEMA NERVIOSO
04.19,PROCEDIMIENTO DIAGNOSTICO NERVIO CRANEAL Y PERIFERICO,04 OPERACIONES SOBRE NERVIOS CRANEALES Y PERIFERICOS,01. (01 05) OPERACIONES SOBRE EL SISTEMA NERVIOSO,01. (01 05) OPERACIONES SOBRE EL SISTEMA NERVIOSO
04.2,DESTRUCCION NERVIO CRANEAL Y PERIFERICO,04 OPERACIONES SOBRE NERVIOS CRANEALES Y PERIFERICOS,01. (01 05) OPERACIONES SOBRE EL SISTEMA NERVIOSO,01. (01 05) OPERACIONES SOBRE EL SISTEMA NERVIOSO
04.3,SUTURA NERVIO CRANEAL Y PERIFERICO,04 OPERACIONES SOBRE NERVIOS CRANEALES Y PERIFERICOS,01. (01 05) OPERACIONES SOBRE EL SISTEMA NERVIOSO,01. (01 05) OPERACIONES SOBRE EL SISTEMA NERVIOSO
04.4,LISIS ADHERENCIA Y DESCOMPRESION NERVIO,04 OPERACIONES SOBRE NERVIOS CRANEALES Y PERIFERICOS,01. (01 05) OPERACIONES SOBRE EL SISTEMA NERVIOSO,01. (01 05) OPERACIONES SOBRE EL SISTEMA NERVIOSO
04.41,DESCOMPRESION RAIZ NERVIO TRIGEMINO,04 OPERACIONES SOBRE NERVIOS CRANEALES Y PERIFERICOS,01. (01 05) OPERACIONES SOBRE EL SISTEMA NERVIOSO,01. (01 05) OPERACIONES SOBRE EL SISTEMA NERVIOSO
04.42,DESCOMPRESION RAIZ OTRO NERVIO CRANEAL,04 OPERACIONES SOBRE NERVIOS CRANEALES Y PERIFERICOS,01. (01 05) OPERACIONES SOBRE EL SISTEMA NERVIOSO,01. (01 05) OPERACIONES SOBRE EL SISTEMA NERVIOSO
04.43,LIBERACION TUNEL CARPIANO,04 OPERACIONES SOBRE NERVIOS CRANEALES Y PERIFERICOS,01. (01 05) OPERACIONES SOBRE EL SISTEMA NERVIOSO,01. (01 05) OPERACIONES SOBRE EL SISTEMA NERVIOSO
04.44,LIBERACION TUNEL TARSAL,04 OPERACIONES SOBRE NERVIOS CRANEALES Y PERIFERICOS,01. (01 05) OPERACIONES SOBRE EL SISTEMA NERVIOSO,01. (01 05) OPERACIONES SOBRE EL SISTEMA NERVIOSO
04.49,DESCOMPRESION ADHERENCIA NERVIO O GANGLIO PERIFERICO OTRA,04 OPERACIONES SOBRE NERVIOS CRANEALES Y PERIFERICOS,01. (01 05) OPERACIONES SOBRE EL SISTEMA NERVIOSO,01. (01 05) OPERACIONES SOBRE EL SISTEMA NERVIOSO
04.5,INJERTO NERVIO CRANEAL Y PERIFERICO,04 OPERACIONES SOBRE NERVIOS CRANEALES Y PERIFERICOS,01. (01 05) OPERACIONES SOBRE EL SISTEMA NERVIOSO,01. (01 05) OPERACIONES SOBRE EL SISTEMA NERVIOSO
04.6,TRANSPOSICION NERVIO CRANEAL Y PERIFERICO,04 OPERACIONES SOBRE NERVIOS CRANEALES Y PERIFERICOS,01. (01 05) OPERACIONES SOBRE EL SISTEMA NERVIOSO,01. (01 05) OPERACIONES SOBRE EL SISTEMA NERVIOSO
04.7,NEUROPLASTIA CRANEAL O PERIFERICA OTRA,04 OPERACIONES SOBRE NERVIOS CRANEALES Y PERIFERICOS,01. (01 05) OPERACIONES SOBRE EL SISTEMA NERVIOSO,01. (01 05) OPERACIONES SOBRE EL SISTEMA NERVIOSO
04.71,ANASTOMOSIS HIPOGLOSO-FACIAL,04 OPERACIONES SOBRE NERVIOS CRANEALES Y PERIFERICOS,01. (01 05) OPERACIONES SOBRE EL SISTEMA NERVIOSO,01. (01 05) OPERACIONES SOBRE EL SISTEMA NERVIOSO
04.72,ANASTOMOSIS ACCESORIO-FACIAL,04 OPERACIONES SOBRE NERVIOS CRANEALES Y PERIFERICOS,01. (01 05) OPERACIONES SOBRE EL SISTEMA NERVIOSO,01. (01 05) OPERACIONES SOBRE EL SISTEMA NERVIOSO
04.73,ANASTOMOSIS ACCESORIO-HIPOGLOSA,04 OPERACIONES SOBRE NERVIOS CRANEALES Y PERIFERICOS,01. (01 05) OPERACIONES SOBRE EL SISTEMA NERVIOSO,01. (01 05) OPERACIONES SOBRE EL SISTEMA NERVIOSO
04.74,ANASTOMOSIS NERVIO CRANEAL O PERIFERICO OTRA,04 OPERACIONES SOBRE NERVIOS CRANEALES Y PERIFERICOS,01. (01 05) OPERACIONES SOBRE EL SISTEMA NERVIOSO,01. (01 05) OPERACIONES SOBRE EL SISTEMA NERVIOSO
04.75,REVISION REPARACION ANTERIOR NERVIO CRANEAL Y PERIFERICO,04 OPERACIONES SOBRE NERVIOS CRANEALES Y PERIFERICOS,01. (01 05) OPERACIONES SOBRE EL SISTEMA NERVIOSO,01. (01 05) OPERACIONES SOBRE EL SISTEMA NERVIOSO
04.76,REPARACION TRAUMA ANTIGUO NERVIO CRANEAL Y PERIFERICO,04 OPERACIONES SOBRE NERVIOS CRANEALES Y PERIFERICOS,01. (01 05) OPERACIONES SOBRE EL SISTEMA NERVIOSO,01. (01 05) OPERACIONES SOBRE EL SISTEMA NERVIOSO
04.79,NEUROPLASTIA OTRA,04 OPERACIONES SOBRE NERVIOS CRANEALES Y PERIFERICOS,01. (01 05) OPERACIONES SOBRE EL SISTEMA NERVIOSO,01. (01 05) OPERACIONES SOBRE EL SISTEMA NERVIOSO
04.8,INYECCION EN NERVIO PERIFERICO,04 OPERACIONES SOBRE NERVIOS CRANEALES Y PERIFERICOS,01. (01 05) OPERACIONES SOBRE EL SISTEMA NERVIOSO,01. (01 05) OPERACIONES SOBRE EL SISTEMA NERVIOSO
04.80,INYECCION NERVIO PERIFERICO NEOM,04 OPERACIONES SOBRE NERVIOS CRANEALES Y PERIFERICOS,01. (01 05) OPERACIONES SOBRE EL SISTEMA NERVIOSO,01. (01 05) OPERACIONES SOBRE EL SISTEMA NERVIOSO
04.81,INYECCION ANESTESICO NERVIO PERIFERICO PARA ANALGESIA,04 OPERACIONES SOBRE NERVIOS CRANEALES Y PERIFERICOS,01. (01 05) OPERACIONES SOBRE EL SISTEMA NERVIOSO,01. (01 05) OPERACIONES SOBRE EL SISTEMA NERVIOSO
04.89,INYECCION AGENTE NO NEUROLITICO NERVIO PERIFERICO OTRO,04 OPERACIONES SOBRE NERVIOS CRANEALES Y PERIFERICOS,01. (01 05) OPERACIONES SOBRE EL SISTEMA NERVIOSO,01. (01 05) OPERACIONES SOBRE EL SISTEMA NERVIOSO
04.9,OPERACION NERVIO CRANEAL Y PERIFERICO OTRA,04 OPERACIONES SOBRE NERVIOS CRANEALES Y PERIFERICOS,01. (01 05) OPERACIONES SOBRE EL SISTEMA NERVIOSO,01. (01 05) OPERACIONES SOBRE EL SISTEMA NERVIOSO
04.91,NEURECTASIA,04 OPERACIONES SOBRE NERVIOS CRANEALES Y PERIFERICOS,01. (01 05) OPERACIONES SOBRE EL SISTEMA NERVIOSO,01. (01 05) OPERACIONES SOBRE EL SISTEMA NERVIOSO
04.92,COLOCACION O SUSTITUCION NEUROESTIMULADOR PERIFERICO,04 OPERACIONES SOBRE NERVIOS CRANEALES Y PERIFERICOS,01. (01 05) OPERACIONES SOBRE EL SISTEMA NERVIOSO,01. (01 05) OPERACIONES SOBRE EL SISTEMA NERVIOSO
04.93,EXTRACCION NEUROESTIMULADOR PERIFERICO,04 OPERACIONES SOBRE NERVIOS CRANEALES Y PERIFERICOS,01. (01 05) OPERACIONES SOBRE EL SISTEMA NERVIOSO,01. (01 05) OPERACIONES SOBRE EL SISTEMA NERVIOSO
04.99,OPERACION NERVIO CRANEAL Y PERIFERICO.OTRA,04 OPERACIONES SOBRE NERVIOS CRANEALES Y PERIFERICOS,01. (01 05) OPERACIONES SOBRE EL SISTEMA NERVIOSO,01. (01 05) OPERACIONES SOBRE EL SISTEMA NERVIOSO
05,OPERACION NERVIO O GANGLIO SIMPATICO,05 OPERACIONES SOBRE NERVIOS O GANGLIOS SIMPATICOS,01. (01 05) OPERACIONES SOBRE EL SISTEMA NERVIOSO,01. (01 05) OPERACIONES SOBRE EL SISTEMA NERVIOSO
05.0,DIVISION NERVIO O GANGLIO SIMPATICO,05 OPERACIONES SOBRE NERVIOS O GANGLIOS SIMPATICOS,01. (01 05) OPERACIONES SOBRE EL SISTEMA NERVIOSO,01. (01 05) OPERACIONES SOBRE EL SISTEMA NERVIOSO
05.1,PROCEDIMIENTO DIAGNOSTICO NERVIO O GANGLIO SIMPATICO,05 OPERACIONES SOBRE NERVIOS O GANGLIOS SIMPATICOS,01. (01 05) OPERACIONES SOBRE EL SISTEMA NERVIOSO,01. (01 05) OPERACIONES SOBRE EL SISTEMA NERVIOSO
05.11,BIOPSIA NERVIO O GANGLIO SIMPATICO,05 OPERACIONES SOBRE NERVIOS O GANGLIOS SIMPATICOS,01. (01 05) OPERACIONES SOBRE EL SISTEMA NERVIOSO,01. (01 05) OPERACIONES SOBRE EL SISTEMA NERVIOSO
05.19,PROCEDIMIENTO DIAGNOSTICO NERVIO O GANGLIO SIMPATICO,05 OPERACIONES SOBRE NERVIOS O GANGLIOS SIMPATICOS,01. (01 05) OPERACIONES SOBRE EL SISTEMA NERVIOSO,01. (01 05) OPERACIONES SOBRE EL SISTEMA NERVIOSO
05.2,SIMPATECTOMIA,05 OPERACIONES SOBRE NERVIOS O GANGLIOS SIMPATICOS,01. (01 05) OPERACIONES SOBRE EL SISTEMA NERVIOSO,01. (01 05) OPERACIONES SOBRE EL SISTEMA NERVIOSO
05.21,GANGLIONECTOMIA ESFENOPALATINA,05 OPERACIONES SOBRE NERVIOS O GANGLIOS SIMPATICOS,01. (01 05) OPERACIONES SOBRE EL SISTEMA NERVIOSO,01. (01 05) OPERACIONES SOBRE EL SISTEMA NERVIOSO
05.22,SIMPATECTOMIA CERVICAL,05 OPERACIONES SOBRE NERVIOS O GANGLIOS SIMPATICOS,01. (01 05) OPERACIONES SOBRE EL SISTEMA NERVIOSO,01. (01 05) OPERACIONES SOBRE EL SISTEMA NERVIOSO
05.23,SIMPATECTOMIA LUMBAR,05 OPERACIONES SOBRE NERVIOS O GANGLIOS SIMPATICOS,01. (01 05) OPERACIONES SOBRE EL SISTEMA NERVIOSO,01. (01 05) OPERACIONES SOBRE EL SISTEMA NERVIOSO
05.24,SIMPATECTOMIA PRESACRA,05 OPERACIONES SOBRE NERVIOS O GANGLIOS SIMPATICOS,01. (01 05) OPERACIONES SOBRE EL SISTEMA NERVIOSO,01. (01 05) OPERACIONES SOBRE EL SISTEMA NERVIOSO
05.25,SIMPATECTOMIA PERIARTERIAL,05 OPERACIONES SOBRE NERVIOS O GANGLIOS SIMPATICOS,01. (01 05) OPERACIONES SOBRE EL SISTEMA NERVIOSO,01. (01 05) OPERACIONES SOBRE EL SISTEMA NERVIOSO
05.29,SIMPATECTOMIA Y GANGLIONECTOMIA OTRA,05 OPERACIONES SOBRE NERVIOS O GANGLIOS SIMPATICOS,01. (01 05) OPERACIONES SOBRE EL SISTEMA NERVIOSO,01. (01 05) OPERACIONES SOBRE EL SISTEMA NERVIOSO
05.3,INYECCION EN NERVIO O GANGLIO SIMPATICO,05 OPERACIONES SOBRE NERVIOS O GANGLIOS SIMPATICOS,01. (01 05) OPERACIONES SOBRE EL SISTEMA NERVIOSO,01. (01 05) OPERACIONES SOBRE EL SISTEMA NERVIOSO
05.31,INYECCION ANESTESICO NERVIO SIMPATICO PARA ANALGESIA,05 OPERACIONES SOBRE NERVIOS O GANGLIOS SIMPATICOS,01. (01 05) OPERACIONES SOBRE EL SISTEMA NERVIOSO,01. (01 05) OPERACIONES SOBRE EL SISTEMA NERVIOSO
05.32,INYECCION AGENTE NEUROLITICO NERVIO SIMPATICO,05 OPERACIONES SOBRE NERVIOS O GANGLIOS SIMPATICOS,01. (01 05) OPERACIONES SOBRE EL SISTEMA NERVIOSO,01. (01 05) OPERACIONES SOBRE EL SISTEMA NERVIOSO
05.39,INYECCION NERVIO O GANGLIO SIMPATICO.OTRA,05 OPERACIONES SOBRE NERVIOS O GANGLIOS SIMPATICOS,01. (01 05) OPERACIONES SOBRE EL SISTEMA NERVIOSO,01. (01 05) OPERACIONES SOBRE EL SISTEMA NERVIOSO
05.8,OPERACION NERVIO O GANGLIO SIMPATICO OTRA,05 OPERACIONES SOBRE NERVIOS O GANGLIOS SIMPATICOS,01. (01 05) OPERACIONES SOBRE EL SISTEMA NERVIOSO,01. (01 05) OPERACIONES SOBRE EL SISTEMA NERVIOSO
05.81,REPARACION NERVIO O GANGLIO SIMPATICO,05 OPERACIONES SOBRE NERVIOS O GANGLIOS SIMPATICOS,01. (01 05) OPERACIONES SOBRE EL SISTEMA NERVIOSO,01. (01 05) OPERACIONES SOBRE EL SISTEMA NERVIOSO
05.89,OPERACION NERVIO O GANGLIO SIMPATICO.OTRA,05 OPERACIONES SOBRE NERVIOS O GANGLIOS SIMPATICOS,01. (01 05) OPERACIONES SOBRE EL SISTEMA NERVIOSO,01. (01 05) OPERACIONES SOBRE EL SISTEMA NERVIOSO
05.9,OPERACION SISTEMA NERVIOSO OTRA,05 OPERACIONES SOBRE NERVIOS O GANGLIOS SIMPATICOS,01. (01 05) OPERACIONES SOBRE EL SISTEMA NERVIOSO,01. (01 05) OPERACIONES SOBRE EL SISTEMA NERVIOSO
06,OPERACION GLANDULA TIROIDES Y PARATIROIDES,06 OPERACIONES SOBRE GANDULAS TIROIDES Y PARATIROIDES,02. (06 07) OPERACIONES SOBRE EL SISTEMA ENDOCRINO,02. (06 07) OPERACIONES SOBRE EL SISTEMA ENDOCRINO
06.0,INCISION AREA TIROIDEA,06 OPERACIONES SOBRE GANDULAS TIROIDES Y PARATIROIDES,02. (06 07) OPERACIONES SOBRE EL SISTEMA ENDOCRINO,02. (06 07) OPERACIONES SOBRE EL SISTEMA ENDOCRINO
06.01,ASPIRACION AREA TIROIDEA,06 OPERACIONES SOBRE GANDULAS TIROIDES Y PARATIROIDES,02. (06 07) OPERACIONES SOBRE EL SISTEMA ENDOCRINO,02. (06 07) OPERACIONES SOBRE EL SISTEMA ENDOCRINO
06.02,REAPERTURA HERIDA AREA TIROIDEA,06 OPERACIONES SOBRE GANDULAS TIROIDES Y PARATIROIDES,02. (06 07) OPERACIONES SOBRE EL SISTEMA ENDOCRINO,02. (06 07) OPERACIONES SOBRE EL SISTEMA ENDOCRINO
06.09,INCISION AREA TIROIDEA.OTRA,06 OPERACIONES SOBRE GANDULAS TIROIDES Y PARATIROIDES,02. (06 07) OPERACIONES SOBRE EL SISTEMA ENDOCRINO,02. (06 07) OPERACIONES SOBRE EL SISTEMA ENDOCRINO
06.1,PROCEDIMIENTO DIAGNOSTICO TIROIDES Y PARATIROIDES,06 OPERACIONES SOBRE GANDULAS TIROIDES Y PARATIROIDES,02. (06 07) OPERACIONES SOBRE EL SISTEMA ENDOCRINO,02. (06 07) OPERACIONES SOBRE EL SISTEMA ENDOCRINO
06.11,BIOPSIA GLANDULA TIROIDES CERRADA [PERCUTANEA],06 OPERACIONES SOBRE GANDULAS TIROIDES Y PARATIROIDES,02. (06 07) OPERACIONES SOBRE EL SISTEMA ENDOCRINO,02. (06 07) OPERACIONES SOBRE EL SISTEMA ENDOCRINO
06.12,BIOPSIA GLANDULA TIROIDES OTRA,06 OPERACIONES SOBRE GANDULAS TIROIDES Y PARATIROIDES,02. (06 07) OPERACIONES SOBRE EL SISTEMA ENDOCRINO,02. (06 07) OPERACIONES SOBRE EL SISTEMA ENDOCRINO
06.13,BIOPSIA GLANDULA PARATIROIDES,06 OPERACIONES SOBRE GANDULAS TIROIDES Y PARATIROIDES,02. (06 07) OPERACIONES SOBRE EL SISTEMA ENDOCRINO,02. (06 07) OPERACIONES SOBRE EL SISTEMA ENDOCRINO
06.19,PROCEDIMIENTO DIAGNOSTICO TIROIDES Y PARATIROIDES.OTRO,06 OPERACIONES SOBRE GANDULAS TIROIDES Y PARATIROIDES,02. (06 07) OPERACIONES SOBRE EL SISTEMA ENDOCRINO,02. (06 07) OPERACIONES SOBRE EL SISTEMA ENDOCRINO
06.2,HEMITIROIDECTOMIA,06 OPERACIONES SOBRE GANDULAS TIROIDES Y PARATIROIDES,02. (06 07) OPERACIONES SOBRE EL SISTEMA ENDOCRINO,02. (06 07) OPERACIONES SOBRE EL SISTEMA ENDOCRINO
06.3,TIROIDECTOMIA PARCIAL OTRA,06 OPERACIONES SOBRE GANDULAS TIROIDES Y PARATIROIDES,02. (06 07) OPERACIONES SOBRE EL SISTEMA ENDOCRINO,02. (06 07) OPERACIONES SOBRE EL SISTEMA ENDOCRINO
06.31,ESCISION GLANDULA TIROIDES LOCAL,06 OPERACIONES SOBRE GANDULAS TIROIDES Y PARATIROIDES,02. (06 07) OPERACIONES SOBRE EL SISTEMA ENDOCRINO,02. (06 07) OPERACIONES SOBRE EL SISTEMA ENDOCRINO
06.39,TIROIDECTOMIA PARCIAL.OTRA,06 OPERACIONES SOBRE GANDULAS TIROIDES Y PARATIROIDES,02. (06 07) OPERACIONES SOBRE EL SISTEMA ENDOCRINO,02. (06 07) OPERACIONES SOBRE EL SISTEMA ENDOCRINO
06.4,TIROIDECTOMIA TOTAL,06 OPERACIONES SOBRE GANDULAS TIROIDES Y PARATIROIDES,02. (06 07) OPERACIONES SOBRE EL SISTEMA ENDOCRINO,02. (06 07) OPERACIONES SOBRE EL SISTEMA ENDOCRINO
06.5,TIROIDECTOMIA SUBESTERNAL,06 OPERACIONES SOBRE GANDULAS TIROIDES Y PARATIROIDES,02. (06 07) OPERACIONES SOBRE EL SISTEMA ENDOCRINO,02. (06 07) OPERACIONES SOBRE EL SISTEMA ENDOCRINO
06.50,TIROIDECTOMIA SUBESTERNAL.NEOM,06 OPERACIONES SOBRE GANDULAS TIROIDES Y PARATIROIDES,02. (06 07) OPERACIONES SOBRE EL SISTEMA ENDOCRINO,02. (06 07) OPERACIONES SOBRE EL SISTEMA ENDOCRINO
06.51,TIROIDECTOMIA SUBESTERNAL.PARCIAL,06 OPERACIONES SOBRE GANDULAS TIROIDES Y PARATIROIDES,02. (06 07) OPERACIONES SOBRE EL SISTEMA ENDOCRINO,02. (06 07) OPERACIONES SOBRE EL SISTEMA ENDOCRINO
06.52,TIROIDECTOMIA SUBESTERNAL.TOTAL,06 OPERACIONES SOBRE GANDULAS TIROIDES Y PARATIROIDES,02. (06 07) OPERACIONES SOBRE EL SISTEMA ENDOCRINO,02. (06 07) OPERACIONES SOBRE EL SISTEMA ENDOCRINO
06.6,ESCISION GLANDULA TIROIDES LINGUAL,06 OPERACIONES SOBRE GANDULAS TIROIDES Y PARATIROIDES,02. (06 07) OPERACIONES SOBRE EL SISTEMA ENDOCRINO,02. (06 07) OPERACIONES SOBRE EL SISTEMA ENDOCRINO
06.7,ESCISION CONDUCTO TIROGLOSO,06 OPERACIONES SOBRE GANDULAS TIROIDES Y PARATIROIDES,02. (06 07) OPERACIONES SOBRE EL SISTEMA ENDOCRINO,02. (06 07) OPERACIONES SOBRE EL SISTEMA ENDOCRINO
06.8,PARATIROIDECTOMIA,06 OPERACIONES SOBRE GANDULAS TIROIDES Y PARATIROIDES,02. (06 07) OPERACIONES SOBRE EL SISTEMA ENDOCRINO,02. (06 07) OPERACIONES SOBRE EL SISTEMA ENDOCRINO
06.81,PARATIROIDECTOMIA TOTAL,06 OPERACIONES SOBRE GANDULAS TIROIDES Y PARATIROIDES,02. (06 07) OPERACIONES SOBRE EL SISTEMA ENDOCRINO,02. (06 07) OPERACIONES SOBRE EL SISTEMA ENDOCRINO
06.89,PARATIROIDECTOMIA.OTRA,06 OPERACIONES SOBRE GANDULAS TIROIDES Y PARATIROIDES,02. (06 07) OPERACIONES SOBRE EL SISTEMA ENDOCRINO,02. (06 07) OPERACIONES SOBRE EL SISTEMA ENDOCRINO
06.9,OPERACION GLANDULA TIROIDES Y PARATIROIDES OTRA,06 OPERACIONES SOBRE GANDULAS TIROIDES Y PARATIROIDES,02. (06 07) OPERACIONES SOBRE EL SISTEMA ENDOCRINO,02. (06 07) OPERACIONES SOBRE EL SISTEMA ENDOCRINO
06.91,SECCION ISTMO GLANDULA TIROIDES,06 OPERACIONES SOBRE GANDULAS TIROIDES Y PARATIROIDES,02. (06 07) OPERACIONES SOBRE EL SISTEMA ENDOCRINO,02. (06 07) OPERACIONES SOBRE EL SISTEMA ENDOCRINO
06.92,LIGADURA VASO GLANDULA TIROIDES,06 OPERACIONES SOBRE GANDULAS TIROIDES Y PARATIROIDES,02. (06 07) OPERACIONES SOBRE EL SISTEMA ENDOCRINO,02. (06 07) OPERACIONES SOBRE EL SISTEMA ENDOCRINO
06.93,SUTURA GLANDULA TIROIDES,06 OPERACIONES SOBRE GANDULAS TIROIDES Y PARATIROIDES,02. (06 07) OPERACIONES SOBRE EL SISTEMA ENDOCRINO,02. (06 07) OPERACIONES SOBRE EL SISTEMA ENDOCRINO
06.94,REIMPLANTACION TEJIDO GLANDULA TIROIDES,06 OPERACIONES SOBRE GANDULAS TIROIDES Y PARATIROIDES,02. (06 07) OPERACIONES SOBRE EL SISTEMA ENDOCRINO,02. (06 07) OPERACIONES SOBRE EL SISTEMA ENDOCRINO
06.95,REIMPLANTACION TEJIDO GLANDULA PARATIROIDES,06 OPERACIONES SOBRE GANDULAS TIROIDES Y PARATIROIDES,02. (06 07) OPERACIONES SOBRE EL SISTEMA ENDOCRINO,02. (06 07) OPERACIONES SOBRE EL SISTEMA ENDOCRINO
06.98,OPERACION GLANDULA TIROIDES OTRA,06 OPERACIONES SOBRE GANDULAS TIROIDES Y PARATIROIDES,02. (06 07) OPERACIONES SOBRE EL SISTEMA ENDOCRINO,02. (06 07) OPERACIONES SOBRE EL SISTEMA ENDOCRINO
06.99,OPERACION GLANDULA PARATIROIDES OTRA,06 OPERACIONES SOBRE GANDULAS TIROIDES Y PARATIROIDES,02. (06 07) OPERACIONES SOBRE EL SISTEMA ENDOCRINO,02. (06 07) OPERACIONES SOBRE EL SISTEMA ENDOCRINO
07,OPERACION GLANDULA ENDOCRINA OTRA,07 OPERACIONES SOBRE OTRAS GLANDULAS ENDOCRINAS,02. (06 07) OPERACIONES SOBRE EL SISTEMA ENDOCRINO,02. (06 07) OPERACIONES SOBRE EL SISTEMA ENDOCRINO
07.0,EXPLORACION AREA SUPRARRENAL,07 OPERACIONES SOBRE OTRAS GLANDULAS ENDOCRINAS,02. (06 07) OPERACIONES SOBRE EL SISTEMA ENDOCRINO,02. (06 07) OPERACIONES SOBRE EL SISTEMA ENDOCRINO
07.00,EXPLORACION AREA SUPRARRENAL.NEOM,07 OPERACIONES SOBRE OTRAS GLANDULAS ENDOCRINAS,02. (06 07) OPERACIONES SOBRE EL SISTEMA ENDOCRINO,02. (06 07) OPERACIONES SOBRE EL SISTEMA ENDOCRINO
07.01,EXPLORACION AREA SUPRARRENAL.UNILATERAL,07 OPERACIONES SOBRE OTRAS GLANDULAS ENDOCRINAS,02. (06 07) OPERACIONES SOBRE EL SISTEMA ENDOCRINO,02. (06 07) OPERACIONES SOBRE EL SISTEMA ENDOCRINO
07.02,EXPLORACION AREA SUPRARRENAL.BILATERAL,07 OPERACIONES SOBRE OTRAS GLANDULAS ENDOCRINAS,02. (06 07) OPERACIONES SOBRE EL SISTEMA ENDOCRINO,02. (06 07) OPERACIONES SOBRE EL SISTEMA ENDOCRINO
07.1,"PROCEDIMIENTO DIAGNOSTICO SUPRARRENAL,HIPOFISIS Y TIMO",07 OPERACIONES SOBRE OTRAS GLANDULAS ENDOCRINAS,02. (06 07) OPERACIONES SOBRE EL SISTEMA ENDOCRINO,02. (06 07) OPERACIONES SOBRE EL SISTEMA ENDOCRINO
07.11,BIOPSIA GLANDULA SUPRARRENAL [PERCUTANEA],07 OPERACIONES SOBRE OTRAS GLANDULAS ENDOCRINAS,02. (06 07) OPERACIONES SOBRE EL SISTEMA ENDOCRINO,02. (06 07) OPERACIONES SOBRE EL SISTEMA ENDOCRINO
07.12,BIOPSIA GLANDULA SUPRARRENAL OTRA,07 OPERACIONES SOBRE OTRAS GLANDULAS ENDOCRINAS,02. (06 07) OPERACIONES SOBRE EL SISTEMA ENDOCRINO,02. (06 07) OPERACIONES SOBRE EL SISTEMA ENDOCRINO
07.13,BIOPSIA GLANDULA HIPOFISIS ACCESO TRANSFRONTAL,07 OPERACIONES SOBRE OTRAS GLANDULAS ENDOCRINAS,02. (06 07) OPERACIONES SOBRE EL SISTEMA ENDOCRINO,02. (06 07) OPERACIONES SOBRE EL SISTEMA ENDOCRINO
07.14,BIOPSIA GLANDULA HIPOFISIS ACCESO TRANSESFENOIDAL,07 OPERACIONES SOBRE OTRAS GLANDULAS ENDOCRINAS,02. (06 07) OPERACIONES SOBRE EL SISTEMA ENDOCRINO,02. (06 07) OPERACIONES SOBRE EL SISTEMA ENDOCRINO
07.15,BIOPSIA GLANDULA HIPOFISIS ACCESO NEOM,07 OPERACIONES SOBRE OTRAS GLANDULAS ENDOCRINAS,02. (06 07) OPERACIONES SOBRE EL SISTEMA ENDOCRINO,02. (06 07) OPERACIONES SOBRE EL SISTEMA ENDOCRINO
07.16,BIOPSIA TIMO,07 OPERACIONES SOBRE OTRAS GLANDULAS ENDOCRINAS,02. (06 07) OPERACIONES SOBRE EL SISTEMA ENDOCRINO,02. (06 07) OPERACIONES SOBRE EL SISTEMA ENDOCRINO
07.17,BIOPSIA GLANDULA PINEAL,07 OPERACIONES SOBRE OTRAS GLANDULAS ENDOCRINAS,02. (06 07) OPERACIONES SOBRE EL SISTEMA ENDOCRINO,02. (06 07) OPERACIONES SOBRE EL SISTEMA ENDOCRINO
07.19,"PROCEDIMIENTO DIAGNOSTICO SUPRARRENAL,HIPOFISIS Y TIMO.OTRO",07 OPERACIONES SOBRE OTRAS GLANDULAS ENDOCRINAS,02. (06 07) OPERACIONES SOBRE EL SISTEMA ENDOCRINO,02. (06 07) OPERACIONES SOBRE EL SISTEMA ENDOCRINO
07.2,SUPRARRENALECTOMIA PARCIAL,07 OPERACIONES SOBRE OTRAS GLANDULAS ENDOCRINAS,02. (06 07) OPERACIONES SOBRE EL SISTEMA ENDOCRINO,02. (06 07) OPERACIONES SOBRE EL SISTEMA ENDOCRINO
07.21,ESCISION GLANDULA SUPRARRENAL LOCAL,07 OPERACIONES SOBRE OTRAS GLANDULAS ENDOCRINAS,02. (06 07) OPERACIONES SOBRE EL SISTEMA ENDOCRINO,02. (06 07) OPERACIONES SOBRE EL SISTEMA ENDOCRINO
07.22,SUPRARRENALECTOMIA UNILATERAL,07 OPERACIONES SOBRE OTRAS GLANDULAS ENDOCRINAS,02. (06 07) OPERACIONES SOBRE EL SISTEMA ENDOCRINO,02. (06 07) OPERACIONES SOBRE EL SISTEMA ENDOCRINO
07.29,SUPRARRENALECTOMIA PARCIAL.OTRA,07 OPERACIONES SOBRE OTRAS GLANDULAS ENDOCRINAS,02. (06 07) OPERACIONES SOBRE EL SISTEMA ENDOCRINO,02. (06 07) OPERACIONES SOBRE EL SISTEMA ENDOCRINO
07.3,SUPRARRENALECTOMIA BILATERAL,07 OPERACIONES SOBRE OTRAS GLANDULAS ENDOCRINAS,02. (06 07) OPERACIONES SOBRE EL SISTEMA ENDOCRINO,02. (06 07) OPERACIONES SOBRE EL SISTEMA ENDOCRINO
07.4,"OPERACION GLANDULA,NERVIO Y VASO SUPRARRENAL",07 OPERACIONES SOBRE OTRAS GLANDULAS ENDOCRINAS,02. (06 07) OPERACIONES SOBRE EL SISTEMA ENDOCRINO,02. (06 07) OPERACIONES SOBRE EL SISTEMA ENDOCRINO
07.41,INCISION GLANDULA SUPRARRENAL,07 OPERACIONES SOBRE OTRAS GLANDULAS ENDOCRINAS,02. (06 07) OPERACIONES SOBRE EL SISTEMA ENDOCRINO,02. (06 07) OPERACIONES SOBRE EL SISTEMA ENDOCRINO
07.42,SECCION NERVIO GLANDULA SUPRARRENAL,07 OPERACIONES SOBRE OTRAS GLANDULAS ENDOCRINAS,02. (06 07) OPERACIONES SOBRE EL SISTEMA ENDOCRINO,02. (06 07) OPERACIONES SOBRE EL SISTEMA ENDOCRINO
07.43,LIGADURA VASO GLANDULA SUPRARRENAL,07 OPERACIONES SOBRE OTRAS GLANDULAS ENDOCRINAS,02. (06 07) OPERACIONES SOBRE EL SISTEMA ENDOCRINO,02. (06 07) OPERACIONES SOBRE EL SISTEMA ENDOCRINO
07.44,REPARACION GLANDULA SUPRARRENAL,07 OPERACIONES SOBRE OTRAS GLANDULAS ENDOCRINAS,02. (06 07) OPERACIONES SOBRE EL SISTEMA ENDOCRINO,02. (06 07) OPERACIONES SOBRE EL SISTEMA ENDOCRINO
07.45,REIMPLANTACION TEJIDO SUPRARRENAL,07 OPERACIONES SOBRE OTRAS GLANDULAS ENDOCRINAS,02. (06 07) OPERACIONES SOBRE EL SISTEMA ENDOCRINO,02. (06 07) OPERACIONES SOBRE EL SISTEMA ENDOCRINO
07.49,"OPERACION GLANDULA,NERVIO Y VASO SUPRARRENAL.OTRA",07 OPERACIONES SOBRE OTRAS GLANDULAS ENDOCRINAS,02. (06 07) OPERACIONES SOBRE EL SISTEMA ENDOCRINO,02. (06 07) OPERACIONES SOBRE EL SISTEMA ENDOCRINO
07.5,OPERACION GLANDULA PINEAL,07 OPERACIONES SOBRE OTRAS GLANDULAS ENDOCRINAS,02. (06 07) OPERACIONES SOBRE EL SISTEMA ENDOCRINO,02. (06 07) OPERACIONES SOBRE EL SISTEMA ENDOCRINO
07.51,EXPLORACION AREA PINEAL,07 OPERACIONES SOBRE OTRAS GLANDULAS ENDOCRINAS,02. (06 07) OPERACIONES SOBRE EL SISTEMA ENDOCRINO,02. (06 07) OPERACIONES SOBRE EL SISTEMA ENDOCRINO
07.52,INCISION GLANDULA PINEAL,07 OPERACIONES SOBRE OTRAS GLANDULAS ENDOCRINAS,02. (06 07) OPERACIONES SOBRE EL SISTEMA ENDOCRINO,02. (06 07) OPERACIONES SOBRE EL SISTEMA ENDOCRINO
07.53,PINEALECTOMIA PARCIAL,07 OPERACIONES SOBRE OTRAS GLANDULAS ENDOCRINAS,02. (06 07) OPERACIONES SOBRE EL SISTEMA ENDOCRINO,02. (06 07) OPERACIONES SOBRE EL SISTEMA ENDOCRINO
07.54,PINEALECTOMIA TOTAL,07 OPERACIONES SOBRE OTRAS GLANDULAS ENDOCRINAS,02. (06 07) OPERACIONES SOBRE EL SISTEMA ENDOCRINO,02. (06 07) OPERACIONES SOBRE EL SISTEMA ENDOCRINO
07.59,OPERACION GLANDULA PINEAL.OTRA,07 OPERACIONES SOBRE OTRAS GLANDULAS ENDOCRINAS,02. (06 07) OPERACIONES SOBRE EL SISTEMA ENDOCRINO,02. (06 07) OPERACIONES SOBRE EL SISTEMA ENDOCRINO
07.6,HIPOFISECTOMIA,07 OPERACIONES SOBRE OTRAS GLANDULAS ENDOCRINAS,02. (06 07) OPERACIONES SOBRE EL SISTEMA ENDOCRINO,02. (06 07) OPERACIONES SOBRE EL SISTEMA ENDOCRINO
07.61,HIPOFISECTOMIA PARCIAL ACCESO TRANSFRONTAL,07 OPERACIONES SOBRE OTRAS GLANDULAS ENDOCRINAS,02. (06 07) OPERACIONES SOBRE EL SISTEMA ENDOCRINO,02. (06 07) OPERACIONES SOBRE EL SISTEMA ENDOCRINO
07.62,HIPOFISECTOMIA PARCIAL ACCESO TRANSESFENOIDAL,07 OPERACIONES SOBRE OTRAS GLANDULAS ENDOCRINAS,02. (06 07) OPERACIONES SOBRE EL SISTEMA ENDOCRINO,02. (06 07) OPERACIONES SOBRE EL SISTEMA ENDOCRINO
07.63,HIPOFISECTOMIA PARCIAL ACCESO NEOM,07 OPERACIONES SOBRE OTRAS GLANDULAS ENDOCRINAS,02. (06 07) OPERACIONES SOBRE EL SISTEMA ENDOCRINO,02. (06 07) OPERACIONES SOBRE EL SISTEMA ENDOCRINO
07.64,HIPOFISECTOMIA TOTAL ACCESO TRANSFRONTAL,07 OPERACIONES SOBRE OTRAS GLANDULAS ENDOCRINAS,02. (06 07) OPERACIONES SOBRE EL SISTEMA ENDOCRINO,02. (06 07) OPERACIONES SOBRE EL SISTEMA ENDOCRINO
07.65,HIPOFISECTOMIA TOTAL ACCESO TRANSESFENOIDAL,07 OPERACIONES SOBRE OTRAS GLANDULAS ENDOCRINAS,02. (06 07) OPERACIONES SOBRE EL SISTEMA ENDOCRINO,02. (06 07) OPERACIONES SOBRE EL SISTEMA ENDOCRINO
07.68,HIPOFISECTOMIA TOTAL ACCESO OTRO,07 OPERACIONES SOBRE OTRAS GLANDULAS ENDOCRINAS,02. (06 07) OPERACIONES SOBRE EL SISTEMA ENDOCRINO,02. (06 07) OPERACIONES SOBRE EL SISTEMA ENDOCRINO
07.69,HIPOFISECTOMIA TOTAL ACCESO NEOM,07 OPERACIONES SOBRE OTRAS GLANDULAS ENDOCRINAS,02. (06 07) OPERACIONES SOBRE EL SISTEMA ENDOCRINO,02. (06 07) OPERACIONES SOBRE EL SISTEMA ENDOCRINO
07.7,OPERACION GLANDULA HIPOFISIS OTRA,07 OPERACIONES SOBRE OTRAS GLANDULAS ENDOCRINAS,02. (06 07) OPERACIONES SOBRE EL SISTEMA ENDOCRINO,02. (06 07) OPERACIONES SOBRE EL SISTEMA ENDOCRINO
07.71,EXPLORACION FOSA HIPOFISARIA,07 OPERACIONES SOBRE OTRAS GLANDULAS ENDOCRINAS,02. (06 07) OPERACIONES SOBRE EL SISTEMA ENDOCRINO,02. (06 07) OPERACIONES SOBRE EL SISTEMA ENDOCRINO
07.72,INCISION GLANDULA HIPOFISIS,07 OPERACIONES SOBRE OTRAS GLANDULAS ENDOCRINAS,02. (06 07) OPERACIONES SOBRE EL SISTEMA ENDOCRINO,02. (06 07) OPERACIONES SOBRE EL SISTEMA ENDOCRINO
07.79,OPERACION GLANDULA HIPOFISIS.OTRA,07 OPERACIONES SOBRE OTRAS GLANDULAS ENDOCRINAS,02. (06 07) OPERACIONES SOBRE EL SISTEMA ENDOCRINO,02. (06 07) OPERACIONES SOBRE EL SISTEMA ENDOCRINO
07.8,TIMECTOMIA,07 OPERACIONES SOBRE OTRAS GLANDULAS ENDOCRINAS,02. (06 07) OPERACIONES SOBRE EL SISTEMA ENDOCRINO,02. (06 07) OPERACIONES SOBRE EL SISTEMA ENDOCRINO
07.80,TIMECTOMIA.NEOM,07 OPERACIONES SOBRE OTRAS GLANDULAS ENDOCRINAS,02. (06 07) OPERACIONES SOBRE EL SISTEMA ENDOCRINO,02. (06 07) OPERACIONES SOBRE EL SISTEMA ENDOCRINO
07.81,ESCISION TIMO PARCIAL OTRA,07 OPERACIONES SOBRE OTRAS GLANDULAS ENDOCRINAS,02. (06 07) OPERACIONES SOBRE EL SISTEMA ENDOCRINO,02. (06 07) OPERACIONES SOBRE EL SISTEMA ENDOCRINO
07.82,ESCISION TIMO TOTAL OTRA,07 OPERACIONES SOBRE OTRAS GLANDULAS ENDOCRINAS,02. (06 07) OPERACIONES SOBRE EL SISTEMA ENDOCRINO,02. (06 07) OPERACIONES SOBRE EL SISTEMA ENDOCRINO
07.83,ESCISION PARCIAL TIMO TORACOSCOPICA,07 OPERACIONES SOBRE OTRAS GLANDULAS ENDOCRINAS,02. (06 07) OPERACIONES SOBRE EL SISTEMA ENDOCRINO,02. (06 07) OPERACIONES SOBRE EL SISTEMA ENDOCRINO
07.84,ESCISION TOTAL TIMO TORACOSCOPICA,07 OPERACIONES SOBRE OTRAS GLANDULAS ENDOCRINAS,02. (06 07) OPERACIONES SOBRE EL SISTEMA ENDOCRINO,02. (06 07) OPERACIONES SOBRE EL SISTEMA ENDOCRINO
07.9,OPERACION TIMO OTRA,07 OPERACIONES SOBRE OTRAS GLANDULAS ENDOCRINAS,02. (06 07) OPERACIONES SOBRE EL SISTEMA ENDOCRINO,02. (06 07) OPERACIONES SOBRE EL SISTEMA ENDOCRINO
07.91,EXPLORACION AREA TIMO,07 OPERACIONES SOBRE OTRAS GLANDULAS ENDOCRINAS,02. (06 07) OPERACIONES SOBRE EL SISTEMA ENDOCRINO,02. (06 07) OPERACIONES SOBRE EL SISTEMA ENDOCRINO
07.92,INCISION TIMO OTRA,07 OPERACIONES SOBRE OTRAS GLANDULAS ENDOCRINAS,02. (06 07) OPERACIONES SOBRE EL SISTEMA ENDOCRINO,02. (06 07) OPERACIONES SOBRE EL SISTEMA ENDOCRINO
07.93,REPARACION TIMO,07 OPERACIONES SOBRE OTRAS GLANDULAS ENDOCRINAS,02. (06 07) OPERACIONES SOBRE EL SISTEMA ENDOCRINO,02. (06 07) OPERACIONES SOBRE EL SISTEMA ENDOCRINO
07.94,TRASPLANTE TIMO,07 OPERACIONES SOBRE OTRAS GLANDULAS ENDOCRINAS,02. (06 07) OPERACIONES SOBRE EL SISTEMA ENDOCRINO,02. (06 07) OPERACIONES SOBRE EL SISTEMA ENDOCRINO
07.95,INCISION TIMO TORACOSCOPICA,07 OPERACIONES SOBRE OTRAS GLANDULAS ENDOCRINAS,02. (06 07) OPERACIONES SOBRE EL SISTEMA ENDOCRINO,02. (06 07) OPERACIONES SOBRE EL SISTEMA ENDOCRINO
07.98,OPERACION TIMO TORACOSCOPICA OTRA,07 OPERACIONES SOBRE OTRAS GLANDULAS ENDOCRINAS,02. (06 07) OPERACIONES SOBRE EL SISTEMA ENDOCRINO,02. (06 07) OPERACIONES SOBRE EL SISTEMA ENDOCRINO
07.99,OPERACION TIMO.OTRA Y NEOM,07 OPERACIONES SOBRE OTRAS GLANDULAS ENDOCRINAS,02. (06 07) OPERACIONES SOBRE EL SISTEMA ENDOCRINO,02. (06 07) OPERACIONES SOBRE EL SISTEMA ENDOCRINO
08,OPERACION PARPADO,08 OPERACIONES SOBRE PARPADOS,03. (08 16) OPERACIONES SOBRE EL OJO,03. (08 16) OPERACIONES SOBRE EL OJO
08.0,INCISION PARPADO,08 OPERACIONES SOBRE PARPADOS,03. (08 16) OPERACIONES SOBRE EL OJO,03. (08 16) OPERACIONES SOBRE EL OJO
08.01,INCISION MARGEN PARPADO,08 OPERACIONES SOBRE PARPADOS,03. (08 16) OPERACIONES SOBRE EL OJO,03. (08 16) OPERACIONES SOBRE EL OJO
08.02,SECCION BLEFARORRAFIA,08 OPERACIONES SOBRE PARPADOS,03. (08 16) OPERACIONES SOBRE EL OJO,03. (08 16) OPERACIONES SOBRE EL OJO
08.09,INCISION PARPADO.OTRA,08 OPERACIONES SOBRE PARPADOS,03. (08 16) OPERACIONES SOBRE EL OJO,03. (08 16) OPERACIONES SOBRE EL OJO
08.1,PROCEDIMIENTO DIAGNOSTICO PARPADO,08 OPERACIONES SOBRE PARPADOS,03. (08 16) OPERACIONES SOBRE EL OJO,03. (08 16) OPERACIONES SOBRE EL OJO
08.11,BIOPSIA PARPADO,08 OPERACIONES SOBRE PARPADOS,03. (08 16) OPERACIONES SOBRE EL OJO,03. (08 16) OPERACIONES SOBRE EL OJO
08.19,PROCEDIMIENTO DIAGNOSTICO PARPADO.OTRO,08 OPERACIONES SOBRE PARPADOS,03. (08 16) OPERACIONES SOBRE EL OJO,03. (08 16) OPERACIONES SOBRE EL OJO
08.2,ESCISION PARPADO LOCAL,08 OPERACIONES SOBRE PARPADOS,03. (08 16) OPERACIONES SOBRE EL OJO,03. (08 16) OPERACIONES SOBRE EL OJO
08.20,ESCISION PARPADO LOCAL NEOM,08 OPERACIONES SOBRE PARPADOS,03. (08 16) OPERACIONES SOBRE EL OJO,03. (08 16) OPERACIONES SOBRE EL OJO
08.21,ESCISION CHALAZION,08 OPERACIONES SOBRE PARPADOS,03. (08 16) OPERACIONES SOBRE EL OJO,03. (08 16) OPERACIONES SOBRE EL OJO
08.22,ESCISION PARPADO LOCAL OTRA,08 OPERACIONES SOBRE PARPADOS,03. (08 16) OPERACIONES SOBRE EL OJO,03. (08 16) OPERACIONES SOBRE EL OJO
08.23,ESCISION PARPADO LOCAL IMPORTANTE ESPESOR PARCIAL,08 OPERACIONES SOBRE PARPADOS,03. (08 16) OPERACIONES SOBRE EL OJO,03. (08 16) OPERACIONES SOBRE EL OJO
08.24,ESCISION PARPADO IMPORTANTE LOCAL ESPESOR TOTAL,08 OPERACIONES SOBRE PARPADOS,03. (08 16) OPERACIONES SOBRE EL OJO,03. (08 16) OPERACIONES SOBRE EL OJO
08.25,DESTRUCCION PARPADO LOCAL,08 OPERACIONES SOBRE PARPADOS,03. (08 16) OPERACIONES SOBRE EL OJO,03. (08 16) OPERACIONES SOBRE EL OJO
08.3,REPARACION BLEFAROPTOSIS Y RETRACCION PARPADO,08 OPERACIONES SOBRE PARPADOS,03. (08 16) OPERACIONES SOBRE EL OJO,03. (08 16) OPERACIONES SOBRE EL OJO
08.31,REPARACION BLEFAROPTOSIS CON MUSCULO FRONTAL Y SUTURA,08 OPERACIONES SOBRE PARPADOS,03. (08 16) OPERACIONES SOBRE EL OJO,03. (08 16) OPERACIONES SOBRE EL OJO
08.32,REPARACION BLEFAROPTOSIS CON MUSCULO FRONTAL Y  SUSPENSION,08 OPERACIONES SOBRE PARPADOS,03. (08 16) OPERACIONES SOBRE EL OJO,03. (08 16) OPERACIONES SOBRE EL OJO
08.33,REPARACION BLEFAROPTOSIS CON RESECCION MUSCULO ELEVADOR,08 OPERACIONES SOBRE PARPADOS,03. (08 16) OPERACIONES SOBRE EL OJO,03. (08 16) OPERACIONES SOBRE EL OJO
08.34,REPARACION BLEFAROPTOSIS CON MUSCULO ELEVADOR OTRA,08 OPERACIONES SOBRE PARPADOS,03. (08 16) OPERACIONES SOBRE EL OJO,03. (08 16) OPERACIONES SOBRE EL OJO
08.35,REPARACION BLEFAROPTOSIS CON TARSO,08 OPERACIONES SOBRE PARPADOS,03. (08 16) OPERACIONES SOBRE EL OJO,03. (08 16) OPERACIONES SOBRE EL OJO
08.36,REPARACION BLEFAROPTOSIS OTRA,08 OPERACIONES SOBRE PARPADOS,03. (08 16) OPERACIONES SOBRE EL OJO,03. (08 16) OPERACIONES SOBRE EL OJO
08.37,REDUCCION CORRECCCION EXCESIVA BLEFAROPTOSIS,08 OPERACIONES SOBRE PARPADOS,03. (08 16) OPERACIONES SOBRE EL OJO,03. (08 16) OPERACIONES SOBRE EL OJO
08.38,CORRECCION RETRACCION PARPADO,08 OPERACIONES SOBRE PARPADOS,03. (08 16) OPERACIONES SOBRE EL OJO,03. (08 16) OPERACIONES SOBRE EL OJO
08.4,REPARACION ENTROPION Y ECTROPION,08 OPERACIONES SOBRE PARPADOS,03. (08 16) OPERACIONES SOBRE EL OJO,03. (08 16) OPERACIONES SOBRE EL OJO
08.41,REPARACION ENTROPION Y ECTROPION POR TERMOCAUTERIZACION,08 OPERACIONES SOBRE PARPADOS,03. (08 16) OPERACIONES SOBRE EL OJO,03. (08 16) OPERACIONES SOBRE EL OJO
08.42,REPARACION ENTROPION Y ECTROPION POR SUTURA,08 OPERACIONES SOBRE PARPADOS,03. (08 16) OPERACIONES SOBRE EL OJO,03. (08 16) OPERACIONES SOBRE EL OJO
08.43,REPARACION ENTROPION Y ECTROPION POR RESECCION EN CUÑA,08 OPERACIONES SOBRE PARPADOS,03. (08 16) OPERACIONES SOBRE EL OJO,03. (08 16) OPERACIONES SOBRE EL OJO
08.44,REPARACION ENTROPION Y ECTROPION CON RECONSTRUCCION PARPADO,08 OPERACIONES SOBRE PARPADOS,03. (08 16) OPERACIONES SOBRE EL OJO,03. (08 16) OPERACIONES SOBRE EL OJO
08.49,REPARACION ENTROPION Y ECTROPION.OTRA,08 OPERACIONES SOBRE PARPADOS,03. (08 16) OPERACIONES SOBRE EL OJO,03. (08 16) OPERACIONES SOBRE EL OJO
08.5,AJUSTE POSICION PARPADO OTRO,08 OPERACIONES SOBRE PARPADOS,03. (08 16) OPERACIONES SOBRE EL OJO,03. (08 16) OPERACIONES SOBRE EL OJO
08.51,CANTOTOMIA,08 OPERACIONES SOBRE PARPADOS,03. (08 16) OPERACIONES SOBRE EL OJO,03. (08 16) OPERACIONES SOBRE EL OJO
08.52,BLEFARORRAFIA,08 OPERACIONES SOBRE PARPADOS,03. (08 16) OPERACIONES SOBRE EL OJO,03. (08 16) OPERACIONES SOBRE EL OJO
08.59,AJUSTE POSICION PARPADO.OTRO,08 OPERACIONES SOBRE PARPADOS,03. (08 16) OPERACIONES SOBRE EL OJO,03. (08 16) OPERACIONES SOBRE EL OJO
08.6,RECONSTRUCCION PARPADO CON COLGAJO O INJERTO PIEL,08 OPERACIONES SOBRE PARPADOS,03. (08 16) OPERACIONES SOBRE EL OJO,03. (08 16) OPERACIONES SOBRE EL OJO
08.61,RECONSTRUCCION PARPADO CON COLGAJO O INJERTO PIEL,08 OPERACIONES SOBRE PARPADOS,03. (08 16) OPERACIONES SOBRE EL OJO,03. (08 16) OPERACIONES SOBRE EL OJO
08.62,RECONSTRUCCION PARPADO CON COLGAJO O INJERTO MEMBRANA MUCOSA,08 OPERACIONES SOBRE PARPADOS,03. (08 16) OPERACIONES SOBRE EL OJO,03. (08 16) OPERACIONES SOBRE EL OJO
08.63,RECONSTRUCCION PARPADO CON INJERTO FOLICULO PILOSO,08 OPERACIONES SOBRE PARPADOS,03. (08 16) OPERACIONES SOBRE EL OJO,03. (08 16) OPERACIONES SOBRE EL OJO
08.64,RECONSTRUCCION PARPADO CON COLGAJO TARSOCONJUNTIVAL,08 OPERACIONES SOBRE PARPADOS,03. (08 16) OPERACIONES SOBRE EL OJO,03. (08 16) OPERACIONES SOBRE EL OJO
08.69,RECONSTRUCCION PARPADO CON COLGAJO O INJERTO OTRA,08 OPERACIONES SOBRE PARPADOS,03. (08 16) OPERACIONES SOBRE EL OJO,03. (08 16) OPERACIONES SOBRE EL OJO
08.7,RECONSTRUCCION PARPADO OTRA,08 OPERACIONES SOBRE PARPADOS,03. (08 16) OPERACIONES SOBRE EL OJO,03. (08 16) OPERACIONES SOBRE EL OJO
08.70,RECONSTRUCCION PARPADO NEOM,08 OPERACIONES SOBRE PARPADOS,03. (08 16) OPERACIONES SOBRE EL OJO,03. (08 16) OPERACIONES SOBRE EL OJO
08.71,RECONSTRUCCION MARGEN PARPADO GROSOR PARCIAL,08 OPERACIONES SOBRE PARPADOS,03. (08 16) OPERACIONES SOBRE EL OJO,03. (08 16) OPERACIONES SOBRE EL OJO
08.72,RECONSTRUCCION PARPADO GROSOR PARCIAL OTRA,08 OPERACIONES SOBRE PARPADOS,03. (08 16) OPERACIONES SOBRE EL OJO,03. (08 16) OPERACIONES SOBRE EL OJO
08.73,RECONSTRUCCION MARGEN PARPADO GROSOR TOTAL,08 OPERACIONES SOBRE PARPADOS,03. (08 16) OPERACIONES SOBRE EL OJO,03. (08 16) OPERACIONES SOBRE EL OJO
08.74,RECONSTRUCCION PARPADO GROSOR TOTAL OTRA,08 OPERACIONES SOBRE PARPADOS,03. (08 16) OPERACIONES SOBRE EL OJO,03. (08 16) OPERACIONES SOBRE EL OJO
08.8,REPARACION PARPADO OTRA,08 OPERACIONES SOBRE PARPADOS,03. (08 16) OPERACIONES SOBRE EL OJO,03. (08 16) OPERACIONES SOBRE EL OJO
08.81,SUTURA PARPADO O CEJA LINEAL,08 OPERACIONES SOBRE PARPADOS,03. (08 16) OPERACIONES SOBRE EL OJO,03. (08 16) OPERACIONES SOBRE EL OJO
08.82,SUTURA MARGEN PARPADO GROSOR PARCIAL,08 OPERACIONES SOBRE PARPADOS,03. (08 16) OPERACIONES SOBRE EL OJO,03. (08 16) OPERACIONES SOBRE EL OJO
08.83,SUTURA PARPADO GROSOR PARCIAL OTRA,08 OPERACIONES SOBRE PARPADOS,03. (08 16) OPERACIONES SOBRE EL OJO,03. (08 16) OPERACIONES SOBRE EL OJO
08.84,SUTURA MARGEN PARPADO GROSOR TOTAL,08 OPERACIONES SOBRE PARPADOS,03. (08 16) OPERACIONES SOBRE EL OJO,03. (08 16) OPERACIONES SOBRE EL OJO
08.85,SUTURA PARPADO GROSOR TOTAL OTRA,08 OPERACIONES SOBRE PARPADOS,03. (08 16) OPERACIONES SOBRE EL OJO,03. (08 16) OPERACIONES SOBRE EL OJO
08.86,RITIDECTOMIA PARPADO INFERIOR,08 OPERACIONES SOBRE PARPADOS,03. (08 16) OPERACIONES SOBRE EL OJO,03. (08 16) OPERACIONES SOBRE EL OJO
08.87,RITIDECTOMIA PARPADO SUPERIOR,08 OPERACIONES SOBRE PARPADOS,03. (08 16) OPERACIONES SOBRE EL OJO,03. (08 16) OPERACIONES SOBRE EL OJO
08.89,REPARACION PARPADO.OTRA,08 OPERACIONES SOBRE PARPADOS,03. (08 16) OPERACIONES SOBRE EL OJO,03. (08 16) OPERACIONES SOBRE EL OJO
08.9,OPERACION PARPADO OTRA,08 OPERACIONES SOBRE PARPADOS,03. (08 16) OPERACIONES SOBRE EL OJO,03. (08 16) OPERACIONES SOBRE EL OJO
08.91,DEPILACION ELECTROQUIRURGICA PARPADO,08 OPERACIONES SOBRE PARPADOS,03. (08 16) OPERACIONES SOBRE EL OJO,03. (08 16) OPERACIONES SOBRE EL OJO
08.92,DEPILACION CRIOQUIRURGICA PARPADO,08 OPERACIONES SOBRE PARPADOS,03. (08 16) OPERACIONES SOBRE EL OJO,03. (08 16) OPERACIONES SOBRE EL OJO
08.93,DEPILACION PARPADO OTRA,08 OPERACIONES SOBRE PARPADOS,03. (08 16) OPERACIONES SOBRE EL OJO,03. (08 16) OPERACIONES SOBRE EL OJO
08.99,OPERACION PARPADO.OTRA,08 OPERACIONES SOBRE PARPADOS,03. (08 16) OPERACIONES SOBRE EL OJO,03. (08 16) OPERACIONES SOBRE EL OJO
09,OPERACION APARATO LAGRIMAL,09 OPERACIONES SOBRE APARATO LAGRIMAL,03. (08 16) OPERACIONES SOBRE EL OJO,03. (08 16) OPERACIONES SOBRE EL OJO
09.0,INCISION GLANDULA LAGRIMAL,09 OPERACIONES SOBRE APARATO LAGRIMAL,03. (08 16) OPERACIONES SOBRE EL OJO,03. (08 16) OPERACIONES SOBRE EL OJO
09.1,PROCEDIMIENTO DIAGNOSTICO APARATO LAGRIMAL,09 OPERACIONES SOBRE APARATO LAGRIMAL,03. (08 16) OPERACIONES SOBRE EL OJO,03. (08 16) OPERACIONES SOBRE EL OJO
09.11,BIOPSIA GLANDULA LAGRIMAL,09 OPERACIONES SOBRE APARATO LAGRIMAL,03. (08 16) OPERACIONES SOBRE EL OJO,03. (08 16) OPERACIONES SOBRE EL OJO
09.12,BIOPSIA SACO LAGRIMAL,09 OPERACIONES SOBRE APARATO LAGRIMAL,03. (08 16) OPERACIONES SOBRE EL OJO,03. (08 16) OPERACIONES SOBRE EL OJO
09.19,PROCEDIMIENTO DIAGNOSTICO APARATO LAGRIMAL.OTRO,09 OPERACIONES SOBRE APARATO LAGRIMAL,03. (08 16) OPERACIONES SOBRE EL OJO,03. (08 16) OPERACIONES SOBRE EL OJO
09.2,ESCISION GLANDULA LAGRIMAL LOCAL,09 OPERACIONES SOBRE APARATO LAGRIMAL,03. (08 16) OPERACIONES SOBRE EL OJO,03. (08 16) OPERACIONES SOBRE EL OJO
09.20,ESCISION GLANDULA LAGRIMAL NEOM,09 OPERACIONES SOBRE APARATO LAGRIMAL,03. (08 16) OPERACIONES SOBRE EL OJO,03. (08 16) OPERACIONES SOBRE EL OJO
09.21,ESCISION GLANDULA LAGRIMAL LOCAL,09 OPERACIONES SOBRE APARATO LAGRIMAL,03. (08 16) OPERACIONES SOBRE EL OJO,03. (08 16) OPERACIONES SOBRE EL OJO
09.22,DACRIOADENECTOMIA PARCIAL OTRA,09 OPERACIONES SOBRE APARATO LAGRIMAL,03. (08 16) OPERACIONES SOBRE EL OJO,03. (08 16) OPERACIONES SOBRE EL OJO
09.23,DACRIOADENECTOMIA TOTAL,09 OPERACIONES SOBRE APARATO LAGRIMAL,03. (08 16) OPERACIONES SOBRE EL OJO,03. (08 16) OPERACIONES SOBRE EL OJO
09.3,OPERACION GLANDULA LAGRIMAL OTRA,09 OPERACIONES SOBRE APARATO LAGRIMAL,03. (08 16) OPERACIONES SOBRE EL OJO,03. (08 16) OPERACIONES SOBRE EL OJO
09.4,MANIPULACION CONDUCTO LAGRIMAL,09 OPERACIONES SOBRE APARATO LAGRIMAL,03. (08 16) OPERACIONES SOBRE EL OJO,03. (08 16) OPERACIONES SOBRE EL OJO
09.41,EXPLORACION PUNTO LAGRIMAL,09 OPERACIONES SOBRE APARATO LAGRIMAL,03. (08 16) OPERACIONES SOBRE EL OJO,03. (08 16) OPERACIONES SOBRE EL OJO
09.42,EXPLORACION CANALICULO LAGRIMAL,09 OPERACIONES SOBRE APARATO LAGRIMAL,03. (08 16) OPERACIONES SOBRE EL OJO,03. (08 16) OPERACIONES SOBRE EL OJO
09.43,EXPLORACION CONDUCTO NASOLAGRIMAL,09 OPERACIONES SOBRE APARATO LAGRIMAL,03. (08 16) OPERACIONES SOBRE EL OJO,03. (08 16) OPERACIONES SOBRE EL OJO
09.44,INTUBACION CONDUCTO NASOLAGRIMAL,09 OPERACIONES SOBRE APARATO LAGRIMAL,03. (08 16) OPERACIONES SOBRE EL OJO,03. (08 16) OPERACIONES SOBRE EL OJO
09.49,MANIPULACION CONDUCTO LAGRIMAL.OTRA,09 OPERACIONES SOBRE APARATO LAGRIMAL,03. (08 16) OPERACIONES SOBRE EL OJO,03. (08 16) OPERACIONES SOBRE EL OJO
09.5,INCISION SACO Y CONDUCTO LAGRIMAL,09 OPERACIONES SOBRE APARATO LAGRIMAL,03. (08 16) OPERACIONES SOBRE EL OJO,03. (08 16) OPERACIONES SOBRE EL OJO
09.51,INCISION PUNTO LAGRIMAL,09 OPERACIONES SOBRE APARATO LAGRIMAL,03. (08 16) OPERACIONES SOBRE EL OJO,03. (08 16) OPERACIONES SOBRE EL OJO
09.52,INCISION CANALICULO LAGRIMAL,09 OPERACIONES SOBRE APARATO LAGRIMAL,03. (08 16) OPERACIONES SOBRE EL OJO,03. (08 16) OPERACIONES SOBRE EL OJO
09.53,INCISION SACO LAGRIMAL,09 OPERACIONES SOBRE APARATO LAGRIMAL,03. (08 16) OPERACIONES SOBRE EL OJO,03. (08 16) OPERACIONES SOBRE EL OJO
09.59,INCISION CONDUCTO LAGRIMAL.OTRA,09 OPERACIONES SOBRE APARATO LAGRIMAL,03. (08 16) OPERACIONES SOBRE EL OJO,03. (08 16) OPERACIONES SOBRE EL OJO
09.6,ESCISION SACO Y CONDUCTO LAGRIMAL,09 OPERACIONES SOBRE APARATO LAGRIMAL,03. (08 16) OPERACIONES SOBRE EL OJO,03. (08 16) OPERACIONES SOBRE EL OJO
09.7,REPARACION CANALICULO Y PUNTO LAGRIMAL,09 OPERACIONES SOBRE APARATO LAGRIMAL,03. (08 16) OPERACIONES SOBRE EL OJO,03. (08 16) OPERACIONES SOBRE EL OJO
09.71,CORRECCION PUNTO LAGRIMAL EVERTIDO,09 OPERACIONES SOBRE APARATO LAGRIMAL,03. (08 16) OPERACIONES SOBRE EL OJO,03. (08 16) OPERACIONES SOBRE EL OJO
09.72,REPARACION PUNTO LAGRIMAL OTRA,09 OPERACIONES SOBRE APARATO LAGRIMAL,03. (08 16) OPERACIONES SOBRE EL OJO,03. (08 16) OPERACIONES SOBRE EL OJO
09.73,REPARACION CANALICULO LAGRIMAL OTRA,09 OPERACIONES SOBRE APARATO LAGRIMAL,03. (08 16) OPERACIONES SOBRE EL OJO,03. (08 16) OPERACIONES SOBRE EL OJO
09.8,FISTULIZACION TRACTO NASOLAGRIMAL,09 OPERACIONES SOBRE APARATO LAGRIMAL,03. (08 16) OPERACIONES SOBRE EL OJO,03. (08 16) OPERACIONES SOBRE EL OJO
09.81,DACRIOCISTORRINOSTOMIA [DCR],09 OPERACIONES SOBRE APARATO LAGRIMAL,03. (08 16) OPERACIONES SOBRE EL OJO,03. (08 16) OPERACIONES SOBRE EL OJO
09.82,CONJUNTIVOCISTORRINOSTOMIA,09 OPERACIONES SOBRE APARATO LAGRIMAL,03. (08 16) OPERACIONES SOBRE EL OJO,03. (08 16) OPERACIONES SOBRE EL OJO
09.83,CONJUNTIVORRINOSTOMIA CON TUBO O STENT,09 OPERACIONES SOBRE APARATO LAGRIMAL,03. (08 16) OPERACIONES SOBRE EL OJO,03. (08 16) OPERACIONES SOBRE EL OJO
09.9,OPERACION APARATO LAGRIMAL OTRA,09 OPERACIONES SOBRE APARATO LAGRIMAL,03. (08 16) OPERACIONES SOBRE EL OJO,03. (08 16) OPERACIONES SOBRE EL OJO
09.91,OCLUSION PUNTO LAGRIMAL,09 OPERACIONES SOBRE APARATO LAGRIMAL,03. (08 16) OPERACIONES SOBRE EL OJO,03. (08 16) OPERACIONES SOBRE EL OJO
09.99,OPERACION APARATO LAGRIMAL.OTRA,09 OPERACIONES SOBRE APARATO LAGRIMAL,03. (08 16) OPERACIONES SOBRE EL OJO,03. (08 16) OPERACIONES SOBRE EL OJO
10,OPERACION CONJUNTIVA,10 OPERACIONES SOBRE LA CONJUNTIVA,03. (08 16) OPERACIONES SOBRE EL OJO,03. (08 16) OPERACIONES SOBRE EL OJO
10.0,EXTRACCION CUERPO EXTRAÑO CONJUNTIVA POR INCISION,10 OPERACIONES SOBRE LA CONJUNTIVA,03. (08 16) OPERACIONES SOBRE EL OJO,03. (08 16) OPERACIONES SOBRE EL OJO
10.1,INCISION CONJUNTIVA OTRA,10 OPERACIONES SOBRE LA CONJUNTIVA,03. (08 16) OPERACIONES SOBRE EL OJO,03. (08 16) OPERACIONES SOBRE EL OJO
10.2,PROCEDIMIENTO DIAGNOSTICO CONJUNTIVA,10 OPERACIONES SOBRE LA CONJUNTIVA,03. (08 16) OPERACIONES SOBRE EL OJO,03. (08 16) OPERACIONES SOBRE EL OJO
10.21,BIOPSIA CONJUNTIVA,10 OPERACIONES SOBRE LA CONJUNTIVA,03. (08 16) OPERACIONES SOBRE EL OJO,03. (08 16) OPERACIONES SOBRE EL OJO
10.29,PROCEDIMIENTO DIAGNOSTICO CONJUNTIVA.OTRO,10 OPERACIONES SOBRE LA CONJUNTIVA,03. (08 16) OPERACIONES SOBRE EL OJO,03. (08 16) OPERACIONES SOBRE EL OJO
10.3,ESCISION CONJUNTIVA LOCAL,10 OPERACIONES SOBRE LA CONJUNTIVA,03. (08 16) OPERACIONES SOBRE EL OJO,03. (08 16) OPERACIONES SOBRE EL OJO
10.31,ESCISION CONJUNTIVA LOCAL,10 OPERACIONES SOBRE LA CONJUNTIVA,03. (08 16) OPERACIONES SOBRE EL OJO,03. (08 16) OPERACIONES SOBRE EL OJO
10.32,DESTRUCCION CONJUNTIVA LOCAL,10 OPERACIONES SOBRE LA CONJUNTIVA,03. (08 16) OPERACIONES SOBRE EL OJO,03. (08 16) OPERACIONES SOBRE EL OJO
10.33,ESCISION CONJUNTIVA LOCAL.OTRA,10 OPERACIONES SOBRE LA CONJUNTIVA,03. (08 16) OPERACIONES SOBRE EL OJO,03. (08 16) OPERACIONES SOBRE EL OJO
10.4,CONJUNTIVOPLASTIA,10 OPERACIONES SOBRE LA CONJUNTIVA,03. (08 16) OPERACIONES SOBRE EL OJO,03. (08 16) OPERACIONES SOBRE EL OJO
10.41,REPARACION SIMBLEFARON CON INJERTO LIBRE,10 OPERACIONES SOBRE LA CONJUNTIVA,03. (08 16) OPERACIONES SOBRE EL OJO,03. (08 16) OPERACIONES SOBRE EL OJO
10.42,RECONSTRUCCION FONDO SACO CONJUNTIVA CON INJERTO LIBRE,10 OPERACIONES SOBRE LA CONJUNTIVA,03. (08 16) OPERACIONES SOBRE EL OJO,03. (08 16) OPERACIONES SOBRE EL OJO
10.43,RECONSTRUCCION FONDO SACO CONJUNTIVA OTRA,10 OPERACIONES SOBRE LA CONJUNTIVA,03. (08 16) OPERACIONES SOBRE EL OJO,03. (08 16) OPERACIONES SOBRE EL OJO
10.44,INJERTO LIBRE CONJUNTIVA OTRO,10 OPERACIONES SOBRE LA CONJUNTIVA,03. (08 16) OPERACIONES SOBRE EL OJO,03. (08 16) OPERACIONES SOBRE EL OJO
10.49,CONJUNTIVOPLASTIA.OTRA,10 OPERACIONES SOBRE LA CONJUNTIVA,03. (08 16) OPERACIONES SOBRE EL OJO,03. (08 16) OPERACIONES SOBRE EL OJO
10.5,LISIS ADHERENCIA CONJUNTIVA Y PARPADO,10 OPERACIONES SOBRE LA CONJUNTIVA,03. (08 16) OPERACIONES SOBRE EL OJO,03. (08 16) OPERACIONES SOBRE EL OJO
10.6,SUTURA CONJUNTIVA,10 OPERACIONES SOBRE LA CONJUNTIVA,03. (08 16) OPERACIONES SOBRE EL OJO,03. (08 16) OPERACIONES SOBRE EL OJO
10.9,OPERACION CONJUNTIVA OTRA,10 OPERACIONES SOBRE LA CONJUNTIVA,03. (08 16) OPERACIONES SOBRE EL OJO,03. (08 16) OPERACIONES SOBRE EL OJO
10.91,INYECCION SUBCONJUNTIVAL,10 OPERACIONES SOBRE LA CONJUNTIVA,03. (08 16) OPERACIONES SOBRE EL OJO,03. (08 16) OPERACIONES SOBRE EL OJO
10.99,OPERACION CONJUNTIVA.OTRA,10 OPERACIONES SOBRE LA CONJUNTIVA,03. (08 16) OPERACIONES SOBRE EL OJO,03. (08 16) OPERACIONES SOBRE EL OJO
11,OPERACION CORNEA,11 OPERACIONES SOBRE CORNEA,03. (08 16) OPERACIONES SOBRE EL OJO,03. (08 16) OPERACIONES SOBRE EL OJO
11.0,EXTRACCION CUERPO EXTRAÑO CORNEA POR IMAN,11 OPERACIONES SOBRE CORNEA,03. (08 16) OPERACIONES SOBRE EL OJO,03. (08 16) OPERACIONES SOBRE EL OJO
11.1,INCISION CORNEA,11 OPERACIONES SOBRE CORNEA,03. (08 16) OPERACIONES SOBRE EL OJO,03. (08 16) OPERACIONES SOBRE EL OJO
11.2,PROCEDIMIENTO DIAGNOSTICO CORNEA,11 OPERACIONES SOBRE CORNEA,03. (08 16) OPERACIONES SOBRE EL OJO,03. (08 16) OPERACIONES SOBRE EL OJO
11.21,RASPADO CORNEA PARA FROTIS O CULTIVO,11 OPERACIONES SOBRE CORNEA,03. (08 16) OPERACIONES SOBRE EL OJO,03. (08 16) OPERACIONES SOBRE EL OJO
11.22,BIOPSIA CORNEA,11 OPERACIONES SOBRE CORNEA,03. (08 16) OPERACIONES SOBRE EL OJO,03. (08 16) OPERACIONES SOBRE EL OJO
11.29,PROCEDIMIENTO DIAGNOSTICO CORNEA.OTRO,11 OPERACIONES SOBRE CORNEA,03. (08 16) OPERACIONES SOBRE EL OJO,03. (08 16) OPERACIONES SOBRE EL OJO
11.3,ESCISION PTERIGION,11 OPERACIONES SOBRE CORNEA,03. (08 16) OPERACIONES SOBRE EL OJO,03. (08 16) OPERACIONES SOBRE EL OJO
11.31,TRANSPOSICION PTERIGION,11 OPERACIONES SOBRE CORNEA,03. (08 16) OPERACIONES SOBRE EL OJO,03. (08 16) OPERACIONES SOBRE EL OJO
11.32,ESCISION PTERIGION CON INJERTO CORNEA,11 OPERACIONES SOBRE CORNEA,03. (08 16) OPERACIONES SOBRE EL OJO,03. (08 16) OPERACIONES SOBRE EL OJO
11.39,ESCISION PTERIGION.OTRA,11 OPERACIONES SOBRE CORNEA,03. (08 16) OPERACIONES SOBRE EL OJO,03. (08 16) OPERACIONES SOBRE EL OJO
11.4,ESCISION CORNEA LOCAL,11 OPERACIONES SOBRE CORNEA,03. (08 16) OPERACIONES SOBRE EL OJO,03. (08 16) OPERACIONES SOBRE EL OJO
11.41,ESCISION MECANICA EPITELIO CORNEA,11 OPERACIONES SOBRE CORNEA,03. (08 16) OPERACIONES SOBRE EL OJO,03. (08 16) OPERACIONES SOBRE EL OJO
11.42,TERMOCAUTERIZACION LESION CORNEA,11 OPERACIONES SOBRE CORNEA,03. (08 16) OPERACIONES SOBRE EL OJO,03. (08 16) OPERACIONES SOBRE EL OJO
11.43,CRIOTERAPIA LESION CORNEA,11 OPERACIONES SOBRE CORNEA,03. (08 16) OPERACIONES SOBRE EL OJO,03. (08 16) OPERACIONES SOBRE EL OJO
11.49,ESCISION CORNEA LOCAL.OTRA,11 OPERACIONES SOBRE CORNEA,03. (08 16) OPERACIONES SOBRE EL OJO,03. (08 16) OPERACIONES SOBRE EL OJO
11.5,REPARACION CORNEA,11 OPERACIONES SOBRE CORNEA,03. (08 16) OPERACIONES SOBRE EL OJO,03. (08 16) OPERACIONES SOBRE EL OJO
11.51,SUTURA CORNEA,11 OPERACIONES SOBRE CORNEA,03. (08 16) OPERACIONES SOBRE EL OJO,03. (08 16) OPERACIONES SOBRE EL OJO
11.52,REPARACION DEHISCENCIA HERIDA CORNEA POSTOPERATORIA,11 OPERACIONES SOBRE CORNEA,03. (08 16) OPERACIONES SOBRE EL OJO,03. (08 16) OPERACIONES SOBRE EL OJO
11.53,SUTURA CORNEA CON COLGAJO CONJUNTIVA,11 OPERACIONES SOBRE CORNEA,03. (08 16) OPERACIONES SOBRE EL OJO,03. (08 16) OPERACIONES SOBRE EL OJO
11.59,REPARACION CORNEA.OTRA,11 OPERACIONES SOBRE CORNEA,03. (08 16) OPERACIONES SOBRE EL OJO,03. (08 16) OPERACIONES SOBRE EL OJO
11.6,TRASPLANTE CORNEA,11 OPERACIONES SOBRE CORNEA,03. (08 16) OPERACIONES SOBRE EL OJO,03. (08 16) OPERACIONES SOBRE EL OJO
11.60,TRASPLANTE CORNEA.NEOM,11 OPERACIONES SOBRE CORNEA,03. (08 16) OPERACIONES SOBRE EL OJO,03. (08 16) OPERACIONES SOBRE EL OJO
11.61,QUERATOPLASTIA LAMINAR CON AUTOINJERTO,11 OPERACIONES SOBRE CORNEA,03. (08 16) OPERACIONES SOBRE EL OJO,03. (08 16) OPERACIONES SOBRE EL OJO
11.62,QUERATOPLASTIA LAMINAR OTRA,11 OPERACIONES SOBRE CORNEA,03. (08 16) OPERACIONES SOBRE EL OJO,03. (08 16) OPERACIONES SOBRE EL OJO
11.63,QUERATOPLASTIA PENETRANTE CON AUTOINJERTO,11 OPERACIONES SOBRE CORNEA,03. (08 16) OPERACIONES SOBRE EL OJO,03. (08 16) OPERACIONES SOBRE EL OJO
11.64,QUERATOPLASTIA PENETRANTE OTRA,11 OPERACIONES SOBRE CORNEA,03. (08 16) OPERACIONES SOBRE EL OJO,03. (08 16) OPERACIONES SOBRE EL OJO
11.69,TRASPLANTE CORNEA.OTRO,11 OPERACIONES SOBRE CORNEA,03. (08 16) OPERACIONES SOBRE EL OJO,03. (08 16) OPERACIONES SOBRE EL OJO
11.7,RECONSTRUCCION CORNEA OTRA,11 OPERACIONES SOBRE CORNEA,03. (08 16) OPERACIONES SOBRE EL OJO,03. (08 16) OPERACIONES SOBRE EL OJO
11.71,QUERATOMILEUSIS,11 OPERACIONES SOBRE CORNEA,03. (08 16) OPERACIONES SOBRE EL OJO,03. (08 16) OPERACIONES SOBRE EL OJO
11.72,QUERATOFAQUIA,11 OPERACIONES SOBRE CORNEA,03. (08 16) OPERACIONES SOBRE EL OJO,03. (08 16) OPERACIONES SOBRE EL OJO
11.73,QUERATOPROTESIS,11 OPERACIONES SOBRE CORNEA,03. (08 16) OPERACIONES SOBRE EL OJO,03. (08 16) OPERACIONES SOBRE EL OJO
11.74,TERMOQUERATOPLASTIA,11 OPERACIONES SOBRE CORNEA,03. (08 16) OPERACIONES SOBRE EL OJO,03. (08 16) OPERACIONES SOBRE EL OJO
11.75,QUERATOTOMIA RADIAL,11 OPERACIONES SOBRE CORNEA,03. (08 16) OPERACIONES SOBRE EL OJO,03. (08 16) OPERACIONES SOBRE EL OJO
11.76,EPIQUERATOFAQUIA,11 OPERACIONES SOBRE CORNEA,03. (08 16) OPERACIONES SOBRE EL OJO,03. (08 16) OPERACIONES SOBRE EL OJO
11.79,RECONSTRUCCION CORNEA.OTRA,11 OPERACIONES SOBRE CORNEA,03. (08 16) OPERACIONES SOBRE EL OJO,03. (08 16) OPERACIONES SOBRE EL OJO
11.9,OPERACION CORNEA OTRA,11 OPERACIONES SOBRE CORNEA,03. (08 16) OPERACIONES SOBRE EL OJO,03. (08 16) OPERACIONES SOBRE EL OJO
11.91,TATUAJE CORNEA,11 OPERACIONES SOBRE CORNEA,03. (08 16) OPERACIONES SOBRE EL OJO,03. (08 16) OPERACIONES SOBRE EL OJO
11.92,EXTRACCION IMPLANTE ARTIFICAL CORNEA,11 OPERACIONES SOBRE CORNEA,03. (08 16) OPERACIONES SOBRE EL OJO,03. (08 16) OPERACIONES SOBRE EL OJO
11.99,OPERACION CORNEA.OTRA,11 OPERACIONES SOBRE CORNEA,03. (08 16) OPERACIONES SOBRE EL OJO,03. (08 16) OPERACIONES SOBRE EL OJO
12,"OPERACION IRIS,CUERPO CILIAR,ESCLEROTICA Y CAMARA ANTERIOR","12 OPERAC.SOBRE IRIS,CUERPO CILIAL,ESCLEROTICA Y CAMARA.ANTERIO",03. (08 16) OPERACIONES SOBRE EL OJO,03. (08 16) OPERACIONES SOBRE EL OJO
12.0,EXTRACCION CUERPO EXTRAÑO INTRAOCULAR SEGMENTO ANTERIOR,"12 OPERAC.SOBRE IRIS,CUERPO CILIAL,ESCLEROTICA Y CAMARA.ANTERIO",03. (08 16) OPERACIONES SOBRE EL OJO,03. (08 16) OPERACIONES SOBRE EL OJO
12.00,EXTRACCION CUERPO EXTRAÑO INTRAOCULAR SEGMENTO ANTERIOR.NEOM,"12 OPERAC.SOBRE IRIS,CUERPO CILIAL,ESCLEROTICA Y CAMARA.ANTERIO",03. (08 16) OPERACIONES SOBRE EL OJO,03. (08 16) OPERACIONES SOBRE EL OJO
12.01,EXTRACCION CUERPO EXTRAÑO INTRAOCULAR CON IMAN,"12 OPERAC.SOBRE IRIS,CUERPO CILIAL,ESCLEROTICA Y CAMARA.ANTERIO",03. (08 16) OPERACIONES SOBRE EL OJO,03. (08 16) OPERACIONES SOBRE EL OJO
12.02,EXTRACCION CUERPO EXTRAÑO INTRAOCULAR SIN IMAN,"12 OPERAC.SOBRE IRIS,CUERPO CILIAL,ESCLEROTICA Y CAMARA.ANTERIO",03. (08 16) OPERACIONES SOBRE EL OJO,03. (08 16) OPERACIONES SOBRE EL OJO
12.1,IRIDOTOMIA E IRIDECTOMIA SIMPLE,"12 OPERAC.SOBRE IRIS,CUERPO CILIAL,ESCLEROTICA Y CAMARA.ANTERIO",03. (08 16) OPERACIONES SOBRE EL OJO,03. (08 16) OPERACIONES SOBRE EL OJO
12.11,IRIDOTOMIA CON TRANSFIXION,"12 OPERAC.SOBRE IRIS,CUERPO CILIAL,ESCLEROTICA Y CAMARA.ANTERIO",03. (08 16) OPERACIONES SOBRE EL OJO,03. (08 16) OPERACIONES SOBRE EL OJO
12.12,IRIDOTOMIA OTRA,"12 OPERAC.SOBRE IRIS,CUERPO CILIAL,ESCLEROTICA Y CAMARA.ANTERIO",03. (08 16) OPERACIONES SOBRE EL OJO,03. (08 16) OPERACIONES SOBRE EL OJO
12.13,ESCISION IRIS PROLAPSADO,"12 OPERAC.SOBRE IRIS,CUERPO CILIAL,ESCLEROTICA Y CAMARA.ANTERIO",03. (08 16) OPERACIONES SOBRE EL OJO,03. (08 16) OPERACIONES SOBRE EL OJO
12.14,IRIDECTOMIA OTRA,"12 OPERAC.SOBRE IRIS,CUERPO CILIAL,ESCLEROTICA Y CAMARA.ANTERIO",03. (08 16) OPERACIONES SOBRE EL OJO,03. (08 16) OPERACIONES SOBRE EL OJO
12.2,"PROCEDIMIENTO DIAGNOSTICO IRIS, Y ESCLEROTICA","12 OPERAC.SOBRE IRIS,CUERPO CILIAL,ESCLEROTICA Y CAMARA.ANTERIO",03. (08 16) OPERACIONES SOBRE EL OJO,03. (08 16) OPERACIONES SOBRE EL OJO
12.21,ASPIRACION DIAGNOSTICA CAMARA ANTERIOR OJO,"12 OPERAC.SOBRE IRIS,CUERPO CILIAL,ESCLEROTICA Y CAMARA.ANTERIO",03. (08 16) OPERACIONES SOBRE EL OJO,03. (08 16) OPERACIONES SOBRE EL OJO
12.22,BIOPSIA IRIS,"12 OPERAC.SOBRE IRIS,CUERPO CILIAL,ESCLEROTICA Y CAMARA.ANTERIO",03. (08 16) OPERACIONES SOBRE EL OJO,03. (08 16) OPERACIONES SOBRE EL OJO
12.29,PROCEDIMIENTO DIAGNOSTICO IRIS Y ESCLEROTICA.OTRO,"12 OPERAC.SOBRE IRIS,CUERPO CILIAL,ESCLEROTICA Y CAMARA.ANTERIO",03. (08 16) OPERACIONES SOBRE EL OJO,03. (08 16) OPERACIONES SOBRE EL OJO
12.3,IRIDOPLASTIA Y COREOPLASTIA,"12 OPERAC.SOBRE IRIS,CUERPO CILIAL,ESCLEROTICA Y CAMARA.ANTERIO",03. (08 16) OPERACIONES SOBRE EL OJO,03. (08 16) OPERACIONES SOBRE EL OJO
12.31,LISIS GONIOSINEQUIA,"12 OPERAC.SOBRE IRIS,CUERPO CILIAL,ESCLEROTICA Y CAMARA.ANTERIO",03. (08 16) OPERACIONES SOBRE EL OJO,03. (08 16) OPERACIONES SOBRE EL OJO
12.32,LISIS SINEQUIA ANTERIOR IRIS OTRA,"12 OPERAC.SOBRE IRIS,CUERPO CILIAL,ESCLEROTICA Y CAMARA.ANTERIO",03. (08 16) OPERACIONES SOBRE EL OJO,03. (08 16) OPERACIONES SOBRE EL OJO
12.33,LISIS SINEQUIA POSTERIOR IRIS,"12 OPERAC.SOBRE IRIS,CUERPO CILIAL,ESCLEROTICA Y CAMARA.ANTERIO",03. (08 16) OPERACIONES SOBRE EL OJO,03. (08 16) OPERACIONES SOBRE EL OJO
12.34,LISIS ADHERENCIA CORNEOVITREA,"12 OPERAC.SOBRE IRIS,CUERPO CILIAL,ESCLEROTICA Y CAMARA.ANTERIO",03. (08 16) OPERACIONES SOBRE EL OJO,03. (08 16) OPERACIONES SOBRE EL OJO
12.35,COREOPLASTIA,"12 OPERAC.SOBRE IRIS,CUERPO CILIAL,ESCLEROTICA Y CAMARA.ANTERIO",03. (08 16) OPERACIONES SOBRE EL OJO,03. (08 16) OPERACIONES SOBRE EL OJO
12.39,IRIDOPLASTIA OTRA,"12 OPERAC.SOBRE IRIS,CUERPO CILIAL,ESCLEROTICA Y CAMARA.ANTERIO",03. (08 16) OPERACIONES SOBRE EL OJO,03. (08 16) OPERACIONES SOBRE EL OJO
12.4,ESCISION IRIS Y CUERPO CILIAR LOCAL,"12 OPERAC.SOBRE IRIS,CUERPO CILIAL,ESCLEROTICA Y CAMARA.ANTERIO",03. (08 16) OPERACIONES SOBRE EL OJO,03. (08 16) OPERACIONES SOBRE EL OJO
12.40,ESCISION SEGMENTO ANTERIOR OJO LOCAL NEOM,"12 OPERAC.SOBRE IRIS,CUERPO CILIAL,ESCLEROTICA Y CAMARA.ANTERIO",03. (08 16) OPERACIONES SOBRE EL OJO,03. (08 16) OPERACIONES SOBRE EL OJO
12.41,DESTRUCCION IRIS LOCAL SIN ESCISION,"12 OPERAC.SOBRE IRIS,CUERPO CILIAL,ESCLEROTICA Y CAMARA.ANTERIO",03. (08 16) OPERACIONES SOBRE EL OJO,03. (08 16) OPERACIONES SOBRE EL OJO
12.42,ESCISION IRIS LOCAL,"12 OPERAC.SOBRE IRIS,CUERPO CILIAL,ESCLEROTICA Y CAMARA.ANTERIO",03. (08 16) OPERACIONES SOBRE EL OJO,03. (08 16) OPERACIONES SOBRE EL OJO
12.43,DESTRUCCION CUERPO CILIAR LOCAL SIN ESCISION,"12 OPERAC.SOBRE IRIS,CUERPO CILIAL,ESCLEROTICA Y CAMARA.ANTERIO",03. (08 16) OPERACIONES SOBRE EL OJO,03. (08 16) OPERACIONES SOBRE EL OJO
12.44,ESCISION CUERPO CILIAR LOCAL,"12 OPERAC.SOBRE IRIS,CUERPO CILIAL,ESCLEROTICA Y CAMARA.ANTERIO",03. (08 16) OPERACIONES SOBRE EL OJO,03. (08 16) OPERACIONES SOBRE EL OJO
12.5,FACILITACION CIRCULACION INTRAOCULAR,"12 OPERAC.SOBRE IRIS,CUERPO CILIAL,ESCLEROTICA Y CAMARA.ANTERIO",03. (08 16) OPERACIONES SOBRE EL OJO,03. (08 16) OPERACIONES SOBRE EL OJO
12.51,GONIOPUNCION SIN GONIOTOMIA,"12 OPERAC.SOBRE IRIS,CUERPO CILIAL,ESCLEROTICA Y CAMARA.ANTERIO",03. (08 16) OPERACIONES SOBRE EL OJO,03. (08 16) OPERACIONES SOBRE EL OJO
12.52,GONIOTOMIA SIN GONIOPUNCION,"12 OPERAC.SOBRE IRIS,CUERPO CILIAL,ESCLEROTICA Y CAMARA.ANTERIO",03. (08 16) OPERACIONES SOBRE EL OJO,03. (08 16) OPERACIONES SOBRE EL OJO
12.53,GONIOTOMIA CON GONIOPUNCION,"12 OPERAC.SOBRE IRIS,CUERPO CILIAL,ESCLEROTICA Y CAMARA.ANTERIO",03. (08 16) OPERACIONES SOBRE EL OJO,03. (08 16) OPERACIONES SOBRE EL OJO
12.54,TRABECULOTOMIA EXTERNA,"12 OPERAC.SOBRE IRIS,CUERPO CILIAL,ESCLEROTICA Y CAMARA.ANTERIO",03. (08 16) OPERACIONES SOBRE EL OJO,03. (08 16) OPERACIONES SOBRE EL OJO
12.55,CICLODIALISIS,"12 OPERAC.SOBRE IRIS,CUERPO CILIAL,ESCLEROTICA Y CAMARA.ANTERIO",03. (08 16) OPERACIONES SOBRE EL OJO,03. (08 16) OPERACIONES SOBRE EL OJO
12.59,FACILITACION CIRCULACION INTRAOCULAR.OTRA,"12 OPERAC.SOBRE IRIS,CUERPO CILIAL,ESCLEROTICA Y CAMARA.ANTERIO",03. (08 16) OPERACIONES SOBRE EL OJO,03. (08 16) OPERACIONES SOBRE EL OJO
12.6,FISTULIZACION ESCLERAL,"12 OPERAC.SOBRE IRIS,CUERPO CILIAL,ESCLEROTICA Y CAMARA.ANTERIO",03. (08 16) OPERACIONES SOBRE EL OJO,03. (08 16) OPERACIONES SOBRE EL OJO
12.61,TREPANACION ESCLEROTICA CON IRIDECTOMIA,"12 OPERAC.SOBRE IRIS,CUERPO CILIAL,ESCLEROTICA Y CAMARA.ANTERIO",03. (08 16) OPERACIONES SOBRE EL OJO,03. (08 16) OPERACIONES SOBRE EL OJO
12.62,TERMOCAUTERIO ESCLEROTICA CON IRIDECTOMIA,"12 OPERAC.SOBRE IRIS,CUERPO CILIAL,ESCLEROTICA Y CAMARA.ANTERIO",03. (08 16) OPERACIONES SOBRE EL OJO,03. (08 16) OPERACIONES SOBRE EL OJO
12.63,IRIDOCLISIS E IRIDOTASIS,"12 OPERAC.SOBRE IRIS,CUERPO CILIAL,ESCLEROTICA Y CAMARA.ANTERIO",03. (08 16) OPERACIONES SOBRE EL OJO,03. (08 16) OPERACIONES SOBRE EL OJO
12.64,TRABECULECTOMIA EXTERNA,"12 OPERAC.SOBRE IRIS,CUERPO CILIAL,ESCLEROTICA Y CAMARA.ANTERIO",03. (08 16) OPERACIONES SOBRE EL OJO,03. (08 16) OPERACIONES SOBRE EL OJO
12.65,FISTULIZACION ESCLERAL CON IRIDECTOMIA OTRA,"12 OPERAC.SOBRE IRIS,CUERPO CILIAL,ESCLEROTICA Y CAMARA.ANTERIO",03. (08 16) OPERACIONES SOBRE EL OJO,03. (08 16) OPERACIONES SOBRE EL OJO
12.66,REVISION FISTULIZACION ESCLERAL POSTOPERATORIA,"12 OPERAC.SOBRE IRIS,CUERPO CILIAL,ESCLEROTICA Y CAMARA.ANTERIO",03. (08 16) OPERACIONES SOBRE EL OJO,03. (08 16) OPERACIONES SOBRE EL OJO
12.67,INSERCION DISPOSITIVO DRENAJE HUMOR ACUOSO,"12 OPERAC.SOBRE IRIS,CUERPO CILIAL,ESCLEROTICA Y CAMARA.ANTERIO",03. (08 16) OPERACIONES SOBRE EL OJO,03. (08 16) OPERACIONES SOBRE EL OJO
12.69,FISTULIZACION ESCLERAL.OTRA,"12 OPERAC.SOBRE IRIS,CUERPO CILIAL,ESCLEROTICA Y CAMARA.ANTERIO",03. (08 16) OPERACIONES SOBRE EL OJO,03. (08 16) OPERACIONES SOBRE EL OJO
12.7,PROCEDIMIENTO ALIVIO PRESION INTRAOCULAR ELEVADA OTRO,"12 OPERAC.SOBRE IRIS,CUERPO CILIAL,ESCLEROTICA Y CAMARA.ANTERIO",03. (08 16) OPERACIONES SOBRE EL OJO,03. (08 16) OPERACIONES SOBRE EL OJO
12.71,CICLODIATERMIA,"12 OPERAC.SOBRE IRIS,CUERPO CILIAL,ESCLEROTICA Y CAMARA.ANTERIO",03. (08 16) OPERACIONES SOBRE EL OJO,03. (08 16) OPERACIONES SOBRE EL OJO
12.72,CICLOCRIOTERAPIA,"12 OPERAC.SOBRE IRIS,CUERPO CILIAL,ESCLEROTICA Y CAMARA.ANTERIO",03. (08 16) OPERACIONES SOBRE EL OJO,03. (08 16) OPERACIONES SOBRE EL OJO
12.73,CICLOFOTOCOAGULACION,"12 OPERAC.SOBRE IRIS,CUERPO CILIAL,ESCLEROTICA Y CAMARA.ANTERIO",03. (08 16) OPERACIONES SOBRE EL OJO,03. (08 16) OPERACIONES SOBRE EL OJO
12.74,DISMINUCION CUERPO CILIAR NEOM,"12 OPERAC.SOBRE IRIS,CUERPO CILIAL,ESCLEROTICA Y CAMARA.ANTERIO",03. (08 16) OPERACIONES SOBRE EL OJO,03. (08 16) OPERACIONES SOBRE EL OJO
12.79,PROCEDIMIENTO GLAUCOMA OTRO,"12 OPERAC.SOBRE IRIS,CUERPO CILIAL,ESCLEROTICA Y CAMARA.ANTERIO",03. (08 16) OPERACIONES SOBRE EL OJO,03. (08 16) OPERACIONES SOBRE EL OJO
12.8,OPERACION ESCLEROTICA,"12 OPERAC.SOBRE IRIS,CUERPO CILIAL,ESCLEROTICA Y CAMARA.ANTERIO",03. (08 16) OPERACIONES SOBRE EL OJO,03. (08 16) OPERACIONES SOBRE EL OJO
12.81,SUTURA ESCLEROTICA,"12 OPERAC.SOBRE IRIS,CUERPO CILIAL,ESCLEROTICA Y CAMARA.ANTERIO",03. (08 16) OPERACIONES SOBRE EL OJO,03. (08 16) OPERACIONES SOBRE EL OJO
12.82,REPARACION FISTULA ESCLERAL,"12 OPERAC.SOBRE IRIS,CUERPO CILIAL,ESCLEROTICA Y CAMARA.ANTERIO",03. (08 16) OPERACIONES SOBRE EL OJO,03. (08 16) OPERACIONES SOBRE EL OJO
12.83,REVISION HERIDA OPERATORIA SEGMENTO ANTERIOR OJO NEOM,"12 OPERAC.SOBRE IRIS,CUERPO CILIAL,ESCLEROTICA Y CAMARA.ANTERIO",03. (08 16) OPERACIONES SOBRE EL OJO,03. (08 16) OPERACIONES SOBRE EL OJO
12.84,ESCISION ESCLEROTICA LOCAL,"12 OPERAC.SOBRE IRIS,CUERPO CILIAL,ESCLEROTICA Y CAMARA.ANTERIO",03. (08 16) OPERACIONES SOBRE EL OJO,03. (08 16) OPERACIONES SOBRE EL OJO
12.85,REPARACION ESTAFILOMA ESCLERAL CON INJERTO,"12 OPERAC.SOBRE IRIS,CUERPO CILIAL,ESCLEROTICA Y CAMARA.ANTERIO",03. (08 16) OPERACIONES SOBRE EL OJO,03. (08 16) OPERACIONES SOBRE EL OJO
12.86,REPARACION ESTAFILOMA ESCLERAL OTRA,"12 OPERAC.SOBRE IRIS,CUERPO CILIAL,ESCLEROTICA Y CAMARA.ANTERIO",03. (08 16) OPERACIONES SOBRE EL OJO,03. (08 16) OPERACIONES SOBRE EL OJO
12.87,REFUERZO ESCLERAL CON INJERTO,"12 OPERAC.SOBRE IRIS,CUERPO CILIAL,ESCLEROTICA Y CAMARA.ANTERIO",03. (08 16) OPERACIONES SOBRE EL OJO,03. (08 16) OPERACIONES SOBRE EL OJO
12.88,REFUERZO ESCLEROTICA OTRO,"12 OPERAC.SOBRE IRIS,CUERPO CILIAL,ESCLEROTICA Y CAMARA.ANTERIO",03. (08 16) OPERACIONES SOBRE EL OJO,03. (08 16) OPERACIONES SOBRE EL OJO
12.89,OPERACION ESCLEROTICA.OTRA,"12 OPERAC.SOBRE IRIS,CUERPO CILIAL,ESCLEROTICA Y CAMARA.ANTERIO",03. (08 16) OPERACIONES SOBRE EL OJO,03. (08 16) OPERACIONES SOBRE EL OJO
12.9,"OPERACION IRIS,CUERPO CILIAR Y CAMARA ANTERIOR OTRA","12 OPERAC.SOBRE IRIS,CUERPO CILIAL,ESCLEROTICA Y CAMARA.ANTERIO",03. (08 16) OPERACIONES SOBRE EL OJO,03. (08 16) OPERACIONES SOBRE EL OJO
12.91,EVACUACION TERAPEUTICA CAMARA ANTERIOR OJO,"12 OPERAC.SOBRE IRIS,CUERPO CILIAL,ESCLEROTICA Y CAMARA.ANTERIO",03. (08 16) OPERACIONES SOBRE EL OJO,03. (08 16) OPERACIONES SOBRE EL OJO
12.92,INYECCION CAMARA ANTERIOR,"12 OPERAC.SOBRE IRIS,CUERPO CILIAL,ESCLEROTICA Y CAMARA.ANTERIO",03. (08 16) OPERACIONES SOBRE EL OJO,03. (08 16) OPERACIONES SOBRE EL OJO
12.93,ESCISION EXCRECENCIA EPITELICA CAMARA ANTERIOR,"12 OPERAC.SOBRE IRIS,CUERPO CILIAL,ESCLEROTICA Y CAMARA.ANTERIO",03. (08 16) OPERACIONES SOBRE EL OJO,03. (08 16) OPERACIONES SOBRE EL OJO
12.97,OPERACION IRIS OTRA,"12 OPERAC.SOBRE IRIS,CUERPO CILIAL,ESCLEROTICA Y CAMARA.ANTERIO",03. (08 16) OPERACIONES SOBRE EL OJO,03. (08 16) OPERACIONES SOBRE EL OJO
12.98,OPERACION CUERPO CILIAR OTRA,"12 OPERAC.SOBRE IRIS,CUERPO CILIAL,ESCLEROTICA Y CAMARA.ANTERIO",03. (08 16) OPERACIONES SOBRE EL OJO,03. (08 16) OPERACIONES SOBRE EL OJO
12.99,OPERACION CAMARA ANTERIOR OTRA,"12 OPERAC.SOBRE IRIS,CUERPO CILIAL,ESCLEROTICA Y CAMARA.ANTERIO",03. (08 16) OPERACIONES SOBRE EL OJO,03. (08 16) OPERACIONES SOBRE EL OJO
13,OPERACION CRISTALINO,13 OPERACIONES SOBRE EL CRISTALINO,03. (08 16) OPERACIONES SOBRE EL OJO,03. (08 16) OPERACIONES SOBRE EL OJO
13.0,EXTRACCION CUERPO EXTRAÑO CRISTALINO,13 OPERACIONES SOBRE EL CRISTALINO,03. (08 16) OPERACIONES SOBRE EL OJO,03. (08 16) OPERACIONES SOBRE EL OJO
13.00,EXTRACCION CUERPO EXTRAÑO CRISTALINO NEOM,13 OPERACIONES SOBRE EL CRISTALINO,03. (08 16) OPERACIONES SOBRE EL OJO,03. (08 16) OPERACIONES SOBRE EL OJO
13.01,EXTRACCION CUERPO EXTRAÑO CRISTALINO CON IMAN,13 OPERACIONES SOBRE EL CRISTALINO,03. (08 16) OPERACIONES SOBRE EL OJO,03. (08 16) OPERACIONES SOBRE EL OJO
13.02,EXTRACCION CUERPO EXTRAÑO CRISTALINO SIN IMAN,13 OPERACIONES SOBRE EL CRISTALINO,03. (08 16) OPERACIONES SOBRE EL OJO,03. (08 16) OPERACIONES SOBRE EL OJO
13.1,EXTRACCION INTRACAPSULAR CRISTALINO,13 OPERACIONES SOBRE EL CRISTALINO,03. (08 16) OPERACIONES SOBRE EL OJO,03. (08 16) OPERACIONES SOBRE EL OJO
13.11,EXTRACCION INTRACAPSULAR CRISTALINO VIA TEMPORAL INFERIOR,13 OPERACIONES SOBRE EL CRISTALINO,03. (08 16) OPERACIONES SOBRE EL OJO,03. (08 16) OPERACIONES SOBRE EL OJO
13.19,EXTRACCION INTRACAPSULAR CRISTALINO.OTRA,13 OPERACIONES SOBRE EL CRISTALINO,03. (08 16) OPERACIONES SOBRE EL OJO,03. (08 16) OPERACIONES SOBRE EL OJO
13.2,EXTRACCION EXTRACAPSULAR CRISTALINO POR EXTRACCION LINEAL,13 OPERACIONES SOBRE EL CRISTALINO,03. (08 16) OPERACIONES SOBRE EL OJO,03. (08 16) OPERACIONES SOBRE EL OJO
13.3,EXTRACCION EXTRACAPSULAR CRISTALINO POR ASPIRACION SIMPLE,13 OPERACIONES SOBRE EL CRISTALINO,03. (08 16) OPERACIONES SOBRE EL OJO,03. (08 16) OPERACIONES SOBRE EL OJO
13.4,EXTRACCION EXTRACAPSULAR CRISTALINO FRAGMENTOASPIRACION,13 OPERACIONES SOBRE EL CRISTALINO,03. (08 16) OPERACIONES SOBRE EL OJO,03. (08 16) OPERACIONES SOBRE EL OJO
13.41,FACOEMULSIFICACION Y ASPIRACION CATARATA,13 OPERACIONES SOBRE EL CRISTALINO,03. (08 16) OPERACIONES SOBRE EL OJO,03. (08 16) OPERACIONES SOBRE EL OJO
13.42,FRAGMENTACION MECANICA Y ASPIRACION CATARATA VIA POSTERIOR,13 OPERACIONES SOBRE EL CRISTALINO,03. (08 16) OPERACIONES SOBRE EL OJO,03. (08 16) OPERACIONES SOBRE EL OJO
13.43,FRAGMENTACION MECANICA Y ASPIRACION CATARATA OTRA,13 OPERACIONES SOBRE EL CRISTALINO,03. (08 16) OPERACIONES SOBRE EL OJO,03. (08 16) OPERACIONES SOBRE EL OJO
13.5,EXTRACCION EXTRACAPSULAR CRISTALINO OTRA,13 OPERACIONES SOBRE EL CRISTALINO,03. (08 16) OPERACIONES SOBRE EL OJO,03. (08 16) OPERACIONES SOBRE EL OJO
13.51,EXTRACCION EXTRACAPSULAR CRISTALINO VIA TEMPORAL INFERIOR,13 OPERACIONES SOBRE EL CRISTALINO,03. (08 16) OPERACIONES SOBRE EL OJO,03. (08 16) OPERACIONES SOBRE EL OJO
13.59,EXTRACCION EXTRACAPSULAR CRISTALINO.OTRA,13 OPERACIONES SOBRE EL CRISTALINO,03. (08 16) OPERACIONES SOBRE EL OJO,03. (08 16) OPERACIONES SOBRE EL OJO
13.6,EXTRACCION CATARATA OTRA,13 OPERACIONES SOBRE EL CRISTALINO,03. (08 16) OPERACIONES SOBRE EL OJO,03. (08 16) OPERACIONES SOBRE EL OJO
13.64,DISCISION CATARATA MEMBRANA SECUNDARIA,13 OPERACIONES SOBRE EL CRISTALINO,03. (08 16) OPERACIONES SOBRE EL OJO,03. (08 16) OPERACIONES SOBRE EL OJO
13.65,ESCISION CATARATA MEMBRANA SECUNDARIA,13 OPERACIONES SOBRE EL CRISTALINO,03. (08 16) OPERACIONES SOBRE EL OJO,03. (08 16) OPERACIONES SOBRE EL OJO
13.66,FRAGMENTACION MECANICA MEMBRANA SECUNDARIA,13 OPERACIONES SOBRE EL CRISTALINO,03. (08 16) OPERACIONES SOBRE EL OJO,03. (08 16) OPERACIONES SOBRE EL OJO
13.69,EXTRACCION CATARATA.OTRA,13 OPERACIONES SOBRE EL CRISTALINO,03. (08 16) OPERACIONES SOBRE EL OJO,03. (08 16) OPERACIONES SOBRE EL OJO
13.7,INSERCION CRISTALINO PROTESICO,13 OPERACIONES SOBRE EL CRISTALINO,03. (08 16) OPERACIONES SOBRE EL OJO,03. (08 16) OPERACIONES SOBRE EL OJO
13.70,INSERCION CRISTALINO PROTESICO.NEOM,13 OPERACIONES SOBRE EL CRISTALINO,03. (08 16) OPERACIONES SOBRE EL OJO,03. (08 16) OPERACIONES SOBRE EL OJO
13.71,INSERCION CRISTALINO PROTESICO EN OPERACION CATARATA,13 OPERACIONES SOBRE EL CRISTALINO,03. (08 16) OPERACIONES SOBRE EL OJO,03. (08 16) OPERACIONES SOBRE EL OJO
13.72,INSERCION CRISTALINO PROTESICO SECUNDARIA,13 OPERACIONES SOBRE EL CRISTALINO,03. (08 16) OPERACIONES SOBRE EL OJO,03. (08 16) OPERACIONES SOBRE EL OJO
13.8,EXTRACCION CRISTALINO IMPLANTADO,13 OPERACIONES SOBRE EL CRISTALINO,03. (08 16) OPERACIONES SOBRE EL OJO,03. (08 16) OPERACIONES SOBRE EL OJO
13.9,OPERACION CRISTALINO OTRA,13 OPERACIONES SOBRE EL CRISTALINO,03. (08 16) OPERACIONES SOBRE EL OJO,03. (08 16) OPERACIONES SOBRE EL OJO
13.90,OPERACION CRISTALINO NCOC,13 OPERACIONES SOBRE EL CRISTALINO,03. (08 16) OPERACIONES SOBRE EL OJO,03. (08 16) OPERACIONES SOBRE EL OJO
13.91,IMPLANTE PROTESIS TELESCOPICA INTRAOCULAR,13 OPERACIONES SOBRE EL CRISTALINO,03. (08 16) OPERACIONES SOBRE EL OJO,03. (08 16) OPERACIONES SOBRE EL OJO
14,"OPERACION RETINA,COROIDES,CUERPO VITREO Y CAMARA POSTERIOR","14 OPERACIONES S/RETINA,COROIDES,CUERPO VITREO Y CAM. POSTERIOR",03. (08 16) OPERACIONES SOBRE EL OJO,03. (08 16) OPERACIONES SOBRE EL OJO
14.0,EXTRACCION CUERPO EXTRAÑO SEGMENTO POSTERIOR OJO,"14 OPERACIONES S/RETINA,COROIDES,CUERPO VITREO Y CAM. POSTERIOR",03. (08 16) OPERACIONES SOBRE EL OJO,03. (08 16) OPERACIONES SOBRE EL OJO
14.00,EXTRACCION CUERPO EXTRAÑO SEGMENTO POSTERIOR OJO.NEOM,"14 OPERACIONES S/RETINA,COROIDES,CUERPO VITREO Y CAM. POSTERIOR",03. (08 16) OPERACIONES SOBRE EL OJO,03. (08 16) OPERACIONES SOBRE EL OJO
14.01,EXTRACCION CUERPO EXTRAÑO SEGMENTO POSTERIOR OJO CON IMAN,"14 OPERACIONES S/RETINA,COROIDES,CUERPO VITREO Y CAM. POSTERIOR",03. (08 16) OPERACIONES SOBRE EL OJO,03. (08 16) OPERACIONES SOBRE EL OJO
14.02,EXTRACCION CUERPO EXTRAÑO SEGMENTO POSTERIOR OJO SIN IMAN,"14 OPERACIONES S/RETINA,COROIDES,CUERPO VITREO Y CAM. POSTERIOR",03. (08 16) OPERACIONES SOBRE EL OJO,03. (08 16) OPERACIONES SOBRE EL OJO
14.1,PROCEDIMIENTO DIAGNOSTICO RETINA Y CAMARA POSTERIOR,"14 OPERACIONES S/RETINA,COROIDES,CUERPO VITREO Y CAM. POSTERIOR",03. (08 16) OPERACIONES SOBRE EL OJO,03. (08 16) OPERACIONES SOBRE EL OJO
14.11,ASPIRACION DIAGNOSTICA CUERPO VITREO,"14 OPERACIONES S/RETINA,COROIDES,CUERPO VITREO Y CAM. POSTERIOR",03. (08 16) OPERACIONES SOBRE EL OJO,03. (08 16) OPERACIONES SOBRE EL OJO
14.19,PROCEDIMIENTO DIAGNOSTICO RETINA Y CAMARA POSTERIOR.OTRO,"14 OPERACIONES S/RETINA,COROIDES,CUERPO VITREO Y CAM. POSTERIOR",03. (08 16) OPERACIONES SOBRE EL OJO,03. (08 16) OPERACIONES SOBRE EL OJO
14.2,ESCISION RETINA Y COROIDES LOCAL,"14 OPERACIONES S/RETINA,COROIDES,CUERPO VITREO Y CAM. POSTERIOR",03. (08 16) OPERACIONES SOBRE EL OJO,03. (08 16) OPERACIONES SOBRE EL OJO
14.21,ESCISION CORIORRETINAL POR DIATERMIA LOCAL,"14 OPERACIONES S/RETINA,COROIDES,CUERPO VITREO Y CAM. POSTERIOR",03. (08 16) OPERACIONES SOBRE EL OJO,03. (08 16) OPERACIONES SOBRE EL OJO
14.22,ESCISION CORIORRETINAL POR CRIOTERAPIA LOCAL,"14 OPERACIONES S/RETINA,COROIDES,CUERPO VITREO Y CAM. POSTERIOR",03. (08 16) OPERACIONES SOBRE EL OJO,03. (08 16) OPERACIONES SOBRE EL OJO
14.23,ESCISION CORIORRETINAL POR FOTOCOAGULACION XENON LOCAL,"14 OPERACIONES S/RETINA,COROIDES,CUERPO VITREO Y CAM. POSTERIOR",03. (08 16) OPERACIONES SOBRE EL OJO,03. (08 16) OPERACIONES SOBRE EL OJO
14.24,ESCISION CORIORRETINAL POR FOTOCOAGULACION LASER LOCAL,"14 OPERACIONES S/RETINA,COROIDES,CUERPO VITREO Y CAM. POSTERIOR",03. (08 16) OPERACIONES SOBRE EL OJO,03. (08 16) OPERACIONES SOBRE EL OJO
14.25,ESCISION CORIORRETINAL POR FOTOCOAGULACION NEOM LOCAL,"14 OPERACIONES S/RETINA,COROIDES,CUERPO VITREO Y CAM. POSTERIOR",03. (08 16) OPERACIONES SOBRE EL OJO,03. (08 16) OPERACIONES SOBRE EL OJO
14.26,ESCISION CORIORRETINAL POR TERAPIA RADIACION LOCAL,"14 OPERACIONES S/RETINA,COROIDES,CUERPO VITREO Y CAM. POSTERIOR",03. (08 16) OPERACIONES SOBRE EL OJO,03. (08 16) OPERACIONES SOBRE EL OJO
14.27,ESCISION CORIORRETINAL POR IMPLANTACION RADIACION LOCAL,"14 OPERACIONES S/RETINA,COROIDES,CUERPO VITREO Y CAM. POSTERIOR",03. (08 16) OPERACIONES SOBRE EL OJO,03. (08 16) OPERACIONES SOBRE EL OJO
14.29,ESCISION CORIORRETINAL LOCAL.OTRA,"14 OPERACIONES S/RETINA,COROIDES,CUERPO VITREO Y CAM. POSTERIOR",03. (08 16) OPERACIONES SOBRE EL OJO,03. (08 16) OPERACIONES SOBRE EL OJO
14.3,REPARACION DESGARRO RETINA,"14 OPERACIONES S/RETINA,COROIDES,CUERPO VITREO Y CAM. POSTERIOR",03. (08 16) OPERACIONES SOBRE EL OJO,03. (08 16) OPERACIONES SOBRE EL OJO
14.31,REPARACION DESGARRO RETINA POR DIATERMIA,"14 OPERACIONES S/RETINA,COROIDES,CUERPO VITREO Y CAM. POSTERIOR",03. (08 16) OPERACIONES SOBRE EL OJO,03. (08 16) OPERACIONES SOBRE EL OJO
14.32,REPARACION DESGARRO RETINA POR CRIOTERAPIA,"14 OPERACIONES S/RETINA,COROIDES,CUERPO VITREO Y CAM. POSTERIOR",03. (08 16) OPERACIONES SOBRE EL OJO,03. (08 16) OPERACIONES SOBRE EL OJO
14.33,REPARACION DESGARRO RETINA POR FOTOCOAGULACION XENON,"14 OPERACIONES S/RETINA,COROIDES,CUERPO VITREO Y CAM. POSTERIOR",03. (08 16) OPERACIONES SOBRE EL OJO,03. (08 16) OPERACIONES SOBRE EL OJO
14.34,REPARACION DESGARRO RETINA POR FOTOCOAGULACION LASER,"14 OPERACIONES S/RETINA,COROIDES,CUERPO VITREO Y CAM. POSTERIOR",03. (08 16) OPERACIONES SOBRE EL OJO,03. (08 16) OPERACIONES SOBRE EL OJO
14.35,REPARACION DESGARRO RETINA POR FOTOCOAGULACION NEOM,"14 OPERACIONES S/RETINA,COROIDES,CUERPO VITREO Y CAM. POSTERIOR",03. (08 16) OPERACIONES SOBRE EL OJO,03. (08 16) OPERACIONES SOBRE EL OJO
14.39,REPARACION DESGARRO RETINA.OTRA,"14 OPERACIONES S/RETINA,COROIDES,CUERPO VITREO Y CAM. POSTERIOR",03. (08 16) OPERACIONES SOBRE EL OJO,03. (08 16) OPERACIONES SOBRE EL OJO
14.4,REPARACION DESPRENDIMIENTO RETINA INDENTACION ESCLERAL,"14 OPERACIONES S/RETINA,COROIDES,CUERPO VITREO Y CAM. POSTERIOR",03. (08 16) OPERACIONES SOBRE EL OJO,03. (08 16) OPERACIONES SOBRE EL OJO
14.41,INDENTACION ESCLERAL CON IMPLANTACION RETINA,"14 OPERACIONES S/RETINA,COROIDES,CUERPO VITREO Y CAM. POSTERIOR",03. (08 16) OPERACIONES SOBRE EL OJO,03. (08 16) OPERACIONES SOBRE EL OJO
14.49,INDENTACION ESCLERAL.OTRA,"14 OPERACIONES S/RETINA,COROIDES,CUERPO VITREO Y CAM. POSTERIOR",03. (08 16) OPERACIONES SOBRE EL OJO,03. (08 16) OPERACIONES SOBRE EL OJO
14.5,REPARACION DESPRENDIMIENTO RETINA OTRA,"14 OPERACIONES S/RETINA,COROIDES,CUERPO VITREO Y CAM. POSTERIOR",03. (08 16) OPERACIONES SOBRE EL OJO,03. (08 16) OPERACIONES SOBRE EL OJO
14.51,REPARACION DESPRENDIMIENTO RETINA POR DIATERMIA,"14 OPERACIONES S/RETINA,COROIDES,CUERPO VITREO Y CAM. POSTERIOR",03. (08 16) OPERACIONES SOBRE EL OJO,03. (08 16) OPERACIONES SOBRE EL OJO
14.52,REPARACION DESPRENDIMIENTO RETINA POR CRIOTERAPIA,"14 OPERACIONES S/RETINA,COROIDES,CUERPO VITREO Y CAM. POSTERIOR",03. (08 16) OPERACIONES SOBRE EL OJO,03. (08 16) OPERACIONES SOBRE EL OJO
14.53,REPARACION DESPRENDIMIENTO RETINA POR FOTOCOAGULACION XENON,"14 OPERACIONES S/RETINA,COROIDES,CUERPO VITREO Y CAM. POSTERIOR",03. (08 16) OPERACIONES SOBRE EL OJO,03. (08 16) OPERACIONES SOBRE EL OJO
14.54,REPARACION DESPRENDIMIENTO RETINA POR FOTOCOAGULACION LASER,"14 OPERACIONES S/RETINA,COROIDES,CUERPO VITREO Y CAM. POSTERIOR",03. (08 16) OPERACIONES SOBRE EL OJO,03. (08 16) OPERACIONES SOBRE EL OJO
14.55,REPARACION DESPRENDIMIENTO RETINA POR FOTOCOAGULACION NEOM,"14 OPERACIONES S/RETINA,COROIDES,CUERPO VITREO Y CAM. POSTERIOR",03. (08 16) OPERACIONES SOBRE EL OJO,03. (08 16) OPERACIONES SOBRE EL OJO
14.59,REPARACION DESPRENDIMIENTO RETINA.OTRA,"14 OPERACIONES S/RETINA,COROIDES,CUERPO VITREO Y CAM. POSTERIOR",03. (08 16) OPERACIONES SOBRE EL OJO,03. (08 16) OPERACIONES SOBRE EL OJO
14.6,EXTRACCION MATERIAL IMPLANTADO SEGMENTO POSTERIOR OJO,"14 OPERACIONES S/RETINA,COROIDES,CUERPO VITREO Y CAM. POSTERIOR",03. (08 16) OPERACIONES SOBRE EL OJO,03. (08 16) OPERACIONES SOBRE EL OJO
14.7,OPERACION CUERPO VITREO,"14 OPERACIONES S/RETINA,COROIDES,CUERPO VITREO Y CAM. POSTERIOR",03. (08 16) OPERACIONES SOBRE EL OJO,03. (08 16) OPERACIONES SOBRE EL OJO
14.71,EXTRACCION CUERPO VITREO VIA ANTERIOR,"14 OPERACIONES S/RETINA,COROIDES,CUERPO VITREO Y CAM. POSTERIOR",03. (08 16) OPERACIONES SOBRE EL OJO,03. (08 16) OPERACIONES SOBRE EL OJO
14.72,EXTRACCION CUERPO VITREO OTRA,"14 OPERACIONES S/RETINA,COROIDES,CUERPO VITREO Y CAM. POSTERIOR",03. (08 16) OPERACIONES SOBRE EL OJO,03. (08 16) OPERACIONES SOBRE EL OJO
14.73,VITRECTOMIA MECANICA VIA ANTERIOR,"14 OPERACIONES S/RETINA,COROIDES,CUERPO VITREO Y CAM. POSTERIOR",03. (08 16) OPERACIONES SOBRE EL OJO,03. (08 16) OPERACIONES SOBRE EL OJO
14.74,VITRECTOMIA MECANICA OTRA,"14 OPERACIONES S/RETINA,COROIDES,CUERPO VITREO Y CAM. POSTERIOR",03. (08 16) OPERACIONES SOBRE EL OJO,03. (08 16) OPERACIONES SOBRE EL OJO
14.75,INYECCION SUBSTITUTO VITREO,"14 OPERACIONES S/RETINA,COROIDES,CUERPO VITREO Y CAM. POSTERIOR",03. (08 16) OPERACIONES SOBRE EL OJO,03. (08 16) OPERACIONES SOBRE EL OJO
14.79,OPERACION CUERPO VITREO.OTRA,"14 OPERACIONES S/RETINA,COROIDES,CUERPO VITREO Y CAM. POSTERIOR",03. (08 16) OPERACIONES SOBRE EL OJO,03. (08 16) OPERACIONES SOBRE EL OJO
14.9,"OPERACION RETINA,COROIDES Y CAMARA OPOSTERIOR OTRA","14 OPERACIONES S/RETINA,COROIDES,CUERPO VITREO Y CAM. POSTERIOR",03. (08 16) OPERACIONES SOBRE EL OJO,03. (08 16) OPERACIONES SOBRE EL OJO
15,OPERACION MUSCULO EXTRAOCULAR,15 OPERACIONES SOBRE MUSCULOS EXTRAOCULARES,03. (08 16) OPERACIONES SOBRE EL OJO,03. (08 16) OPERACIONES SOBRE EL OJO
15.0,PROCEDIMIENTO DIAGNOSTICO MUSCULO Y TENDON EXTRAOCULAR,15 OPERACIONES SOBRE MUSCULOS EXTRAOCULARES,03. (08 16) OPERACIONES SOBRE EL OJO,03. (08 16) OPERACIONES SOBRE EL OJO
15.01,BIOPSIA MUSCULO O TENDON EXTRAOCULAR,15 OPERACIONES SOBRE MUSCULOS EXTRAOCULARES,03. (08 16) OPERACIONES SOBRE EL OJO,03. (08 16) OPERACIONES SOBRE EL OJO
15.09,PROCEDIMIENTO DIAGNOSTICO MUSCULO O TENDON EXTRAOCULAR.OTRO,15 OPERACIONES SOBRE MUSCULOS EXTRAOCULARES,03. (08 16) OPERACIONES SOBRE EL OJO,03. (08 16) OPERACIONES SOBRE EL OJO
15.1,OPERACION MUSCULO EXTRAOCULAR UNICO CON DESPRENDIMIENTO,15 OPERACIONES SOBRE MUSCULOS EXTRAOCULARES,03. (08 16) OPERACIONES SOBRE EL OJO,03. (08 16) OPERACIONES SOBRE EL OJO
15.11,RECESION MUSCULO EXTRAOCULAR UNICO,15 OPERACIONES SOBRE MUSCULOS EXTRAOCULARES,03. (08 16) OPERACIONES SOBRE EL OJO,03. (08 16) OPERACIONES SOBRE EL OJO
15.12,AVANCE MUSCULO EXTRAOCULAR UNICO,15 OPERACIONES SOBRE MUSCULOS EXTRAOCULARES,03. (08 16) OPERACIONES SOBRE EL OJO,03. (08 16) OPERACIONES SOBRE EL OJO
15.13,RESECCION MUSCULO EXTRAOCULAR UNICO,15 OPERACIONES SOBRE MUSCULOS EXTRAOCULARES,03. (08 16) OPERACIONES SOBRE EL OJO,03. (08 16) OPERACIONES SOBRE EL OJO
15.19,OPERACION MUSCULO EXTRAOCULAR UNICO CON DESPRENDIMIENTO.OTRA,15 OPERACIONES SOBRE MUSCULOS EXTRAOCULARES,03. (08 16) OPERACIONES SOBRE EL OJO,03. (08 16) OPERACIONES SOBRE EL OJO
15.2,OPERACION MUSCULO EXTRAOCULAR UNICO OTRA,15 OPERACIONES SOBRE MUSCULOS EXTRAOCULARES,03. (08 16) OPERACIONES SOBRE EL OJO,03. (08 16) OPERACIONES SOBRE EL OJO
15.21,ALARGAMIENTO MUSCULO EXTRAOCULAR UNICO,15 OPERACIONES SOBRE MUSCULOS EXTRAOCULARES,03. (08 16) OPERACIONES SOBRE EL OJO,03. (08 16) OPERACIONES SOBRE EL OJO
15.22,ACORTAMIENTO MUSCULO EXTRAOCULAR UNICO,15 OPERACIONES SOBRE MUSCULOS EXTRAOCULARES,03. (08 16) OPERACIONES SOBRE EL OJO,03. (08 16) OPERACIONES SOBRE EL OJO
15.29,OPERACION MUSCULO EXTRAOCULAR UNICO OTRA.OTRA,15 OPERACIONES SOBRE MUSCULOS EXTRAOCULARES,03. (08 16) OPERACIONES SOBRE EL OJO,03. (08 16) OPERACIONES SOBRE EL OJO
15.3,OPERACION MUSCULO EXTRAOCULAR DOS O MAS Y DESPRENDIMIENTO,15 OPERACIONES SOBRE MUSCULOS EXTRAOCULARES,03. (08 16) OPERACIONES SOBRE EL OJO,03. (08 16) OPERACIONES SOBRE EL OJO
15.4,OPERACION MUSCULO EXTRAOCULAR DOS O MAS OTRA,15 OPERACIONES SOBRE MUSCULOS EXTRAOCULARES,03. (08 16) OPERACIONES SOBRE EL OJO,03. (08 16) OPERACIONES SOBRE EL OJO
15.5,TRANSPOSICION MUSCULO EXTRAOCULAR,15 OPERACIONES SOBRE MUSCULOS EXTRAOCULARES,03. (08 16) OPERACIONES SOBRE EL OJO,03. (08 16) OPERACIONES SOBRE EL OJO
15.6,REVISION INTERVENCION MUSCULO EXTRAOCULAR,15 OPERACIONES SOBRE MUSCULOS EXTRAOCULARES,03. (08 16) OPERACIONES SOBRE EL OJO,03. (08 16) OPERACIONES SOBRE EL OJO
15.7,REPARACION MUSCULO EXTRAOCULAR LOCAL,15 OPERACIONES SOBRE MUSCULOS EXTRAOCULARES,03. (08 16) OPERACIONES SOBRE EL OJO,03. (08 16) OPERACIONES SOBRE EL OJO
15.9,OPERACION MUSCULO Y TENDON EXTRAOCULAR.OTRA,15 OPERACIONES SOBRE MUSCULOS EXTRAOCULARES,03. (08 16) OPERACIONES SOBRE EL OJO,03. (08 16) OPERACIONES SOBRE EL OJO
16,OPERACION ORBITA Y GLOBO OJO,16 OPERACIONES SOBRE ORBITA Y GLOBO,03. (08 16) OPERACIONES SOBRE EL OJO,03. (08 16) OPERACIONES SOBRE EL OJO
16.0,ORBITOTOMIA,16 OPERACIONES SOBRE ORBITA Y GLOBO,03. (08 16) OPERACIONES SOBRE EL OJO,03. (08 16) OPERACIONES SOBRE EL OJO
16.01,ORBITOTOMIA CON COLGAJO HUESO,16 OPERACIONES SOBRE ORBITA Y GLOBO,03. (08 16) OPERACIONES SOBRE EL OJO,03. (08 16) OPERACIONES SOBRE EL OJO
16.02,ORBITOTOMIA CON IMPLANTE ORBITA,16 OPERACIONES SOBRE ORBITA Y GLOBO,03. (08 16) OPERACIONES SOBRE EL OJO,03. (08 16) OPERACIONES SOBRE EL OJO
16.09,ORBITOTOMIA.OTRA,16 OPERACIONES SOBRE ORBITA Y GLOBO,03. (08 16) OPERACIONES SOBRE EL OJO,03. (08 16) OPERACIONES SOBRE EL OJO
16.1,EXTRACCION CUERPO EXTRAÑO PENETRANTE OJO NEOM,16 OPERACIONES SOBRE ORBITA Y GLOBO,03. (08 16) OPERACIONES SOBRE EL OJO,03. (08 16) OPERACIONES SOBRE EL OJO
16.2,PROCEDIMIENTO DIAGNOSTICO ORBITA Y GLOBO OJO,16 OPERACIONES SOBRE ORBITA Y GLOBO,03. (08 16) OPERACIONES SOBRE EL OJO,03. (08 16) OPERACIONES SOBRE EL OJO
16.21,OFTALMOSCOPIA,16 OPERACIONES SOBRE ORBITA Y GLOBO,03. (08 16) OPERACIONES SOBRE EL OJO,03. (08 16) OPERACIONES SOBRE EL OJO
16.22,ASPIRACION DIAGNOSTICA ORBITA,16 OPERACIONES SOBRE ORBITA Y GLOBO,03. (08 16) OPERACIONES SOBRE EL OJO,03. (08 16) OPERACIONES SOBRE EL OJO
16.23,BIOPSIA GLOBO OJO Y ORBITA,16 OPERACIONES SOBRE ORBITA Y GLOBO,03. (08 16) OPERACIONES SOBRE EL OJO,03. (08 16) OPERACIONES SOBRE EL OJO
16.29,PROCEDIMIENTO DIAGNOSTICO ORBITA Y GLOBO OJO.OTRO,16 OPERACIONES SOBRE ORBITA Y GLOBO,03. (08 16) OPERACIONES SOBRE EL OJO,03. (08 16) OPERACIONES SOBRE EL OJO
16.3,EVISCERACION GLOBO OJO,16 OPERACIONES SOBRE ORBITA Y GLOBO,03. (08 16) OPERACIONES SOBRE EL OJO,03. (08 16) OPERACIONES SOBRE EL OJO
16.31,EVISCERACION GLOBO CON IMPLANTACION ESCLEROTICA,16 OPERACIONES SOBRE ORBITA Y GLOBO,03. (08 16) OPERACIONES SOBRE EL OJO,03. (08 16) OPERACIONES SOBRE EL OJO
16.39,EVISCERACION GLOBO OJO.OTRA,16 OPERACIONES SOBRE ORBITA Y GLOBO,03. (08 16) OPERACIONES SOBRE EL OJO,03. (08 16) OPERACIONES SOBRE EL OJO
16.4,ENUCLEACION GLOBO OJO,16 OPERACIONES SOBRE ORBITA Y GLOBO,03. (08 16) OPERACIONES SOBRE EL OJO,03. (08 16) OPERACIONES SOBRE EL OJO
16.41,ENUCLEACION GLOBO OJO CON IMPLANTACION CAPSULA TENON,16 OPERACIONES SOBRE ORBITA Y GLOBO,03. (08 16) OPERACIONES SOBRE EL OJO,03. (08 16) OPERACIONES SOBRE EL OJO
16.42,ENUCLEACION GLOBO OJO CON IMPLANTACION OTRA,16 OPERACIONES SOBRE ORBITA Y GLOBO,03. (08 16) OPERACIONES SOBRE EL OJO,03. (08 16) OPERACIONES SOBRE EL OJO
16.49,ENUCLEACION GLOBO OJO.OTRA,16 OPERACIONES SOBRE ORBITA Y GLOBO,03. (08 16) OPERACIONES SOBRE EL OJO,03. (08 16) OPERACIONES SOBRE EL OJO
16.5,EXANTERACION CONTENIDO ORBITA,16 OPERACIONES SOBRE ORBITA Y GLOBO,03. (08 16) OPERACIONES SOBRE EL OJO,03. (08 16) OPERACIONES SOBRE EL OJO
16.51,ORBITOMAXILECTOMIA RADICAL,16 OPERACIONES SOBRE ORBITA Y GLOBO,03. (08 16) OPERACIONES SOBRE EL OJO,03. (08 16) OPERACIONES SOBRE EL OJO
16.52,EXANTERACION ORBITA CON EXTIRPACION HUESO ORBITA,16 OPERACIONES SOBRE ORBITA Y GLOBO,03. (08 16) OPERACIONES SOBRE EL OJO,03. (08 16) OPERACIONES SOBRE EL OJO
16.59,EXANTERACION CONTENIDO ORBITA.OTRA,16 OPERACIONES SOBRE ORBITA Y GLOBO,03. (08 16) OPERACIONES SOBRE EL OJO,03. (08 16) OPERACIONES SOBRE EL OJO
16.6,PROCEDIMIENTO SECUNDARIO TRAS EXTIRPACION GLOBO OJO,16 OPERACIONES SOBRE ORBITA Y GLOBO,03. (08 16) OPERACIONES SOBRE EL OJO,03. (08 16) OPERACIONES SOBRE EL OJO
16.61,INSERCION IMPLANTE OJO SECUNDARIA,16 OPERACIONES SOBRE ORBITA Y GLOBO,03. (08 16) OPERACIONES SOBRE EL OJO,03. (08 16) OPERACIONES SOBRE EL OJO
16.62,REVISION Y REINSERCION IMPLANTE OJO,16 OPERACIONES SOBRE ORBITA Y GLOBO,03. (08 16) OPERACIONES SOBRE EL OJO,03. (08 16) OPERACIONES SOBRE EL OJO
16.63,REVISION CAVIDAD ENUCLEACION OJO CON INJERTO,16 OPERACIONES SOBRE ORBITA Y GLOBO,03. (08 16) OPERACIONES SOBRE EL OJO,03. (08 16) OPERACIONES SOBRE EL OJO
16.64,REVISION CAVIDAD ENUCLEACION OJO OTRA,16 OPERACIONES SOBRE ORBITA Y GLOBO,03. (08 16) OPERACIONES SOBRE EL OJO,03. (08 16) OPERACIONES SOBRE EL OJO
16.65,INJERTO SECUNDARIO CAVIDAD EXANTERACION OJO,16 OPERACIONES SOBRE ORBITA Y GLOBO,03. (08 16) OPERACIONES SOBRE EL OJO,03. (08 16) OPERACIONES SOBRE EL OJO
16.66,REVISION CAVIDAD EXANTERACION OJO OTRA,16 OPERACIONES SOBRE ORBITA Y GLOBO,03. (08 16) OPERACIONES SOBRE EL OJO,03. (08 16) OPERACIONES SOBRE EL OJO
16.69,PROCEDIMIENTO SECUNDARIO TRAS EXTIRPACION GLOBO.OTRO,16 OPERACIONES SOBRE ORBITA Y GLOBO,03. (08 16) OPERACIONES SOBRE EL OJO,03. (08 16) OPERACIONES SOBRE EL OJO
16.7,EXTRACCION IMPLANTACION OJO U ORBITA,16 OPERACIONES SOBRE ORBITA Y GLOBO,03. (08 16) OPERACIONES SOBRE EL OJO,03. (08 16) OPERACIONES SOBRE EL OJO
16.71,EXTRACCION IMPLANTE OJO,16 OPERACIONES SOBRE ORBITA Y GLOBO,03. (08 16) OPERACIONES SOBRE EL OJO,03. (08 16) OPERACIONES SOBRE EL OJO
16.72,EXTRACCION IMPLANTE ORBITA,16 OPERACIONES SOBRE ORBITA Y GLOBO,03. (08 16) OPERACIONES SOBRE EL OJO,03. (08 16) OPERACIONES SOBRE EL OJO
16.8,REPARACION GLOBO OJO Y ORBITA LOCAL,16 OPERACIONES SOBRE ORBITA Y GLOBO,03. (08 16) OPERACIONES SOBRE EL OJO,03. (08 16) OPERACIONES SOBRE EL OJO
16.81,REPARACION HERIDA ORBITA,16 OPERACIONES SOBRE ORBITA Y GLOBO,03. (08 16) OPERACIONES SOBRE EL OJO,03. (08 16) OPERACIONES SOBRE EL OJO
16.82,REPARACION GLOBO OJO ROTO,16 OPERACIONES SOBRE ORBITA Y GLOBO,03. (08 16) OPERACIONES SOBRE EL OJO,03. (08 16) OPERACIONES SOBRE EL OJO
16.89,REPARACION GLOBO OJO Y ORBITA LOCAL.OTRA,16 OPERACIONES SOBRE ORBITA Y GLOBO,03. (08 16) OPERACIONES SOBRE EL OJO,03. (08 16) OPERACIONES SOBRE EL OJO
16.9,OPERACION ORBITA Y GLOBO OTRA,16 OPERACIONES SOBRE ORBITA Y GLOBO,03. (08 16) OPERACIONES SOBRE EL OJO,03. (08 16) OPERACIONES SOBRE EL OJO
16.91,INYECCION SUSTANCIA TERAPEUTICA RETROBULBAR,16 OPERACIONES SOBRE ORBITA Y GLOBO,03. (08 16) OPERACIONES SOBRE EL OJO,03. (08 16) OPERACIONES SOBRE EL OJO
16.92,ESCISION ORBITA LOCAL,16 OPERACIONES SOBRE ORBITA Y GLOBO,03. (08 16) OPERACIONES SOBRE EL OJO,03. (08 16) OPERACIONES SOBRE EL OJO
16.93,ESCISION OJO LOCAL NEOM,16 OPERACIONES SOBRE ORBITA Y GLOBO,03. (08 16) OPERACIONES SOBRE EL OJO,03. (08 16) OPERACIONES SOBRE EL OJO
16.98,OPERACION ORBITA OTRA,16 OPERACIONES SOBRE ORBITA Y GLOBO,03. (08 16) OPERACIONES SOBRE EL OJO,03. (08 16) OPERACIONES SOBRE EL OJO
16.99,OPERACION GLOBO OJO OTRA,16 OPERACIONES SOBRE ORBITA Y GLOBO,03. (08 16) OPERACIONES SOBRE EL OJO,03. (08 16) OPERACIONES SOBRE EL OJO
17,PROCEDIMIENTO MISCELANEO.OTRO,17 OTROS PROCEDIMIENTOS DIVERSOS,03A. (17 17) OTROS PROCEDIMIENTOS DIAGNOSTICOS Y TERAPEUTICOS DIVERSOS,03A. (17 17) OTROS PROCEDIMIENTOS DIAGNOSTICOS Y TERAPEUTICOS DIVERSOS
17.1,REPARACION HERNIA INGUINAL UNILATERAL LAPAROSCOPICA,17 OTROS PROCEDIMIENTOS DIVERSOS,03A. (17 17) OTROS PROCEDIMIENTOS DIAGNOSTICOS Y TERAPEUTICOS DIVERSOS,03A. (17 17) OTROS PROCEDIMIENTOS DIAGNOSTICOS Y TERAPEUTICOS DIVERSOS
17.11,REPARACION HERNIA INGUINAL CON INJERTO LAPAROSCOPICA DIRECTA,17 OTROS PROCEDIMIENTOS DIVERSOS,03A. (17 17) OTROS PROCEDIMIENTOS DIAGNOSTICOS Y TERAPEUTICOS DIVERSOS,03A. (17 17) OTROS PROCEDIMIENTOS DIAGNOSTICOS Y TERAPEUTICOS DIVERSOS
17.12,REPARACION HERNIA INGUINAL CON INJERTO LAPAROSCOPICA INDIRECTA,17 OTROS PROCEDIMIENTOS DIVERSOS,03A. (17 17) OTROS PROCEDIMIENTOS DIAGNOSTICOS Y TERAPEUTICOS DIVERSOS,03A. (17 17) OTROS PROCEDIMIENTOS DIAGNOSTICOS Y TERAPEUTICOS DIVERSOS
17.13,REPARACION HERNIA INGUINAL CON INJERTO LAPAROSCOPICA NEOM,17 OTROS PROCEDIMIENTOS DIVERSOS,03A. (17 17) OTROS PROCEDIMIENTOS DIAGNOSTICOS Y TERAPEUTICOS DIVERSOS,03A. (17 17) OTROS PROCEDIMIENTOS DIAGNOSTICOS Y TERAPEUTICOS DIVERSOS
17.2,REPARACION HERNIA INGUINAL BILATERAL LAPAROSCOPICA,17 OTROS PROCEDIMIENTOS DIVERSOS,03A. (17 17) OTROS PROCEDIMIENTOS DIAGNOSTICOS Y TERAPEUTICOS DIVERSOS,03A. (17 17) OTROS PROCEDIMIENTOS DIAGNOSTICOS Y TERAPEUTICOS DIVERSOS
17.21,REPARACION HERNIA INGUINAL BILATERAL CON INJERTO LAPAROSC DIRECTA,17 OTROS PROCEDIMIENTOS DIVERSOS,03A. (17 17) OTROS PROCEDIMIENTOS DIAGNOSTICOS Y TERAPEUTICOS DIVERSOS,03A. (17 17) OTROS PROCEDIMIENTOS DIAGNOSTICOS Y TERAPEUTICOS DIVERSOS
17.22,REPARACION HERNIA INGUINAL BILATERAL CON INJERTO LAPAROSC INDIRECTA,17 OTROS PROCEDIMIENTOS DIVERSOS,03A. (17 17) OTROS PROCEDIMIENTOS DIAGNOSTICOS Y TERAPEUTICOS DIVERSOS,03A. (17 17) OTROS PROCEDIMIENTOS DIAGNOSTICOS Y TERAPEUTICOS DIVERSOS
17.23,REPARACION HERNIA INGUINAL BILATERAL CON INJERTO LAPAROSC DIR E INDIR,17 OTROS PROCEDIMIENTOS DIVERSOS,03A. (17 17) OTROS PROCEDIMIENTOS DIAGNOSTICOS Y TERAPEUTICOS DIVERSOS,03A. (17 17) OTROS PROCEDIMIENTOS DIAGNOSTICOS Y TERAPEUTICOS DIVERSOS
17.24,REPARACION HERNIA INGUINAL BILATERAL CON INJERTO LAPAROSCOPICA NEOM,17 OTROS PROCEDIMIENTOS DIVERSOS,03A. (17 17) OTROS PROCEDIMIENTOS DIAGNOSTICOS Y TERAPEUTICOS DIVERSOS,03A. (17 17) OTROS PROCEDIMIENTOS DIAGNOSTICOS Y TERAPEUTICOS DIVERSOS
17.3,ESCISION INTESTINO GRUESO PARCIAL ENDOSCOPICA,17 OTROS PROCEDIMIENTOS DIVERSOS,03A. (17 17) OTROS PROCEDIMIENTOS DIAGNOSTICOS Y TERAPEUTICOS DIVERSOS,03A. (17 17) OTROS PROCEDIMIENTOS DIAGNOSTICOS Y TERAPEUTICOS DIVERSOS
17.31,RESECCION INTESTINO GRUESO SEGMENTARIA MULTIPLE LAPAROSCOPICA,17 OTROS PROCEDIMIENTOS DIVERSOS,03A. (17 17) OTROS PROCEDIMIENTOS DIAGNOSTICOS Y TERAPEUTICOS DIVERSOS,03A. (17 17) OTROS PROCEDIMIENTOS DIAGNOSTICOS Y TERAPEUTICOS DIVERSOS
17.32,CECECTOMIA LAPAROSCOPICA,17 OTROS PROCEDIMIENTOS DIVERSOS,03A. (17 17) OTROS PROCEDIMIENTOS DIAGNOSTICOS Y TERAPEUTICOS DIVERSOS,03A. (17 17) OTROS PROCEDIMIENTOS DIAGNOSTICOS Y TERAPEUTICOS DIVERSOS
17.33,HEMICOLECTOMIA DERECHA LAPAROSCOPICA,17 OTROS PROCEDIMIENTOS DIVERSOS,03A. (17 17) OTROS PROCEDIMIENTOS DIAGNOSTICOS Y TERAPEUTICOS DIVERSOS,03A. (17 17) OTROS PROCEDIMIENTOS DIAGNOSTICOS Y TERAPEUTICOS DIVERSOS
17.34,RESECCION COLON TRANSVERSO LAPAROSCOPICA,17 OTROS PROCEDIMIENTOS DIVERSOS,03A. (17 17) OTROS PROCEDIMIENTOS DIAGNOSTICOS Y TERAPEUTICOS DIVERSOS,03A. (17 17) OTROS PROCEDIMIENTOS DIAGNOSTICOS Y TERAPEUTICOS DIVERSOS
17.35,HEMICOLECTOMIA IZQUIERDA LAPAROSCOPICA,17 OTROS PROCEDIMIENTOS DIVERSOS,03A. (17 17) OTROS PROCEDIMIENTOS DIAGNOSTICOS Y TERAPEUTICOS DIVERSOS,03A. (17 17) OTROS PROCEDIMIENTOS DIAGNOSTICOS Y TERAPEUTICOS DIVERSOS
17.36,SIGMOIDECTOMIA LAPAROSCOPICA,17 OTROS PROCEDIMIENTOS DIVERSOS,03A. (17 17) OTROS PROCEDIMIENTOS DIAGNOSTICOS Y TERAPEUTICOS DIVERSOS,03A. (17 17) OTROS PROCEDIMIENTOS DIAGNOSTICOS Y TERAPEUTICOS DIVERSOS
17.39,ESCISION INTESTINO GRUESO PARCIAL ENDOSCOPICA.OTRA,17 OTROS PROCEDIMIENTOS DIVERSOS,03A. (17 17) OTROS PROCEDIMIENTOS DIAGNOSTICOS Y TERAPEUTICOS DIVERSOS,03A. (17 17) OTROS PROCEDIMIENTOS DIAGNOSTICOS Y TERAPEUTICOS DIVERSOS
17.4,PROCEDIMIENTO ROBOTICO ASISTIDO,17 OTROS PROCEDIMIENTOS DIVERSOS,03A. (17 17) OTROS PROCEDIMIENTOS DIAGNOSTICOS Y TERAPEUTICOS DIVERSOS,03A. (17 17) OTROS PROCEDIMIENTOS DIAGNOSTICOS Y TERAPEUTICOS DIVERSOS
17.41,PROCEDIMIENTO ROBOTICO ASISTIDO.ABIERTO,17 OTROS PROCEDIMIENTOS DIVERSOS,03A. (17 17) OTROS PROCEDIMIENTOS DIAGNOSTICOS Y TERAPEUTICOS DIVERSOS,03A. (17 17) OTROS PROCEDIMIENTOS DIAGNOSTICOS Y TERAPEUTICOS DIVERSOS
17.42,PROCEDIMIENTO ROBOTICO ASISTIDO.LAPAROSCOPICO,17 OTROS PROCEDIMIENTOS DIVERSOS,03A. (17 17) OTROS PROCEDIMIENTOS DIAGNOSTICOS Y TERAPEUTICOS DIVERSOS,03A. (17 17) OTROS PROCEDIMIENTOS DIAGNOSTICOS Y TERAPEUTICOS DIVERSOS
17.43,PROCEDIMIENTO ROBOTICO ASISTIDO.PERCUTANEO,17 OTROS PROCEDIMIENTOS DIVERSOS,03A. (17 17) OTROS PROCEDIMIENTOS DIAGNOSTICOS Y TERAPEUTICOS DIVERSOS,03A. (17 17) OTROS PROCEDIMIENTOS DIAGNOSTICOS Y TERAPEUTICOS DIVERSOS
17.44,PROCEDIMIENTO ROBOTICO ASISTIDO.ENDOSCOPICO,17 OTROS PROCEDIMIENTOS DIVERSOS,03A. (17 17) OTROS PROCEDIMIENTOS DIAGNOSTICOS Y TERAPEUTICOS DIVERSOS,03A. (17 17) OTROS PROCEDIMIENTOS DIAGNOSTICOS Y TERAPEUTICOS DIVERSOS
17.45,PROCEDIMIENTO ROBOTICO ASISTIDO.TORACOSCOPICO,17 OTROS PROCEDIMIENTOS DIVERSOS,03A. (17 17) OTROS PROCEDIMIENTOS DIAGNOSTICOS Y TERAPEUTICOS DIVERSOS,03A. (17 17) OTROS PROCEDIMIENTOS DIAGNOSTICOS Y TERAPEUTICOS DIVERSOS
17.49,PROCEDIMIENTO ROBOTICO ASISTIDO.OTRO Y NEOM,17 OTROS PROCEDIMIENTOS DIVERSOS,03A. (17 17) OTROS PROCEDIMIENTOS DIAGNOSTICOS Y TERAPEUTICOS DIVERSOS,03A. (17 17) OTROS PROCEDIMIENTOS DIAGNOSTICOS Y TERAPEUTICOS DIVERSOS
17.5,PROCEDIMIENTO CARDIOVASCULAR ADICIONAL,17 OTROS PROCEDIMIENTOS DIVERSOS,03A. (17 17) OTROS PROCEDIMIENTOS DIAGNOSTICOS Y TERAPEUTICOS DIVERSOS,03A. (17 17) OTROS PROCEDIMIENTOS DIAGNOSTICOS Y TERAPEUTICOS DIVERSOS
17.51,IMPLANTACION MODULADOR CONTRACTILIDAD CARDIACA RECARCABLE COMPLETO,17 OTROS PROCEDIMIENTOS DIVERSOS,03A. (17 17) OTROS PROCEDIMIENTOS DIAGNOSTICOS Y TERAPEUTICOS DIVERSOS,03A. (17 17) OTROS PROCEDIMIENTOS DIAGNOSTICOS Y TERAPEUTICOS DIVERSOS
17.52,IMPLANTACION GENERADOR PULSOS MODULADOR CONTRACTILIDAD CARDIACA,17 OTROS PROCEDIMIENTOS DIVERSOS,03A. (17 17) OTROS PROCEDIMIENTOS DIAGNOSTICOS Y TERAPEUTICOS DIVERSOS,03A. (17 17) OTROS PROCEDIMIENTOS DIAGNOSTICOS Y TERAPEUTICOS DIVERSOS
17.53,ATERECTOMIA PERCUTANEA VASO EXTRACRANEAL,17 OTROS PROCEDIMIENTOS DIVERSOS,03A. (17 17) OTROS PROCEDIMIENTOS DIAGNOSTICOS Y TERAPEUTICOS DIVERSOS,03A. (17 17) OTROS PROCEDIMIENTOS DIAGNOSTICOS Y TERAPEUTICOS DIVERSOS
17.54,ATERECTOMIA PERCUTANEA VASO INTRACRANEAL,17 OTROS PROCEDIMIENTOS DIVERSOS,03A. (17 17) OTROS PROCEDIMIENTOS DIAGNOSTICOS Y TERAPEUTICOS DIVERSOS,03A. (17 17) OTROS PROCEDIMIENTOS DIAGNOSTICOS Y TERAPEUTICOS DIVERSOS
17.55,ATERECTOMIA CORONARIA TRANSLUMINAL,17 OTROS PROCEDIMIENTOS DIVERSOS,03A. (17 17) OTROS PROCEDIMIENTOS DIAGNOSTICOS Y TERAPEUTICOS DIVERSOS,03A. (17 17) OTROS PROCEDIMIENTOS DIAGNOSTICOS Y TERAPEUTICOS DIVERSOS
17.56,ATERECTOMIA PERCUTANEA VASO NO CORONARIO OTRO,17 OTROS PROCEDIMIENTOS DIVERSOS,03A. (17 17) OTROS PROCEDIMIENTOS DIAGNOSTICOS Y TERAPEUTICOS DIVERSOS,03A. (17 17) OTROS PROCEDIMIENTOS DIAGNOSTICOS Y TERAPEUTICOS DIVERSOS
17.6,TERAPIA TERMICA INTERSTICIAL POR LASER GUIADO,17 OTROS PROCEDIMIENTOS DIVERSOS,03A. (17 17) OTROS PROCEDIMIENTOS DIAGNOSTICOS Y TERAPEUTICOS DIVERSOS,03A. (17 17) OTROS PROCEDIMIENTOS DIAGNOSTICOS Y TERAPEUTICOS DIVERSOS
17.61,TERAPIA TERMICA INTERSTICIAL POR LASER GUIADO.LESION CEREBRO,17 OTROS PROCEDIMIENTOS DIVERSOS,03A. (17 17) OTROS PROCEDIMIENTOS DIAGNOSTICOS Y TERAPEUTICOS DIVERSOS,03A. (17 17) OTROS PROCEDIMIENTOS DIAGNOSTICOS Y TERAPEUTICOS DIVERSOS
17.62,TERAPIA TERMICA INTERSTICIAL POR LASER GUIADO.LESION CABEZA Y CUELLO,17 OTROS PROCEDIMIENTOS DIVERSOS,03A. (17 17) OTROS PROCEDIMIENTOS DIAGNOSTICOS Y TERAPEUTICOS DIVERSOS,03A. (17 17) OTROS PROCEDIMIENTOS DIAGNOSTICOS Y TERAPEUTICOS DIVERSOS
17.63,TERAPIA TERMICA INTERSTICIAL POR LASER GUIADO.LESION HIGADO,17 OTROS PROCEDIMIENTOS DIVERSOS,03A. (17 17) OTROS PROCEDIMIENTOS DIAGNOSTICOS Y TERAPEUTICOS DIVERSOS,03A. (17 17) OTROS PROCEDIMIENTOS DIAGNOSTICOS Y TERAPEUTICOS DIVERSOS
17.69,TERAPIA TERMICA INTERSTICIAL POR LASER GUIADO.OTRA Y NEOM,17 OTROS PROCEDIMIENTOS DIVERSOS,03A. (17 17) OTROS PROCEDIMIENTOS DIAGNOSTICOS Y TERAPEUTICOS DIVERSOS,03A. (17 17) OTROS PROCEDIMIENTOS DIAGNOSTICOS Y TERAPEUTICOS DIVERSOS
17.7,PROCEDIMIENTO DIAGNOSTICO Y TERAPUETICO OTRO,17 OTROS PROCEDIMIENTOS DIVERSOS,03A. (17 17) OTROS PROCEDIMIENTOS DIAGNOSTICOS Y TERAPEUTICOS DIVERSOS,03A. (17 17) OTROS PROCEDIMIENTOS DIAGNOSTICOS Y TERAPEUTICOS DIVERSOS
17.70,INFUSION CLOFARABINA INTRAVENOSA,17 OTROS PROCEDIMIENTOS DIVERSOS,03A. (17 17) OTROS PROCEDIMIENTOS DIAGNOSTICOS Y TERAPEUTICOS DIVERSOS,03A. (17 17) OTROS PROCEDIMIENTOS DIAGNOSTICOS Y TERAPEUTICOS DIVERSOS
17.71,ANGIOGRAFIA VASCULAR NO CARONARIA INTRAOPERATORIA POR FLUORESCENCIA,17 OTROS PROCEDIMIENTOS DIVERSOS,03A. (17 17) OTROS PROCEDIMIENTOS DIAGNOSTICOS Y TERAPEUTICOS DIVERSOS,03A. (17 17) OTROS PROCEDIMIENTOS DIAGNOSTICOS Y TERAPEUTICOS DIVERSOS
17.8,PROCEDIMIEN TO ACCESORIO OTRO,17 OTROS PROCEDIMIENTOS DIVERSOS,03A. (17 17) OTROS PROCEDIMIENTOS DIAGNOSTICOS Y TERAPEUTICOS DIVERSOS,03A. (17 17) OTROS PROCEDIMIENTOS DIAGNOSTICOS Y TERAPEUTICOS DIVERSOS
17.81,INSERCION ENVOLTURA ANTIMICROBIANA,17 OTROS PROCEDIMIENTOS DIVERSOS,03A. (17 17) OTROS PROCEDIMIENTOS DIAGNOSTICOS Y TERAPEUTICOS DIVERSOS,03A. (17 17) OTROS PROCEDIMIENTOS DIAGNOSTICOS Y TERAPEUTICOS DIVERSOS
18,OPERACION OIDO EXTERNO,18 OPERACIONES SOBRE EL OIDO EXTERNO,04. (18 20) OPERACIONES SOBRE EL OIDO,04. (18 20) OPERACIONES SOBRE EL OIDO
18.0,INCISION OIDO EXTERNO,18 OPERACIONES SOBRE EL OIDO EXTERNO,04. (18 20) OPERACIONES SOBRE EL OIDO,04. (18 20) OPERACIONES SOBRE EL OIDO
18.01,PERFORACION LOBULO OREJA,18 OPERACIONES SOBRE EL OIDO EXTERNO,04. (18 20) OPERACIONES SOBRE EL OIDO,04. (18 20) OPERACIONES SOBRE EL OIDO
18.02,INCISION CONDUCTO AUDITIVO EXTERNO,18 OPERACIONES SOBRE EL OIDO EXTERNO,04. (18 20) OPERACIONES SOBRE EL OIDO,04. (18 20) OPERACIONES SOBRE EL OIDO
18.09,INCISION OIDO EXTERNO.OTRA,18 OPERACIONES SOBRE EL OIDO EXTERNO,04. (18 20) OPERACIONES SOBRE EL OIDO,04. (18 20) OPERACIONES SOBRE EL OIDO
18.1,PROCEDIMIENTO DIAGNOSTICO OIDO EXTERNO,18 OPERACIONES SOBRE EL OIDO EXTERNO,04. (18 20) OPERACIONES SOBRE EL OIDO,04. (18 20) OPERACIONES SOBRE EL OIDO
18.11,OTOSCOPIA,18 OPERACIONES SOBRE EL OIDO EXTERNO,04. (18 20) OPERACIONES SOBRE EL OIDO,04. (18 20) OPERACIONES SOBRE EL OIDO
18.12,BIOPSIA OIDO EXTERNO,18 OPERACIONES SOBRE EL OIDO EXTERNO,04. (18 20) OPERACIONES SOBRE EL OIDO,04. (18 20) OPERACIONES SOBRE EL OIDO
18.19,PROCEDIMIENTO DIAGNOSTICO OIDO EXTERNO.OTRO,18 OPERACIONES SOBRE EL OIDO EXTERNO,04. (18 20) OPERACIONES SOBRE EL OIDO,04. (18 20) OPERACIONES SOBRE EL OIDO
18.2,ESCISION OIDO EXTERNO LOCAL,18 OPERACIONES SOBRE EL OIDO EXTERNO,04. (18 20) OPERACIONES SOBRE EL OIDO,04. (18 20) OPERACIONES SOBRE EL OIDO
18.21,ESCISION SENO PREAURICULAR,18 OPERACIONES SOBRE EL OIDO EXTERNO,04. (18 20) OPERACIONES SOBRE EL OIDO,04. (18 20) OPERACIONES SOBRE EL OIDO
18.29,ESCISION OIDO EXTERNO LOCAL.OTRA,18 OPERACIONES SOBRE EL OIDO EXTERNO,04. (18 20) OPERACIONES SOBRE EL OIDO,04. (18 20) OPERACIONES SOBRE EL OIDO
18.3,ESCISION OIDO EXTERNO OTRA,18 OPERACIONES SOBRE EL OIDO EXTERNO,04. (18 20) OPERACIONES SOBRE EL OIDO,04. (18 20) OPERACIONES SOBRE EL OIDO
18.31,ESCISION OIDO EXTERNO RADICAL,18 OPERACIONES SOBRE EL OIDO EXTERNO,04. (18 20) OPERACIONES SOBRE EL OIDO,04. (18 20) OPERACIONES SOBRE EL OIDO
18.39,ESCISION OIDO EXTERNO.OTRA,18 OPERACIONES SOBRE EL OIDO EXTERNO,04. (18 20) OPERACIONES SOBRE EL OIDO,04. (18 20) OPERACIONES SOBRE EL OIDO
18.4,SUTURA OIDO EXTERNO,18 OPERACIONES SOBRE EL OIDO EXTERNO,04. (18 20) OPERACIONES SOBRE EL OIDO,04. (18 20) OPERACIONES SOBRE EL OIDO
18.5,CORRECCION OREJA PROMINENTE,18 OPERACIONES SOBRE EL OIDO EXTERNO,04. (18 20) OPERACIONES SOBRE EL OIDO,04. (18 20) OPERACIONES SOBRE EL OIDO
18.6,RECONSTRUCCION CONDUCTO AUDITIVO EXTERNO,18 OPERACIONES SOBRE EL OIDO EXTERNO,04. (18 20) OPERACIONES SOBRE EL OIDO,04. (18 20) OPERACIONES SOBRE EL OIDO
18.7,REPARACION OIDO EXTERNO PLASTICA OTRA,18 OPERACIONES SOBRE EL OIDO EXTERNO,04. (18 20) OPERACIONES SOBRE EL OIDO,04. (18 20) OPERACIONES SOBRE EL OIDO
18.71,RECONSTRUCCION OREJA,18 OPERACIONES SOBRE EL OIDO EXTERNO,04. (18 20) OPERACIONES SOBRE EL OIDO,04. (18 20) OPERACIONES SOBRE EL OIDO
18.72,REINSERCION OREJA AMPUTADA,18 OPERACIONES SOBRE EL OIDO EXTERNO,04. (18 20) OPERACIONES SOBRE EL OIDO,04. (18 20) OPERACIONES SOBRE EL OIDO
18.79,REPARACION OIDO EXTERNO PLASTICA.OTRA,18 OPERACIONES SOBRE EL OIDO EXTERNO,04. (18 20) OPERACIONES SOBRE EL OIDO,04. (18 20) OPERACIONES SOBRE EL OIDO
18.9,OPERACION OIDO EXTERNO OTRA,18 OPERACIONES SOBRE EL OIDO EXTERNO,04. (18 20) OPERACIONES SOBRE EL OIDO,04. (18 20) OPERACIONES SOBRE EL OIDO
19,OPERACION OIDO MEDIO RECONSTRUCTIVA,19 OPERACIONES RECONSTRUCTIVAS SOBRE OIDO MEDIO,04. (18 20) OPERACIONES SOBRE EL OIDO,04. (18 20) OPERACIONES SOBRE EL OIDO
19.0,MOVILIZACION ESTRIBO,19 OPERACIONES RECONSTRUCTIVAS SOBRE OIDO MEDIO,04. (18 20) OPERACIONES SOBRE EL OIDO,04. (18 20) OPERACIONES SOBRE EL OIDO
19.1,ESTAPEDECTOMIA,19 OPERACIONES RECONSTRUCTIVAS SOBRE OIDO MEDIO,04. (18 20) OPERACIONES SOBRE EL OIDO,04. (18 20) OPERACIONES SOBRE EL OIDO
19.11,ESTAPEDECTOMIA CON REPOSICION YUNQUE,19 OPERACIONES RECONSTRUCTIVAS SOBRE OIDO MEDIO,04. (18 20) OPERACIONES SOBRE EL OIDO,04. (18 20) OPERACIONES SOBRE EL OIDO
19.19,ESTAPEDECTOMIA.OTRA,19 OPERACIONES RECONSTRUCTIVAS SOBRE OIDO MEDIO,04. (18 20) OPERACIONES SOBRE EL OIDO,04. (18 20) OPERACIONES SOBRE EL OIDO
19.2,REVISION ESTAPEDECTOMIA,19 OPERACIONES RECONSTRUCTIVAS SOBRE OIDO MEDIO,04. (18 20) OPERACIONES SOBRE EL OIDO,04. (18 20) OPERACIONES SOBRE EL OIDO
19.21,REVISION ESTAPEDECTOMIA CON REPOSICION YUNQUE,19 OPERACIONES RECONSTRUCTIVAS SOBRE OIDO MEDIO,04. (18 20) OPERACIONES SOBRE EL OIDO,04. (18 20) OPERACIONES SOBRE EL OIDO
19.29,REVISION ESTAPEDECTOMIA.OTRA,19 OPERACIONES RECONSTRUCTIVAS SOBRE OIDO MEDIO,04. (18 20) OPERACIONES SOBRE EL OIDO,04. (18 20) OPERACIONES SOBRE EL OIDO
19.3,OPERACION CADENA OSICULAR OTRA,19 OPERACIONES RECONSTRUCTIVAS SOBRE OIDO MEDIO,04. (18 20) OPERACIONES SOBRE EL OIDO,04. (18 20) OPERACIONES SOBRE EL OIDO
19.4,TIMPANOPLASTIA TIPO I Y NEOM,19 OPERACIONES RECONSTRUCTIVAS SOBRE OIDO MEDIO,04. (18 20) OPERACIONES SOBRE EL OIDO,04. (18 20) OPERACIONES SOBRE EL OIDO
19.5,TIMPANOPLASTIA OTRA,19 OPERACIONES RECONSTRUCTIVAS SOBRE OIDO MEDIO,04. (18 20) OPERACIONES SOBRE EL OIDO,04. (18 20) OPERACIONES SOBRE EL OIDO
19.52,TIMPANOPLASTIA TIPO II,19 OPERACIONES RECONSTRUCTIVAS SOBRE OIDO MEDIO,04. (18 20) OPERACIONES SOBRE EL OIDO,04. (18 20) OPERACIONES SOBRE EL OIDO
19.53,TIMPANOPLASTIA TIPO III,19 OPERACIONES RECONSTRUCTIVAS SOBRE OIDO MEDIO,04. (18 20) OPERACIONES SOBRE EL OIDO,04. (18 20) OPERACIONES SOBRE EL OIDO
19.54,TIMPANOPLASTIA TIPO IV,19 OPERACIONES RECONSTRUCTIVAS SOBRE OIDO MEDIO,04. (18 20) OPERACIONES SOBRE EL OIDO,04. (18 20) OPERACIONES SOBRE EL OIDO
19.55,TIMPANOPLASTIA TIPO V,19 OPERACIONES RECONSTRUCTIVAS SOBRE OIDO MEDIO,04. (18 20) OPERACIONES SOBRE EL OIDO,04. (18 20) OPERACIONES SOBRE EL OIDO
19.6,REVISION TIMPANOPLASTIA,19 OPERACIONES RECONSTRUCTIVAS SOBRE OIDO MEDIO,04. (18 20) OPERACIONES SOBRE EL OIDO,04. (18 20) OPERACIONES SOBRE EL OIDO
19.9,REPARACION OIDO MEDIO OTRA,19 OPERACIONES RECONSTRUCTIVAS SOBRE OIDO MEDIO,04. (18 20) OPERACIONES SOBRE EL OIDO,04. (18 20) OPERACIONES SOBRE EL OIDO
20,OPERACION OIDO MEDIO OTRA Y OIDO INTERNO,20 OTRAS OPERACIONES SOBRE EL OIDO MEDIO Y EL OIDO INTERNO,04. (18 20) OPERACIONES SOBRE EL OIDO,04. (18 20) OPERACIONES SOBRE EL OIDO
20.0,MIRINGOTOMIA,20 OTRAS OPERACIONES SOBRE EL OIDO MEDIO Y EL OIDO INTERNO,04. (18 20) OPERACIONES SOBRE EL OIDO,04. (18 20) OPERACIONES SOBRE EL OIDO
20.01,MIRINGOTOMIA CON INSERCION TUBO,20 OTRAS OPERACIONES SOBRE EL OIDO MEDIO Y EL OIDO INTERNO,04. (18 20) OPERACIONES SOBRE EL OIDO,04. (18 20) OPERACIONES SOBRE EL OIDO
20.09,MIRINGOTOMIA.OTRA,20 OTRAS OPERACIONES SOBRE EL OIDO MEDIO Y EL OIDO INTERNO,04. (18 20) OPERACIONES SOBRE EL OIDO,04. (18 20) OPERACIONES SOBRE EL OIDO
20.1,EXTRACCION TUBO TIMPANOSTOMIA,20 OTRAS OPERACIONES SOBRE EL OIDO MEDIO Y EL OIDO INTERNO,04. (18 20) OPERACIONES SOBRE EL OIDO,04. (18 20) OPERACIONES SOBRE EL OIDO
20.2,INCISION MASTOIDES Y OIDO MEDIO,20 OTRAS OPERACIONES SOBRE EL OIDO MEDIO Y EL OIDO INTERNO,04. (18 20) OPERACIONES SOBRE EL OIDO,04. (18 20) OPERACIONES SOBRE EL OIDO
20.21,INCISION MASTOIDES,20 OTRAS OPERACIONES SOBRE EL OIDO MEDIO Y EL OIDO INTERNO,04. (18 20) OPERACIONES SOBRE EL OIDO,04. (18 20) OPERACIONES SOBRE EL OIDO
20.22,INCISION CELULA AEREA PIRAMIDE PETROSA,20 OTRAS OPERACIONES SOBRE EL OIDO MEDIO Y EL OIDO INTERNO,04. (18 20) OPERACIONES SOBRE EL OIDO,04. (18 20) OPERACIONES SOBRE EL OIDO
20.23,INCISION OIDO MEDIO,20 OTRAS OPERACIONES SOBRE EL OIDO MEDIO Y EL OIDO INTERNO,04. (18 20) OPERACIONES SOBRE EL OIDO,04. (18 20) OPERACIONES SOBRE EL OIDO
20.3,PROCEDIMIENTO DIAGNOSTICO OIDO MEDIO Y OIDO INTERNO,20 OTRAS OPERACIONES SOBRE EL OIDO MEDIO Y EL OIDO INTERNO,04. (18 20) OPERACIONES SOBRE EL OIDO,04. (18 20) OPERACIONES SOBRE EL OIDO
20.31,ELECTROCOCLEOGRAFIA,20 OTRAS OPERACIONES SOBRE EL OIDO MEDIO Y EL OIDO INTERNO,04. (18 20) OPERACIONES SOBRE EL OIDO,04. (18 20) OPERACIONES SOBRE EL OIDO
20.32,BIOPSIA OIDO MEDIO E INTERNO,20 OTRAS OPERACIONES SOBRE EL OIDO MEDIO Y EL OIDO INTERNO,04. (18 20) OPERACIONES SOBRE EL OIDO,04. (18 20) OPERACIONES SOBRE EL OIDO
20.39,PROCEDIMIENTO DIAGNOSTICO OIDO MEDIO Y OIDO INTERNO.OTRO,20 OTRAS OPERACIONES SOBRE EL OIDO MEDIO Y EL OIDO INTERNO,04. (18 20) OPERACIONES SOBRE EL OIDO,04. (18 20) OPERACIONES SOBRE EL OIDO
20.4,MASTOIDECTOMIA,20 OTRAS OPERACIONES SOBRE EL OIDO MEDIO Y EL OIDO INTERNO,04. (18 20) OPERACIONES SOBRE EL OIDO,04. (18 20) OPERACIONES SOBRE EL OIDO
20.41,MASTOIDECTOMIA.SIMPLE,20 OTRAS OPERACIONES SOBRE EL OIDO MEDIO Y EL OIDO INTERNO,04. (18 20) OPERACIONES SOBRE EL OIDO,04. (18 20) OPERACIONES SOBRE EL OIDO
20.42,MASTOIDECTOMIA.RADICAL,20 OTRAS OPERACIONES SOBRE EL OIDO MEDIO Y EL OIDO INTERNO,04. (18 20) OPERACIONES SOBRE EL OIDO,04. (18 20) OPERACIONES SOBRE EL OIDO
20.49,MASTOIDECTOMIA.OTRA,20 OTRAS OPERACIONES SOBRE EL OIDO MEDIO Y EL OIDO INTERNO,04. (18 20) OPERACIONES SOBRE EL OIDO,04. (18 20) OPERACIONES SOBRE EL OIDO
20.5,ESCISION OIDO MEDIO OTRA,20 OTRAS OPERACIONES SOBRE EL OIDO MEDIO Y EL OIDO INTERNO,04. (18 20) OPERACIONES SOBRE EL OIDO,04. (18 20) OPERACIONES SOBRE EL OIDO
20.51,ESCISION OIDO MEDIO LOCAL,20 OTRAS OPERACIONES SOBRE EL OIDO MEDIO Y EL OIDO INTERNO,04. (18 20) OPERACIONES SOBRE EL OIDO,04. (18 20) OPERACIONES SOBRE EL OIDO
20.59,ESCISION OIDO MEDIO OTRA.OTRA,20 OTRAS OPERACIONES SOBRE EL OIDO MEDIO Y EL OIDO INTERNO,04. (18 20) OPERACIONES SOBRE EL OIDO,04. (18 20) OPERACIONES SOBRE EL OIDO
20.6,FENESTRACION OIDO INTERNO,20 OTRAS OPERACIONES SOBRE EL OIDO MEDIO Y EL OIDO INTERNO,04. (18 20) OPERACIONES SOBRE EL OIDO,04. (18 20) OPERACIONES SOBRE EL OIDO
20.61,FENESTRACION OIDO INTERNO (INICIAL),20 OTRAS OPERACIONES SOBRE EL OIDO MEDIO Y EL OIDO INTERNO,04. (18 20) OPERACIONES SOBRE EL OIDO,04. (18 20) OPERACIONES SOBRE EL OIDO
20.62,REVISION FENESTRACION OIDO INTERNO,20 OTRAS OPERACIONES SOBRE EL OIDO MEDIO Y EL OIDO INTERNO,04. (18 20) OPERACIONES SOBRE EL OIDO,04. (18 20) OPERACIONES SOBRE EL OIDO
20.7,ESCISION OIDO INTERNO,20 OTRAS OPERACIONES SOBRE EL OIDO MEDIO Y EL OIDO INTERNO,04. (18 20) OPERACIONES SOBRE EL OIDO,04. (18 20) OPERACIONES SOBRE EL OIDO
20.71,DRENAJE ENDOLINFATICO,20 OTRAS OPERACIONES SOBRE EL OIDO MEDIO Y EL OIDO INTERNO,04. (18 20) OPERACIONES SOBRE EL OIDO,04. (18 20) OPERACIONES SOBRE EL OIDO
20.72,INYECCION OIDO INTERNO,20 OTRAS OPERACIONES SOBRE EL OIDO MEDIO Y EL OIDO INTERNO,04. (18 20) OPERACIONES SOBRE EL OIDO,04. (18 20) OPERACIONES SOBRE EL OIDO
20.79,ESCISION OIDO INTERNO.OTRA,20 OTRAS OPERACIONES SOBRE EL OIDO MEDIO Y EL OIDO INTERNO,04. (18 20) OPERACIONES SOBRE EL OIDO,04. (18 20) OPERACIONES SOBRE EL OIDO
20.8,OPERACION TROMPA DE EUSTAQUIO,20 OTRAS OPERACIONES SOBRE EL OIDO MEDIO Y EL OIDO INTERNO,04. (18 20) OPERACIONES SOBRE EL OIDO,04. (18 20) OPERACIONES SOBRE EL OIDO
20.9,OPERACION OIDO INTERNO Y OIDO MEDIO OTRA,20 OTRAS OPERACIONES SOBRE EL OIDO MEDIO Y EL OIDO INTERNO,04. (18 20) OPERACIONES SOBRE EL OIDO,04. (18 20) OPERACIONES SOBRE EL OIDO
20.91,TIMPANOSIMPATECTOMIA,20 OTRAS OPERACIONES SOBRE EL OIDO MEDIO Y EL OIDO INTERNO,04. (18 20) OPERACIONES SOBRE EL OIDO,04. (18 20) OPERACIONES SOBRE EL OIDO
20.92,REVISION MASTOIDECTOMIA,20 OTRAS OPERACIONES SOBRE EL OIDO MEDIO Y EL OIDO INTERNO,04. (18 20) OPERACIONES SOBRE EL OIDO,04. (18 20) OPERACIONES SOBRE EL OIDO
20.93,REPARACION VENTANA OVAL Y REDONDA,20 OTRAS OPERACIONES SOBRE EL OIDO MEDIO Y EL OIDO INTERNO,04. (18 20) OPERACIONES SOBRE EL OIDO,04. (18 20) OPERACIONES SOBRE EL OIDO
20.94,INYECCION TIMPANO,20 OTRAS OPERACIONES SOBRE EL OIDO MEDIO Y EL OIDO INTERNO,04. (18 20) OPERACIONES SOBRE EL OIDO,04. (18 20) OPERACIONES SOBRE EL OIDO
20.95,IMPLANTACION PROTESIS OIDO ELECTROMAGNETICA,20 OTRAS OPERACIONES SOBRE EL OIDO MEDIO Y EL OIDO INTERNO,04. (18 20) OPERACIONES SOBRE EL OIDO,04. (18 20) OPERACIONES SOBRE EL OIDO
20.96,IMPLANTACION PROTESIS COCLEA NEOM,20 OTRAS OPERACIONES SOBRE EL OIDO MEDIO Y EL OIDO INTERNO,04. (18 20) OPERACIONES SOBRE EL OIDO,04. (18 20) OPERACIONES SOBRE EL OIDO
20.97,IMPLANTACION PROTESIS COCLEA CANAL UNICO,20 OTRAS OPERACIONES SOBRE EL OIDO MEDIO Y EL OIDO INTERNO,04. (18 20) OPERACIONES SOBRE EL OIDO,04. (18 20) OPERACIONES SOBRE EL OIDO
20.98,IMPLANTACION PROTESIS COCLEA CANAL MULTIPLE,20 OTRAS OPERACIONES SOBRE EL OIDO MEDIO Y EL OIDO INTERNO,04. (18 20) OPERACIONES SOBRE EL OIDO,04. (18 20) OPERACIONES SOBRE EL OIDO
20.99,OPERACION OIDO MEDIO Y OIDO INTERNO.OTRA,20 OTRAS OPERACIONES SOBRE EL OIDO MEDIO Y EL OIDO INTERNO,04. (18 20) OPERACIONES SOBRE EL OIDO,04. (18 20) OPERACIONES SOBRE EL OIDO
21,OPERACION NARIZ,21 OPERACIONES SOBRE LA NARIZ,"05. (21 29) OPERACIONES SOBRE LA NARIZ, BOCA Y FARINGE","05. (21 29) OPERACIONES SOBRE LA NARIZ, BOCA Y FARINGE"
21.0,CONTROL EPISTAXIS,21 OPERACIONES SOBRE LA NARIZ,"05. (21 29) OPERACIONES SOBRE LA NARIZ, BOCA Y FARINGE","05. (21 29) OPERACIONES SOBRE LA NARIZ, BOCA Y FARINGE"
21.00,CONTROL EPISTAXIS.NEOM,21 OPERACIONES SOBRE LA NARIZ,"05. (21 29) OPERACIONES SOBRE LA NARIZ, BOCA Y FARINGE","05. (21 29) OPERACIONES SOBRE LA NARIZ, BOCA Y FARINGE"
21.01,TAPONAMIENTO NARIZ ANTERIOR EPISTAXIS,21 OPERACIONES SOBRE LA NARIZ,"05. (21 29) OPERACIONES SOBRE LA NARIZ, BOCA Y FARINGE","05. (21 29) OPERACIONES SOBRE LA NARIZ, BOCA Y FARINGE"
21.02,TAPONAMIENTO NARIZ POSTERIOR EPISTAXIS,21 OPERACIONES SOBRE LA NARIZ,"05. (21 29) OPERACIONES SOBRE LA NARIZ, BOCA Y FARINGE","05. (21 29) OPERACIONES SOBRE LA NARIZ, BOCA Y FARINGE"
21.03,CAUTERIZACION NARIZ EPISTAXIS,21 OPERACIONES SOBRE LA NARIZ,"05. (21 29) OPERACIONES SOBRE LA NARIZ, BOCA Y FARINGE","05. (21 29) OPERACIONES SOBRE LA NARIZ, BOCA Y FARINGE"
21.04,LIGADURA ARTERIA ETMOIDAL EPISTAXIS,21 OPERACIONES SOBRE LA NARIZ,"05. (21 29) OPERACIONES SOBRE LA NARIZ, BOCA Y FARINGE","05. (21 29) OPERACIONES SOBRE LA NARIZ, BOCA Y FARINGE"
21.05,LIGADURA ARTERIA MAXILAR EPISTAXIS,21 OPERACIONES SOBRE LA NARIZ,"05. (21 29) OPERACIONES SOBRE LA NARIZ, BOCA Y FARINGE","05. (21 29) OPERACIONES SOBRE LA NARIZ, BOCA Y FARINGE"
21.06,LIGADURA ARTERIA CAROTIDA EXTERNA EPISTAXIS,21 OPERACIONES SOBRE LA NARIZ,"05. (21 29) OPERACIONES SOBRE LA NARIZ, BOCA Y FARINGE","05. (21 29) OPERACIONES SOBRE LA NARIZ, BOCA Y FARINGE"
21.07,ESCISION MUSOSA NARIZ E INJERTO EPISTAXIS,21 OPERACIONES SOBRE LA NARIZ,"05. (21 29) OPERACIONES SOBRE LA NARIZ, BOCA Y FARINGE","05. (21 29) OPERACIONES SOBRE LA NARIZ, BOCA Y FARINGE"
21.09,CONTROL EPISTAXIS.OTRO,21 OPERACIONES SOBRE LA NARIZ,"05. (21 29) OPERACIONES SOBRE LA NARIZ, BOCA Y FARINGE","05. (21 29) OPERACIONES SOBRE LA NARIZ, BOCA Y FARINGE"
21.1,INCISION NARIZ,21 OPERACIONES SOBRE LA NARIZ,"05. (21 29) OPERACIONES SOBRE LA NARIZ, BOCA Y FARINGE","05. (21 29) OPERACIONES SOBRE LA NARIZ, BOCA Y FARINGE"
21.2,PROCEDIMIENTO DIAGNOSTICO NARIZ,21 OPERACIONES SOBRE LA NARIZ,"05. (21 29) OPERACIONES SOBRE LA NARIZ, BOCA Y FARINGE","05. (21 29) OPERACIONES SOBRE LA NARIZ, BOCA Y FARINGE"
21.21,RINOSCOPIA,21 OPERACIONES SOBRE LA NARIZ,"05. (21 29) OPERACIONES SOBRE LA NARIZ, BOCA Y FARINGE","05. (21 29) OPERACIONES SOBRE LA NARIZ, BOCA Y FARINGE"
21.22,BIOPSIA NARIZ,21 OPERACIONES SOBRE LA NARIZ,"05. (21 29) OPERACIONES SOBRE LA NARIZ, BOCA Y FARINGE","05. (21 29) OPERACIONES SOBRE LA NARIZ, BOCA Y FARINGE"
21.29,PROCEDIMIENTO DIAGNOSTICO NARIZ.OTRO,21 OPERACIONES SOBRE LA NARIZ,"05. (21 29) OPERACIONES SOBRE LA NARIZ, BOCA Y FARINGE","05. (21 29) OPERACIONES SOBRE LA NARIZ, BOCA Y FARINGE"
21.3,ESCISION NARIZ LOCAL,21 OPERACIONES SOBRE LA NARIZ,"05. (21 29) OPERACIONES SOBRE LA NARIZ, BOCA Y FARINGE","05. (21 29) OPERACIONES SOBRE LA NARIZ, BOCA Y FARINGE"
21.30,ESCISION NARIZ LOCAL.NEOM,21 OPERACIONES SOBRE LA NARIZ,"05. (21 29) OPERACIONES SOBRE LA NARIZ, BOCA Y FARINGE","05. (21 29) OPERACIONES SOBRE LA NARIZ, BOCA Y FARINGE"
21.31,ESCISION INTRANASAL LOCAL,21 OPERACIONES SOBRE LA NARIZ,"05. (21 29) OPERACIONES SOBRE LA NARIZ, BOCA Y FARINGE","05. (21 29) OPERACIONES SOBRE LA NARIZ, BOCA Y FARINGE"
21.32,ESCISION NARIZ LOCAL.OTRA,21 OPERACIONES SOBRE LA NARIZ,"05. (21 29) OPERACIONES SOBRE LA NARIZ, BOCA Y FARINGE","05. (21 29) OPERACIONES SOBRE LA NARIZ, BOCA Y FARINGE"
21.4,RESECCION NARIZ,21 OPERACIONES SOBRE LA NARIZ,"05. (21 29) OPERACIONES SOBRE LA NARIZ, BOCA Y FARINGE","05. (21 29) OPERACIONES SOBRE LA NARIZ, BOCA Y FARINGE"
21.5,RESECCION TABIQUE NARIZ SUBMUCOSA,21 OPERACIONES SOBRE LA NARIZ,"05. (21 29) OPERACIONES SOBRE LA NARIZ, BOCA Y FARINGE","05. (21 29) OPERACIONES SOBRE LA NARIZ, BOCA Y FARINGE"
21.6,TURBINECTOMIA,21 OPERACIONES SOBRE LA NARIZ,"05. (21 29) OPERACIONES SOBRE LA NARIZ, BOCA Y FARINGE","05. (21 29) OPERACIONES SOBRE LA NARIZ, BOCA Y FARINGE"
21.61,TURBINECTOMIA POR DIATERMIA O CRIOCIRUGIA,21 OPERACIONES SOBRE LA NARIZ,"05. (21 29) OPERACIONES SOBRE LA NARIZ, BOCA Y FARINGE","05. (21 29) OPERACIONES SOBRE LA NARIZ, BOCA Y FARINGE"
21.62,FRACTURACION CORNETES,21 OPERACIONES SOBRE LA NARIZ,"05. (21 29) OPERACIONES SOBRE LA NARIZ, BOCA Y FARINGE","05. (21 29) OPERACIONES SOBRE LA NARIZ, BOCA Y FARINGE"
21.69,TURBINECTOMIA.OTRA,21 OPERACIONES SOBRE LA NARIZ,"05. (21 29) OPERACIONES SOBRE LA NARIZ, BOCA Y FARINGE","05. (21 29) OPERACIONES SOBRE LA NARIZ, BOCA Y FARINGE"
21.7,REDUCCION FRACTURA NARIZ,21 OPERACIONES SOBRE LA NARIZ,"05. (21 29) OPERACIONES SOBRE LA NARIZ, BOCA Y FARINGE","05. (21 29) OPERACIONES SOBRE LA NARIZ, BOCA Y FARINGE"
21.71,REDUCCION CERRADA FRACTURA NARIZ,21 OPERACIONES SOBRE LA NARIZ,"05. (21 29) OPERACIONES SOBRE LA NARIZ, BOCA Y FARINGE","05. (21 29) OPERACIONES SOBRE LA NARIZ, BOCA Y FARINGE"
21.72,REDUCCION ABIERTA FRACTURA NARIZ,21 OPERACIONES SOBRE LA NARIZ,"05. (21 29) OPERACIONES SOBRE LA NARIZ, BOCA Y FARINGE","05. (21 29) OPERACIONES SOBRE LA NARIZ, BOCA Y FARINGE"
21.8,OPERACION NARIZ REPARADORA Y PLASTICA,21 OPERACIONES SOBRE LA NARIZ,"05. (21 29) OPERACIONES SOBRE LA NARIZ, BOCA Y FARINGE","05. (21 29) OPERACIONES SOBRE LA NARIZ, BOCA Y FARINGE"
21.81,SUTURA NARIZ,21 OPERACIONES SOBRE LA NARIZ,"05. (21 29) OPERACIONES SOBRE LA NARIZ, BOCA Y FARINGE","05. (21 29) OPERACIONES SOBRE LA NARIZ, BOCA Y FARINGE"
21.82,CIERRE FISTULA NARIZ,21 OPERACIONES SOBRE LA NARIZ,"05. (21 29) OPERACIONES SOBRE LA NARIZ, BOCA Y FARINGE","05. (21 29) OPERACIONES SOBRE LA NARIZ, BOCA Y FARINGE"
21.83,RECONSTRUCCION NARIZ TOTAL,21 OPERACIONES SOBRE LA NARIZ,"05. (21 29) OPERACIONES SOBRE LA NARIZ, BOCA Y FARINGE","05. (21 29) OPERACIONES SOBRE LA NARIZ, BOCA Y FARINGE"
21.84,RINOPLASTIA SECUNDARIA,21 OPERACIONES SOBRE LA NARIZ,"05. (21 29) OPERACIONES SOBRE LA NARIZ, BOCA Y FARINGE","05. (21 29) OPERACIONES SOBRE LA NARIZ, BOCA Y FARINGE"
21.85,RINOPLASTIA DE AUMENTO,21 OPERACIONES SOBRE LA NARIZ,"05. (21 29) OPERACIONES SOBRE LA NARIZ, BOCA Y FARINGE","05. (21 29) OPERACIONES SOBRE LA NARIZ, BOCA Y FARINGE"
21.86,RINOPLASTIA LIMITADA,21 OPERACIONES SOBRE LA NARIZ,"05. (21 29) OPERACIONES SOBRE LA NARIZ, BOCA Y FARINGE","05. (21 29) OPERACIONES SOBRE LA NARIZ, BOCA Y FARINGE"
21.87,RINOPLASTIA OTRA,21 OPERACIONES SOBRE LA NARIZ,"05. (21 29) OPERACIONES SOBRE LA NARIZ, BOCA Y FARINGE","05. (21 29) OPERACIONES SOBRE LA NARIZ, BOCA Y FARINGE"
21.88,SEPTOPLASTIA OTRA,21 OPERACIONES SOBRE LA NARIZ,"05. (21 29) OPERACIONES SOBRE LA NARIZ, BOCA Y FARINGE","05. (21 29) OPERACIONES SOBRE LA NARIZ, BOCA Y FARINGE"
21.89,OPERACION NARIZ REPARADORA Y PLASTICA.OTRA,21 OPERACIONES SOBRE LA NARIZ,"05. (21 29) OPERACIONES SOBRE LA NARIZ, BOCA Y FARINGE","05. (21 29) OPERACIONES SOBRE LA NARIZ, BOCA Y FARINGE"
21.9,OPERACION NARIZ OTRA,21 OPERACIONES SOBRE LA NARIZ,"05. (21 29) OPERACIONES SOBRE LA NARIZ, BOCA Y FARINGE","05. (21 29) OPERACIONES SOBRE LA NARIZ, BOCA Y FARINGE"
21.91,LISIS ADHERENCIA NARIZ,21 OPERACIONES SOBRE LA NARIZ,"05. (21 29) OPERACIONES SOBRE LA NARIZ, BOCA Y FARINGE","05. (21 29) OPERACIONES SOBRE LA NARIZ, BOCA Y FARINGE"
21.99,OPERACION NARIZ.OTRA,21 OPERACIONES SOBRE LA NARIZ,"05. (21 29) OPERACIONES SOBRE LA NARIZ, BOCA Y FARINGE","05. (21 29) OPERACIONES SOBRE LA NARIZ, BOCA Y FARINGE"
22,OPERACION SENO NARIZ,22 OPERACIONES SOBRE SENOS NASALES,"05. (21 29) OPERACIONES SOBRE LA NARIZ, BOCA Y FARINGE","05. (21 29) OPERACIONES SOBRE LA NARIZ, BOCA Y FARINGE"
22.0,ASPIRACION SENO NARIZ,22 OPERACIONES SOBRE SENOS NASALES,"05. (21 29) OPERACIONES SOBRE LA NARIZ, BOCA Y FARINGE","05. (21 29) OPERACIONES SOBRE LA NARIZ, BOCA Y FARINGE"
22.00,ASPIRACION SENO NARIZ.NEOM,22 OPERACIONES SOBRE SENOS NASALES,"05. (21 29) OPERACIONES SOBRE LA NARIZ, BOCA Y FARINGE","05. (21 29) OPERACIONES SOBRE LA NARIZ, BOCA Y FARINGE"
22.01,PUNCION SENO NARIZ PARA ASPIRACION O LAVADO,22 OPERACIONES SOBRE SENOS NASALES,"05. (21 29) OPERACIONES SOBRE LA NARIZ, BOCA Y FARINGE","05. (21 29) OPERACIONES SOBRE LA NARIZ, BOCA Y FARINGE"
22.02,ASPIRACION SENO NARIZ POR ORIFICIO NATURAL,22 OPERACIONES SOBRE SENOS NASALES,"05. (21 29) OPERACIONES SOBRE LA NARIZ, BOCA Y FARINGE","05. (21 29) OPERACIONES SOBRE LA NARIZ, BOCA Y FARINGE"
22.1,PROCEDIMIENTO DIAGNOSTICO SENO NARIZ,22 OPERACIONES SOBRE SENOS NASALES,"05. (21 29) OPERACIONES SOBRE LA NARIZ, BOCA Y FARINGE","05. (21 29) OPERACIONES SOBRE LA NARIZ, BOCA Y FARINGE"
22.11,BIOPSIA SENO NARIZ CERRADA [ENDOSCOPICA][AGUJA],22 OPERACIONES SOBRE SENOS NASALES,"05. (21 29) OPERACIONES SOBRE LA NARIZ, BOCA Y FARINGE","05. (21 29) OPERACIONES SOBRE LA NARIZ, BOCA Y FARINGE"
22.12,BIOPSIA SENO NARIZ ABIERTA,22 OPERACIONES SOBRE SENOS NASALES,"05. (21 29) OPERACIONES SOBRE LA NARIZ, BOCA Y FARINGE","05. (21 29) OPERACIONES SOBRE LA NARIZ, BOCA Y FARINGE"
22.19,PROCEDIMIENTO DIAGNOSTICO SENO NARIZ.OTRO,22 OPERACIONES SOBRE SENOS NASALES,"05. (21 29) OPERACIONES SOBRE LA NARIZ, BOCA Y FARINGE","05. (21 29) OPERACIONES SOBRE LA NARIZ, BOCA Y FARINGE"
22.2,ANTROTOMIA INTRANASAL,22 OPERACIONES SOBRE SENOS NASALES,"05. (21 29) OPERACIONES SOBRE LA NARIZ, BOCA Y FARINGE","05. (21 29) OPERACIONES SOBRE LA NARIZ, BOCA Y FARINGE"
22.3,ANTROTOMIA MAXILAR EXTERNA,22 OPERACIONES SOBRE SENOS NASALES,"05. (21 29) OPERACIONES SOBRE LA NARIZ, BOCA Y FARINGE","05. (21 29) OPERACIONES SOBRE LA NARIZ, BOCA Y FARINGE"
22.31,ANTROTOMIA MAXILAR RADICAL,22 OPERACIONES SOBRE SENOS NASALES,"05. (21 29) OPERACIONES SOBRE LA NARIZ, BOCA Y FARINGE","05. (21 29) OPERACIONES SOBRE LA NARIZ, BOCA Y FARINGE"
22.39,ANTROTOMIA MAXILAR EXTERNA.OTRA,22 OPERACIONES SOBRE SENOS NASALES,"05. (21 29) OPERACIONES SOBRE LA NARIZ, BOCA Y FARINGE","05. (21 29) OPERACIONES SOBRE LA NARIZ, BOCA Y FARINGE"
22.4,SINUSOTOMIA Y SINUSECTOMIA FRONTAL,22 OPERACIONES SOBRE SENOS NASALES,"05. (21 29) OPERACIONES SOBRE LA NARIZ, BOCA Y FARINGE","05. (21 29) OPERACIONES SOBRE LA NARIZ, BOCA Y FARINGE"
22.41,SINUSOTOMIA FRONTAL,22 OPERACIONES SOBRE SENOS NASALES,"05. (21 29) OPERACIONES SOBRE LA NARIZ, BOCA Y FARINGE","05. (21 29) OPERACIONES SOBRE LA NARIZ, BOCA Y FARINGE"
22.42,SINUSECTOMIA FRONTAL,22 OPERACIONES SOBRE SENOS NASALES,"05. (21 29) OPERACIONES SOBRE LA NARIZ, BOCA Y FARINGE","05. (21 29) OPERACIONES SOBRE LA NARIZ, BOCA Y FARINGE"
22.5,SINUSOTOMIA NARIZ OTRA,22 OPERACIONES SOBRE SENOS NASALES,"05. (21 29) OPERACIONES SOBRE LA NARIZ, BOCA Y FARINGE","05. (21 29) OPERACIONES SOBRE LA NARIZ, BOCA Y FARINGE"
22.50,SINUSOTOMIA NARIZ.NEOM,22 OPERACIONES SOBRE SENOS NASALES,"05. (21 29) OPERACIONES SOBRE LA NARIZ, BOCA Y FARINGE","05. (21 29) OPERACIONES SOBRE LA NARIZ, BOCA Y FARINGE"
22.51,ETMOIDOTOMIA,22 OPERACIONES SOBRE SENOS NASALES,"05. (21 29) OPERACIONES SOBRE LA NARIZ, BOCA Y FARINGE","05. (21 29) OPERACIONES SOBRE LA NARIZ, BOCA Y FARINGE"
22.52,ESFENOIDOTOMIA,22 OPERACIONES SOBRE SENOS NASALES,"05. (21 29) OPERACIONES SOBRE LA NARIZ, BOCA Y FARINGE","05. (21 29) OPERACIONES SOBRE LA NARIZ, BOCA Y FARINGE"
22.53,INCISION MULTIPLE SENO NARIZ,22 OPERACIONES SOBRE SENOS NASALES,"05. (21 29) OPERACIONES SOBRE LA NARIZ, BOCA Y FARINGE","05. (21 29) OPERACIONES SOBRE LA NARIZ, BOCA Y FARINGE"
22.6,SINUSECTOMIA NARIZ OTRA,22 OPERACIONES SOBRE SENOS NASALES,"05. (21 29) OPERACIONES SOBRE LA NARIZ, BOCA Y FARINGE","05. (21 29) OPERACIONES SOBRE LA NARIZ, BOCA Y FARINGE"
22.60,SINUSECTOMIA.NEOM,22 OPERACIONES SOBRE SENOS NASALES,"05. (21 29) OPERACIONES SOBRE LA NARIZ, BOCA Y FARINGE","05. (21 29) OPERACIONES SOBRE LA NARIZ, BOCA Y FARINGE"
22.61,ESCISION SENO MAXILAR LOCAL ACCESO DE CALDWELL-LUC,22 OPERACIONES SOBRE SENOS NASALES,"05. (21 29) OPERACIONES SOBRE LA NARIZ, BOCA Y FARINGE","05. (21 29) OPERACIONES SOBRE LA NARIZ, BOCA Y FARINGE"
22.62,ESCISION SENO MAXILAR LOCAL OTRO ACCESO,22 OPERACIONES SOBRE SENOS NASALES,"05. (21 29) OPERACIONES SOBRE LA NARIZ, BOCA Y FARINGE","05. (21 29) OPERACIONES SOBRE LA NARIZ, BOCA Y FARINGE"
22.63,ETMOIDECTOMIA,22 OPERACIONES SOBRE SENOS NASALES,"05. (21 29) OPERACIONES SOBRE LA NARIZ, BOCA Y FARINGE","05. (21 29) OPERACIONES SOBRE LA NARIZ, BOCA Y FARINGE"
22.64,ESFENOIDECTOMIA,22 OPERACIONES SOBRE SENOS NASALES,"05. (21 29) OPERACIONES SOBRE LA NARIZ, BOCA Y FARINGE","05. (21 29) OPERACIONES SOBRE LA NARIZ, BOCA Y FARINGE"
22.7,REPARACION SENO NARIZ,22 OPERACIONES SOBRE SENOS NASALES,"05. (21 29) OPERACIONES SOBRE LA NARIZ, BOCA Y FARINGE","05. (21 29) OPERACIONES SOBRE LA NARIZ, BOCA Y FARINGE"
22.71,CIERRE FISTULA SENO NARIZ,22 OPERACIONES SOBRE SENOS NASALES,"05. (21 29) OPERACIONES SOBRE LA NARIZ, BOCA Y FARINGE","05. (21 29) OPERACIONES SOBRE LA NARIZ, BOCA Y FARINGE"
22.79,REPARACION SENO NARIZ.OTRA,22 OPERACIONES SOBRE SENOS NASALES,"05. (21 29) OPERACIONES SOBRE LA NARIZ, BOCA Y FARINGE","05. (21 29) OPERACIONES SOBRE LA NARIZ, BOCA Y FARINGE"
22.9,OPERACION SENO NARIZ OTRA,22 OPERACIONES SOBRE SENOS NASALES,"05. (21 29) OPERACIONES SOBRE LA NARIZ, BOCA Y FARINGE","05. (21 29) OPERACIONES SOBRE LA NARIZ, BOCA Y FARINGE"
23,EXTRACCION Y RESTAURACION DIENTE,23 EXTRACCION Y RESTAURACION DE DIENTES,"05. (21 29) OPERACIONES SOBRE LA NARIZ, BOCA Y FARINGE","05. (21 29) OPERACIONES SOBRE LA NARIZ, BOCA Y FARINGE"
23.0,EXTRACCION DIENTE CON FORCEPS,23 EXTRACCION Y RESTAURACION DE DIENTES,"05. (21 29) OPERACIONES SOBRE LA NARIZ, BOCA Y FARINGE","05. (21 29) OPERACIONES SOBRE LA NARIZ, BOCA Y FARINGE"
23.01,EXTRACCION DIENTE LECHE,23 EXTRACCION Y RESTAURACION DE DIENTES,"05. (21 29) OPERACIONES SOBRE LA NARIZ, BOCA Y FARINGE","05. (21 29) OPERACIONES SOBRE LA NARIZ, BOCA Y FARINGE"
23.09,EXTRACCION DIENTE.OTRA,23 EXTRACCION Y RESTAURACION DE DIENTES,"05. (21 29) OPERACIONES SOBRE LA NARIZ, BOCA Y FARINGE","05. (21 29) OPERACIONES SOBRE LA NARIZ, BOCA Y FARINGE"
23.1,EXTRACCION DIENTE QUIRURGICA,23 EXTRACCION Y RESTAURACION DE DIENTES,"05. (21 29) OPERACIONES SOBRE LA NARIZ, BOCA Y FARINGE","05. (21 29) OPERACIONES SOBRE LA NARIZ, BOCA Y FARINGE"
23.11,EXTRACCION RAIZ RESIDUAL DIENTE,23 EXTRACCION Y RESTAURACION DE DIENTES,"05. (21 29) OPERACIONES SOBRE LA NARIZ, BOCA Y FARINGE","05. (21 29) OPERACIONES SOBRE LA NARIZ, BOCA Y FARINGE"
23.19,EXTRACCION DIENTE QUIRURGICA.OTRA,23 EXTRACCION Y RESTAURACION DE DIENTES,"05. (21 29) OPERACIONES SOBRE LA NARIZ, BOCA Y FARINGE","05. (21 29) OPERACIONES SOBRE LA NARIZ, BOCA Y FARINGE"
23.2,REPARACION DIENTE POR OBTURACION,23 EXTRACCION Y RESTAURACION DE DIENTES,"05. (21 29) OPERACIONES SOBRE LA NARIZ, BOCA Y FARINGE","05. (21 29) OPERACIONES SOBRE LA NARIZ, BOCA Y FARINGE"
23.3,REPARACION DIENTE POR INCRUSTACION,23 EXTRACCION Y RESTAURACION DE DIENTES,"05. (21 29) OPERACIONES SOBRE LA NARIZ, BOCA Y FARINGE","05. (21 29) OPERACIONES SOBRE LA NARIZ, BOCA Y FARINGE"
23.4,REPARACION DIENTE OTRA,23 EXTRACCION Y RESTAURACION DE DIENTES,"05. (21 29) OPERACIONES SOBRE LA NARIZ, BOCA Y FARINGE","05. (21 29) OPERACIONES SOBRE LA NARIZ, BOCA Y FARINGE"
23.41,APLICACION CORONA,23 EXTRACCION Y RESTAURACION DE DIENTES,"05. (21 29) OPERACIONES SOBRE LA NARIZ, BOCA Y FARINGE","05. (21 29) OPERACIONES SOBRE LA NARIZ, BOCA Y FARINGE"
23.42,INSERCION DENTAL PUENTE FIJO,23 EXTRACCION Y RESTAURACION DE DIENTES,"05. (21 29) OPERACIONES SOBRE LA NARIZ, BOCA Y FARINGE","05. (21 29) OPERACIONES SOBRE LA NARIZ, BOCA Y FARINGE"
23.43,INSERCION DENTAL PUENTE REMOVIBLE,23 EXTRACCION Y RESTAURACION DE DIENTES,"05. (21 29) OPERACIONES SOBRE LA NARIZ, BOCA Y FARINGE","05. (21 29) OPERACIONES SOBRE LA NARIZ, BOCA Y FARINGE"
23.49,REPARACION DIENTE.OTRA,23 EXTRACCION Y RESTAURACION DE DIENTES,"05. (21 29) OPERACIONES SOBRE LA NARIZ, BOCA Y FARINGE","05. (21 29) OPERACIONES SOBRE LA NARIZ, BOCA Y FARINGE"
23.5,IMPLANTE DIENTE,23 EXTRACCION Y RESTAURACION DE DIENTES,"05. (21 29) OPERACIONES SOBRE LA NARIZ, BOCA Y FARINGE","05. (21 29) OPERACIONES SOBRE LA NARIZ, BOCA Y FARINGE"
23.6,IMPLANTACION PROTESIS DENTAL,23 EXTRACCION Y RESTAURACION DE DIENTES,"05. (21 29) OPERACIONES SOBRE LA NARIZ, BOCA Y FARINGE","05. (21 29) OPERACIONES SOBRE LA NARIZ, BOCA Y FARINGE"
23.7,APICECTOMIA Y TERAPIA CONDUCTO RADICULAR,23 EXTRACCION Y RESTAURACION DE DIENTES,"05. (21 29) OPERACIONES SOBRE LA NARIZ, BOCA Y FARINGE","05. (21 29) OPERACIONES SOBRE LA NARIZ, BOCA Y FARINGE"
23.70,CONDUCTO RADICULAR NEOM,23 EXTRACCION Y RESTAURACION DE DIENTES,"05. (21 29) OPERACIONES SOBRE LA NARIZ, BOCA Y FARINGE","05. (21 29) OPERACIONES SOBRE LA NARIZ, BOCA Y FARINGE"
23.71,TERAPIA CONDUCTA RADICULAR CON IRRIGACION,23 EXTRACCION Y RESTAURACION DE DIENTES,"05. (21 29) OPERACIONES SOBRE LA NARIZ, BOCA Y FARINGE","05. (21 29) OPERACIONES SOBRE LA NARIZ, BOCA Y FARINGE"
23.72,TERAPIA CONDUCTO RADICULAR CON APICECTOMIA,23 EXTRACCION Y RESTAURACION DE DIENTES,"05. (21 29) OPERACIONES SOBRE LA NARIZ, BOCA Y FARINGE","05. (21 29) OPERACIONES SOBRE LA NARIZ, BOCA Y FARINGE"
23.73,APICECTOMIA,23 EXTRACCION Y RESTAURACION DE DIENTES,"05. (21 29) OPERACIONES SOBRE LA NARIZ, BOCA Y FARINGE","05. (21 29) OPERACIONES SOBRE LA NARIZ, BOCA Y FARINGE"
24,"OPERACION DIENTE,ENCIA Y ALVEOLO OTRA","24 OTRAS OPERACIONES SOBRE DIENTES, ENCIAS Y ALVEOLOS","05. (21 29) OPERACIONES SOBRE LA NARIZ, BOCA Y FARINGE","05. (21 29) OPERACIONES SOBRE LA NARIZ, BOCA Y FARINGE"
24.0,INCISION ENCIA Y HUESO ALVEOLAR,"24 OTRAS OPERACIONES SOBRE DIENTES, ENCIAS Y ALVEOLOS","05. (21 29) OPERACIONES SOBRE LA NARIZ, BOCA Y FARINGE","05. (21 29) OPERACIONES SOBRE LA NARIZ, BOCA Y FARINGE"
24.1,"PROCEDIMIENTO DIAGNOSTICO DIENTE,ENCIA Y ALVEOLO","24 OTRAS OPERACIONES SOBRE DIENTES, ENCIAS Y ALVEOLOS","05. (21 29) OPERACIONES SOBRE LA NARIZ, BOCA Y FARINGE","05. (21 29) OPERACIONES SOBRE LA NARIZ, BOCA Y FARINGE"
24.11,BIOPSIA ENCIA,"24 OTRAS OPERACIONES SOBRE DIENTES, ENCIAS Y ALVEOLOS","05. (21 29) OPERACIONES SOBRE LA NARIZ, BOCA Y FARINGE","05. (21 29) OPERACIONES SOBRE LA NARIZ, BOCA Y FARINGE"
24.12,BIOPSIA ALVEOLO,"24 OTRAS OPERACIONES SOBRE DIENTES, ENCIAS Y ALVEOLOS","05. (21 29) OPERACIONES SOBRE LA NARIZ, BOCA Y FARINGE","05. (21 29) OPERACIONES SOBRE LA NARIZ, BOCA Y FARINGE"
24.19,"PROCEDIMIENTO DIAGNOSTICO DIENTE,ENCIA Y ALVEOLO.OTRO","24 OTRAS OPERACIONES SOBRE DIENTES, ENCIAS Y ALVEOLOS","05. (21 29) OPERACIONES SOBRE LA NARIZ, BOCA Y FARINGE","05. (21 29) OPERACIONES SOBRE LA NARIZ, BOCA Y FARINGE"
24.2,GINGIVOPLASTIA,"24 OTRAS OPERACIONES SOBRE DIENTES, ENCIAS Y ALVEOLOS","05. (21 29) OPERACIONES SOBRE LA NARIZ, BOCA Y FARINGE","05. (21 29) OPERACIONES SOBRE LA NARIZ, BOCA Y FARINGE"
24.3,OPERACION ENCIA OTRA,"24 OTRAS OPERACIONES SOBRE DIENTES, ENCIAS Y ALVEOLOS","05. (21 29) OPERACIONES SOBRE LA NARIZ, BOCA Y FARINGE","05. (21 29) OPERACIONES SOBRE LA NARIZ, BOCA Y FARINGE"
24.31,ESCISION ENCIA LOCAL,"24 OTRAS OPERACIONES SOBRE DIENTES, ENCIAS Y ALVEOLOS","05. (21 29) OPERACIONES SOBRE LA NARIZ, BOCA Y FARINGE","05. (21 29) OPERACIONES SOBRE LA NARIZ, BOCA Y FARINGE"
24.32,SUTURA ENCIA,"24 OTRAS OPERACIONES SOBRE DIENTES, ENCIAS Y ALVEOLOS","05. (21 29) OPERACIONES SOBRE LA NARIZ, BOCA Y FARINGE","05. (21 29) OPERACIONES SOBRE LA NARIZ, BOCA Y FARINGE"
24.39,OPERACION ENCIA.OTRA,"24 OTRAS OPERACIONES SOBRE DIENTES, ENCIAS Y ALVEOLOS","05. (21 29) OPERACIONES SOBRE LA NARIZ, BOCA Y FARINGE","05. (21 29) OPERACIONES SOBRE LA NARIZ, BOCA Y FARINGE"
24.4,ESCISION MAXILAR DENTARIA LOCAL,"24 OTRAS OPERACIONES SOBRE DIENTES, ENCIAS Y ALVEOLOS","05. (21 29) OPERACIONES SOBRE LA NARIZ, BOCA Y FARINGE","05. (21 29) OPERACIONES SOBRE LA NARIZ, BOCA Y FARINGE"
24.5,ALVEOLOPLASTIA,"24 OTRAS OPERACIONES SOBRE DIENTES, ENCIAS Y ALVEOLOS","05. (21 29) OPERACIONES SOBRE LA NARIZ, BOCA Y FARINGE","05. (21 29) OPERACIONES SOBRE LA NARIZ, BOCA Y FARINGE"
24.6,EXPOSICION DIENTE,"24 OTRAS OPERACIONES SOBRE DIENTES, ENCIAS Y ALVEOLOS","05. (21 29) OPERACIONES SOBRE LA NARIZ, BOCA Y FARINGE","05. (21 29) OPERACIONES SOBRE LA NARIZ, BOCA Y FARINGE"
24.7,APLICACION DISPOSITIVO ORTODONTICO,"24 OTRAS OPERACIONES SOBRE DIENTES, ENCIAS Y ALVEOLOS","05. (21 29) OPERACIONES SOBRE LA NARIZ, BOCA Y FARINGE","05. (21 29) OPERACIONES SOBRE LA NARIZ, BOCA Y FARINGE"
24.8,OPERACION ORTODONTICA OTRA,"24 OTRAS OPERACIONES SOBRE DIENTES, ENCIAS Y ALVEOLOS","05. (21 29) OPERACIONES SOBRE LA NARIZ, BOCA Y FARINGE","05. (21 29) OPERACIONES SOBRE LA NARIZ, BOCA Y FARINGE"
24.9,OPERACION DIENTE OTRA,"24 OTRAS OPERACIONES SOBRE DIENTES, ENCIAS Y ALVEOLOS","05. (21 29) OPERACIONES SOBRE LA NARIZ, BOCA Y FARINGE","05. (21 29) OPERACIONES SOBRE LA NARIZ, BOCA Y FARINGE"
24.91,PROFUNDIZACION SURCO BUCOLABIAL O LINGUAL,"24 OTRAS OPERACIONES SOBRE DIENTES, ENCIAS Y ALVEOLOS","05. (21 29) OPERACIONES SOBRE LA NARIZ, BOCA Y FARINGE","05. (21 29) OPERACIONES SOBRE LA NARIZ, BOCA Y FARINGE"
24.99,OPERACION DIENTE.OTRA,"24 OTRAS OPERACIONES SOBRE DIENTES, ENCIAS Y ALVEOLOS","05. (21 29) OPERACIONES SOBRE LA NARIZ, BOCA Y FARINGE","05. (21 29) OPERACIONES SOBRE LA NARIZ, BOCA Y FARINGE"
25,OPERACION LENGUA,25 OPERACIONES SOBRE LA LENGUA,"05. (21 29) OPERACIONES SOBRE LA NARIZ, BOCA Y FARINGE","05. (21 29) OPERACIONES SOBRE LA NARIZ, BOCA Y FARINGE"
25.0,PROCEDIMIENTO DIAGNOSTICO LENGUA,25 OPERACIONES SOBRE LA LENGUA,"05. (21 29) OPERACIONES SOBRE LA NARIZ, BOCA Y FARINGE","05. (21 29) OPERACIONES SOBRE LA NARIZ, BOCA Y FARINGE"
25.01,BIOPSIA LENGUA CERRADA [AGUJA],25 OPERACIONES SOBRE LA LENGUA,"05. (21 29) OPERACIONES SOBRE LA NARIZ, BOCA Y FARINGE","05. (21 29) OPERACIONES SOBRE LA NARIZ, BOCA Y FARINGE"
25.02,BIOPSIA LENGUA OTRA,25 OPERACIONES SOBRE LA LENGUA,"05. (21 29) OPERACIONES SOBRE LA NARIZ, BOCA Y FARINGE","05. (21 29) OPERACIONES SOBRE LA NARIZ, BOCA Y FARINGE"
25.09,PROCEDIMIENTO DIAGNOSTICO LENGUA.OTRO,25 OPERACIONES SOBRE LA LENGUA,"05. (21 29) OPERACIONES SOBRE LA NARIZ, BOCA Y FARINGE","05. (21 29) OPERACIONES SOBRE LA NARIZ, BOCA Y FARINGE"
25.1,ESCISION LENGUA LOCAL,25 OPERACIONES SOBRE LA LENGUA,"05. (21 29) OPERACIONES SOBRE LA NARIZ, BOCA Y FARINGE","05. (21 29) OPERACIONES SOBRE LA NARIZ, BOCA Y FARINGE"
25.2,GLOSECTOMIA PARCIAL,25 OPERACIONES SOBRE LA LENGUA,"05. (21 29) OPERACIONES SOBRE LA NARIZ, BOCA Y FARINGE","05. (21 29) OPERACIONES SOBRE LA NARIZ, BOCA Y FARINGE"
25.3,GLOSECTOMIA TOTAL,25 OPERACIONES SOBRE LA LENGUA,"05. (21 29) OPERACIONES SOBRE LA NARIZ, BOCA Y FARINGE","05. (21 29) OPERACIONES SOBRE LA NARIZ, BOCA Y FARINGE"
25.4,GLOSECTOMIA RADICAL,25 OPERACIONES SOBRE LA LENGUA,"05. (21 29) OPERACIONES SOBRE LA NARIZ, BOCA Y FARINGE","05. (21 29) OPERACIONES SOBRE LA NARIZ, BOCA Y FARINGE"
25.5,REPARACION LENGUA Y GLOSOPLASTIA,25 OPERACIONES SOBRE LA LENGUA,"05. (21 29) OPERACIONES SOBRE LA NARIZ, BOCA Y FARINGE","05. (21 29) OPERACIONES SOBRE LA NARIZ, BOCA Y FARINGE"
25.51,SUTURA LENGUA,25 OPERACIONES SOBRE LA LENGUA,"05. (21 29) OPERACIONES SOBRE LA NARIZ, BOCA Y FARINGE","05. (21 29) OPERACIONES SOBRE LA NARIZ, BOCA Y FARINGE"
25.59,REPARACION LENGUA Y GLOSOPLASTIA.OTRA,25 OPERACIONES SOBRE LA LENGUA,"05. (21 29) OPERACIONES SOBRE LA NARIZ, BOCA Y FARINGE","05. (21 29) OPERACIONES SOBRE LA NARIZ, BOCA Y FARINGE"
25.9,OPERACION LENGUA OTRA,25 OPERACIONES SOBRE LA LENGUA,"05. (21 29) OPERACIONES SOBRE LA NARIZ, BOCA Y FARINGE","05. (21 29) OPERACIONES SOBRE LA NARIZ, BOCA Y FARINGE"
25.91,FRENOTOMIA LINGUAL,25 OPERACIONES SOBRE LA LENGUA,"05. (21 29) OPERACIONES SOBRE LA NARIZ, BOCA Y FARINGE","05. (21 29) OPERACIONES SOBRE LA NARIZ, BOCA Y FARINGE"
25.92,FRENULECTOMIA LINGUAL,25 OPERACIONES SOBRE LA LENGUA,"05. (21 29) OPERACIONES SOBRE LA NARIZ, BOCA Y FARINGE","05. (21 29) OPERACIONES SOBRE LA NARIZ, BOCA Y FARINGE"
25.93,LISIS BRIDA LENGUA,25 OPERACIONES SOBRE LA LENGUA,"05. (21 29) OPERACIONES SOBRE LA NARIZ, BOCA Y FARINGE","05. (21 29) OPERACIONES SOBRE LA NARIZ, BOCA Y FARINGE"
25.94,GLOSOTOMIA OTRA,25 OPERACIONES SOBRE LA LENGUA,"05. (21 29) OPERACIONES SOBRE LA NARIZ, BOCA Y FARINGE","05. (21 29) OPERACIONES SOBRE LA NARIZ, BOCA Y FARINGE"
25.99,OPERACION LENGUA.OTRA,25 OPERACIONES SOBRE LA LENGUA,"05. (21 29) OPERACIONES SOBRE LA NARIZ, BOCA Y FARINGE","05. (21 29) OPERACIONES SOBRE LA NARIZ, BOCA Y FARINGE"
26,OPERACION GLANDULA O CONDUCTO SALIVAL,26 OPERACIONES SOBRE GLANDULAS Y CONDUCTOS SALIVALES,"05. (21 29) OPERACIONES SOBRE LA NARIZ, BOCA Y FARINGE","05. (21 29) OPERACIONES SOBRE LA NARIZ, BOCA Y FARINGE"
26.0,INCISION GLANDULA O CONDUCTO SALIVAL,26 OPERACIONES SOBRE GLANDULAS Y CONDUCTOS SALIVALES,"05. (21 29) OPERACIONES SOBRE LA NARIZ, BOCA Y FARINGE","05. (21 29) OPERACIONES SOBRE LA NARIZ, BOCA Y FARINGE"
26.1,PROCEDIMIENTO DIAGNOSTICO GLANDULA O CONDUCTO SALIVAL,26 OPERACIONES SOBRE GLANDULAS Y CONDUCTOS SALIVALES,"05. (21 29) OPERACIONES SOBRE LA NARIZ, BOCA Y FARINGE","05. (21 29) OPERACIONES SOBRE LA NARIZ, BOCA Y FARINGE"
26.11,BIOPSIA GLANDULA O CONDUCTO SALIVAL CERRADA [AGUJA],26 OPERACIONES SOBRE GLANDULAS Y CONDUCTOS SALIVALES,"05. (21 29) OPERACIONES SOBRE LA NARIZ, BOCA Y FARINGE","05. (21 29) OPERACIONES SOBRE LA NARIZ, BOCA Y FARINGE"
26.12,BIOPSIA GLANDULA O CONDUCTO SALIVAL ABIERTA,26 OPERACIONES SOBRE GLANDULAS Y CONDUCTOS SALIVALES,"05. (21 29) OPERACIONES SOBRE LA NARIZ, BOCA Y FARINGE","05. (21 29) OPERACIONES SOBRE LA NARIZ, BOCA Y FARINGE"
26.19,PROCEDIMIENTO DIAGNOSTICO GLANDULA O CONDUCTO SALIVAL.OTRO,26 OPERACIONES SOBRE GLANDULAS Y CONDUCTOS SALIVALES,"05. (21 29) OPERACIONES SOBRE LA NARIZ, BOCA Y FARINGE","05. (21 29) OPERACIONES SOBRE LA NARIZ, BOCA Y FARINGE"
26.2,ESCISION GLANDULA SALIVAL LOCAL,26 OPERACIONES SOBRE GLANDULAS Y CONDUCTOS SALIVALES,"05. (21 29) OPERACIONES SOBRE LA NARIZ, BOCA Y FARINGE","05. (21 29) OPERACIONES SOBRE LA NARIZ, BOCA Y FARINGE"
26.21,MARSUPIALIZACION QUISTE SALIVAL,26 OPERACIONES SOBRE GLANDULAS Y CONDUCTOS SALIVALES,"05. (21 29) OPERACIONES SOBRE LA NARIZ, BOCA Y FARINGE","05. (21 29) OPERACIONES SOBRE LA NARIZ, BOCA Y FARINGE"
26.29,ESCISION GLANDULA SALIVAL LOCAL.OTRA,26 OPERACIONES SOBRE GLANDULAS Y CONDUCTOS SALIVALES,"05. (21 29) OPERACIONES SOBRE LA NARIZ, BOCA Y FARINGE","05. (21 29) OPERACIONES SOBRE LA NARIZ, BOCA Y FARINGE"
26.3,SIALOADENECTOMIA,26 OPERACIONES SOBRE GLANDULAS Y CONDUCTOS SALIVALES,"05. (21 29) OPERACIONES SOBRE LA NARIZ, BOCA Y FARINGE","05. (21 29) OPERACIONES SOBRE LA NARIZ, BOCA Y FARINGE"
26.30,SIALOADENECTOMIA.NEOM,26 OPERACIONES SOBRE GLANDULAS Y CONDUCTOS SALIVALES,"05. (21 29) OPERACIONES SOBRE LA NARIZ, BOCA Y FARINGE","05. (21 29) OPERACIONES SOBRE LA NARIZ, BOCA Y FARINGE"
26.31,SIALOADENECTOMIA.PARCIAL,26 OPERACIONES SOBRE GLANDULAS Y CONDUCTOS SALIVALES,"05. (21 29) OPERACIONES SOBRE LA NARIZ, BOCA Y FARINGE","05. (21 29) OPERACIONES SOBRE LA NARIZ, BOCA Y FARINGE"
26.32,SIALOADENECTOMIA.TOTAL,26 OPERACIONES SOBRE GLANDULAS Y CONDUCTOS SALIVALES,"05. (21 29) OPERACIONES SOBRE LA NARIZ, BOCA Y FARINGE","05. (21 29) OPERACIONES SOBRE LA NARIZ, BOCA Y FARINGE"
26.4,REPARACION GLANDULA O CONDUCTO SALIVAL,26 OPERACIONES SOBRE GLANDULAS Y CONDUCTOS SALIVALES,"05. (21 29) OPERACIONES SOBRE LA NARIZ, BOCA Y FARINGE","05. (21 29) OPERACIONES SOBRE LA NARIZ, BOCA Y FARINGE"
26.41,SUTURA GLANDULA SALIVAL,26 OPERACIONES SOBRE GLANDULAS Y CONDUCTOS SALIVALES,"05. (21 29) OPERACIONES SOBRE LA NARIZ, BOCA Y FARINGE","05. (21 29) OPERACIONES SOBRE LA NARIZ, BOCA Y FARINGE"
26.42,CIERRE FISTULA SALIVAL,26 OPERACIONES SOBRE GLANDULAS Y CONDUCTOS SALIVALES,"05. (21 29) OPERACIONES SOBRE LA NARIZ, BOCA Y FARINGE","05. (21 29) OPERACIONES SOBRE LA NARIZ, BOCA Y FARINGE"
26.49,REPARACION GLANDULA O CONDUCTO SALIVAL.OTRA,26 OPERACIONES SOBRE GLANDULAS Y CONDUCTOS SALIVALES,"05. (21 29) OPERACIONES SOBRE LA NARIZ, BOCA Y FARINGE","05. (21 29) OPERACIONES SOBRE LA NARIZ, BOCA Y FARINGE"
26.9,OPERACION GLANDULA O CONDUCTO SALIVAL OTRA,26 OPERACIONES SOBRE GLANDULAS Y CONDUCTOS SALIVALES,"05. (21 29) OPERACIONES SOBRE LA NARIZ, BOCA Y FARINGE","05. (21 29) OPERACIONES SOBRE LA NARIZ, BOCA Y FARINGE"
26.91,EXPLORACION CONDUCTO SALIVAL,26 OPERACIONES SOBRE GLANDULAS Y CONDUCTOS SALIVALES,"05. (21 29) OPERACIONES SOBRE LA NARIZ, BOCA Y FARINGE","05. (21 29) OPERACIONES SOBRE LA NARIZ, BOCA Y FARINGE"
26.99,OPERACION GLANDULA O CONDUCTO SALIVAL.OTRA,26 OPERACIONES SOBRE GLANDULAS Y CONDUCTOS SALIVALES,"05. (21 29) OPERACIONES SOBRE LA NARIZ, BOCA Y FARINGE","05. (21 29) OPERACIONES SOBRE LA NARIZ, BOCA Y FARINGE"
27,OPERACION BOCA Y CARA OTRA,27 OTRAS OPERACIONES SOBRE BOCA Y CARA,"05. (21 29) OPERACIONES SOBRE LA NARIZ, BOCA Y FARINGE","05. (21 29) OPERACIONES SOBRE LA NARIZ, BOCA Y FARINGE"
27.0,DRENAJE CARA Y SUELO BOCA,27 OTRAS OPERACIONES SOBRE BOCA Y CARA,"05. (21 29) OPERACIONES SOBRE LA NARIZ, BOCA Y FARINGE","05. (21 29) OPERACIONES SOBRE LA NARIZ, BOCA Y FARINGE"
27.1,INCISION PALADAR,27 OTRAS OPERACIONES SOBRE BOCA Y CARA,"05. (21 29) OPERACIONES SOBRE LA NARIZ, BOCA Y FARINGE","05. (21 29) OPERACIONES SOBRE LA NARIZ, BOCA Y FARINGE"
27.2,PROCEDIMIENTO DIAGNOSTICO CAVIDAD BOCA,27 OTRAS OPERACIONES SOBRE BOCA Y CARA,"05. (21 29) OPERACIONES SOBRE LA NARIZ, BOCA Y FARINGE","05. (21 29) OPERACIONES SOBRE LA NARIZ, BOCA Y FARINGE"
27.21,BIOPSIA PALADAR OSEO,27 OTRAS OPERACIONES SOBRE BOCA Y CARA,"05. (21 29) OPERACIONES SOBRE LA NARIZ, BOCA Y FARINGE","05. (21 29) OPERACIONES SOBRE LA NARIZ, BOCA Y FARINGE"
27.22,BIOPSIA UVULA Y PALADAR BLANDO,27 OTRAS OPERACIONES SOBRE BOCA Y CARA,"05. (21 29) OPERACIONES SOBRE LA NARIZ, BOCA Y FARINGE","05. (21 29) OPERACIONES SOBRE LA NARIZ, BOCA Y FARINGE"
27.23,BIOPSIA LABIO,27 OTRAS OPERACIONES SOBRE BOCA Y CARA,"05. (21 29) OPERACIONES SOBRE LA NARIZ, BOCA Y FARINGE","05. (21 29) OPERACIONES SOBRE LA NARIZ, BOCA Y FARINGE"
27.24,BIOPSIA BOCA NEOM,27 OTRAS OPERACIONES SOBRE BOCA Y CARA,"05. (21 29) OPERACIONES SOBRE LA NARIZ, BOCA Y FARINGE","05. (21 29) OPERACIONES SOBRE LA NARIZ, BOCA Y FARINGE"
27.29,PROCEDIMIENTO DIAGNOSTICO CAVIDAD BOCA.OTRO,27 OTRAS OPERACIONES SOBRE BOCA Y CARA,"05. (21 29) OPERACIONES SOBRE LA NARIZ, BOCA Y FARINGE","05. (21 29) OPERACIONES SOBRE LA NARIZ, BOCA Y FARINGE"
27.3,ESCISION PALADAR OSEO LOCAL,27 OTRAS OPERACIONES SOBRE BOCA Y CARA,"05. (21 29) OPERACIONES SOBRE LA NARIZ, BOCA Y FARINGE","05. (21 29) OPERACIONES SOBRE LA NARIZ, BOCA Y FARINGE"
27.31,ESCISION LOCAL O DESTRUCCION LESION PALADAR OSEO,27 OTRAS OPERACIONES SOBRE BOCA Y CARA,"05. (21 29) OPERACIONES SOBRE LA NARIZ, BOCA Y FARINGE","05. (21 29) OPERACIONES SOBRE LA NARIZ, BOCA Y FARINGE"
27.32,ESCISION PALADAR OSEO LOCAL AMPLIA,27 OTRAS OPERACIONES SOBRE BOCA Y CARA,"05. (21 29) OPERACIONES SOBRE LA NARIZ, BOCA Y FARINGE","05. (21 29) OPERACIONES SOBRE LA NARIZ, BOCA Y FARINGE"
27.4,ESCISION BOCA OTRA,27 OTRAS OPERACIONES SOBRE BOCA Y CARA,"05. (21 29) OPERACIONES SOBRE LA NARIZ, BOCA Y FARINGE","05. (21 29) OPERACIONES SOBRE LA NARIZ, BOCA Y FARINGE"
27.41,FRENULECTOMIA LABIO,27 OTRAS OPERACIONES SOBRE BOCA Y CARA,"05. (21 29) OPERACIONES SOBRE LA NARIZ, BOCA Y FARINGE","05. (21 29) OPERACIONES SOBRE LA NARIZ, BOCA Y FARINGE"
27.42,ESCISION LABIO LOCAL AMPLIA,27 OTRAS OPERACIONES SOBRE BOCA Y CARA,"05. (21 29) OPERACIONES SOBRE LA NARIZ, BOCA Y FARINGE","05. (21 29) OPERACIONES SOBRE LA NARIZ, BOCA Y FARINGE"
27.43,ESCISION LABIO LOCAL OTRA,27 OTRAS OPERACIONES SOBRE BOCA Y CARA,"05. (21 29) OPERACIONES SOBRE LA NARIZ, BOCA Y FARINGE","05. (21 29) OPERACIONES SOBRE LA NARIZ, BOCA Y FARINGE"
27.49,ESCISION BOCA.OTRA,27 OTRAS OPERACIONES SOBRE BOCA Y CARA,"05. (21 29) OPERACIONES SOBRE LA NARIZ, BOCA Y FARINGE","05. (21 29) OPERACIONES SOBRE LA NARIZ, BOCA Y FARINGE"
27.5,REPARACION BOCA PLASTICA,27 OTRAS OPERACIONES SOBRE BOCA Y CARA,"05. (21 29) OPERACIONES SOBRE LA NARIZ, BOCA Y FARINGE","05. (21 29) OPERACIONES SOBRE LA NARIZ, BOCA Y FARINGE"
27.51,SUTURA LABIO,27 OTRAS OPERACIONES SOBRE BOCA Y CARA,"05. (21 29) OPERACIONES SOBRE LA NARIZ, BOCA Y FARINGE","05. (21 29) OPERACIONES SOBRE LA NARIZ, BOCA Y FARINGE"
27.52,SUTURA BOCA OTRA,27 OTRAS OPERACIONES SOBRE BOCA Y CARA,"05. (21 29) OPERACIONES SOBRE LA NARIZ, BOCA Y FARINGE","05. (21 29) OPERACIONES SOBRE LA NARIZ, BOCA Y FARINGE"
27.53,CIERRE FISTULA BOCA,27 OTRAS OPERACIONES SOBRE BOCA Y CARA,"05. (21 29) OPERACIONES SOBRE LA NARIZ, BOCA Y FARINGE","05. (21 29) OPERACIONES SOBRE LA NARIZ, BOCA Y FARINGE"
27.54,REPARACION LABIO LEPORINO,27 OTRAS OPERACIONES SOBRE BOCA Y CARA,"05. (21 29) OPERACIONES SOBRE LA NARIZ, BOCA Y FARINGE","05. (21 29) OPERACIONES SOBRE LA NARIZ, BOCA Y FARINGE"
27.55,INJERTO PIEL TOTAL EN LABIO Y CAVIDAD BOCA,27 OTRAS OPERACIONES SOBRE BOCA Y CARA,"05. (21 29) OPERACIONES SOBRE LA NARIZ, BOCA Y FARINGE","05. (21 29) OPERACIONES SOBRE LA NARIZ, BOCA Y FARINGE"
27.56,INJERTO PIEL EN LABIO Y CAVIDAD BOCA OTRO,27 OTRAS OPERACIONES SOBRE BOCA Y CARA,"05. (21 29) OPERACIONES SOBRE LA NARIZ, BOCA Y FARINGE","05. (21 29) OPERACIONES SOBRE LA NARIZ, BOCA Y FARINGE"
27.57,UNION INJERTO O COLGAJO EN LABIO Y CAVIDAD BOCA,27 OTRAS OPERACIONES SOBRE BOCA Y CARA,"05. (21 29) OPERACIONES SOBRE LA NARIZ, BOCA Y FARINGE","05. (21 29) OPERACIONES SOBRE LA NARIZ, BOCA Y FARINGE"
27.59,REPARACION BOCA PLASTICA.OTRA,27 OTRAS OPERACIONES SOBRE BOCA Y CARA,"05. (21 29) OPERACIONES SOBRE LA NARIZ, BOCA Y FARINGE","05. (21 29) OPERACIONES SOBRE LA NARIZ, BOCA Y FARINGE"
27.6,PALATOPLASTIA,27 OTRAS OPERACIONES SOBRE BOCA Y CARA,"05. (21 29) OPERACIONES SOBRE LA NARIZ, BOCA Y FARINGE","05. (21 29) OPERACIONES SOBRE LA NARIZ, BOCA Y FARINGE"
27.61,SUTURA PALADAR,27 OTRAS OPERACIONES SOBRE BOCA Y CARA,"05. (21 29) OPERACIONES SOBRE LA NARIZ, BOCA Y FARINGE","05. (21 29) OPERACIONES SOBRE LA NARIZ, BOCA Y FARINGE"
27.62,CORRECCION FISURA PALADAR,27 OTRAS OPERACIONES SOBRE BOCA Y CARA,"05. (21 29) OPERACIONES SOBRE LA NARIZ, BOCA Y FARINGE","05. (21 29) OPERACIONES SOBRE LA NARIZ, BOCA Y FARINGE"
27.63,REVISTION REPARACION FISURA PALADAR,27 OTRAS OPERACIONES SOBRE BOCA Y CARA,"05. (21 29) OPERACIONES SOBRE LA NARIZ, BOCA Y FARINGE","05. (21 29) OPERACIONES SOBRE LA NARIZ, BOCA Y FARINGE"
27.64,INSERCION IMPLANTE PALATAL,27 OTRAS OPERACIONES SOBRE BOCA Y CARA,"05. (21 29) OPERACIONES SOBRE LA NARIZ, BOCA Y FARINGE","05. (21 29) OPERACIONES SOBRE LA NARIZ, BOCA Y FARINGE"
27.69,PALATOPLASTIA.OTRA,27 OTRAS OPERACIONES SOBRE BOCA Y CARA,"05. (21 29) OPERACIONES SOBRE LA NARIZ, BOCA Y FARINGE","05. (21 29) OPERACIONES SOBRE LA NARIZ, BOCA Y FARINGE"
27.7,OPERACION UVULA,27 OTRAS OPERACIONES SOBRE BOCA Y CARA,"05. (21 29) OPERACIONES SOBRE LA NARIZ, BOCA Y FARINGE","05. (21 29) OPERACIONES SOBRE LA NARIZ, BOCA Y FARINGE"
27.71,INCISION UVULA,27 OTRAS OPERACIONES SOBRE BOCA Y CARA,"05. (21 29) OPERACIONES SOBRE LA NARIZ, BOCA Y FARINGE","05. (21 29) OPERACIONES SOBRE LA NARIZ, BOCA Y FARINGE"
27.72,ESCISION UVULA,27 OTRAS OPERACIONES SOBRE BOCA Y CARA,"05. (21 29) OPERACIONES SOBRE LA NARIZ, BOCA Y FARINGE","05. (21 29) OPERACIONES SOBRE LA NARIZ, BOCA Y FARINGE"
27.73,REPARACION UVULA,27 OTRAS OPERACIONES SOBRE BOCA Y CARA,"05. (21 29) OPERACIONES SOBRE LA NARIZ, BOCA Y FARINGE","05. (21 29) OPERACIONES SOBRE LA NARIZ, BOCA Y FARINGE"
27.79,OPERACION UVULA.OTRA,27 OTRAS OPERACIONES SOBRE BOCA Y CARA,"05. (21 29) OPERACIONES SOBRE LA NARIZ, BOCA Y FARINGE","05. (21 29) OPERACIONES SOBRE LA NARIZ, BOCA Y FARINGE"
27.9,OPERACION BOCA Y CARA OTRA,27 OTRAS OPERACIONES SOBRE BOCA Y CARA,"05. (21 29) OPERACIONES SOBRE LA NARIZ, BOCA Y FARINGE","05. (21 29) OPERACIONES SOBRE LA NARIZ, BOCA Y FARINGE"
27.91,FRENOTOMIA LABIO,27 OTRAS OPERACIONES SOBRE BOCA Y CARA,"05. (21 29) OPERACIONES SOBRE LA NARIZ, BOCA Y FARINGE","05. (21 29) OPERACIONES SOBRE LA NARIZ, BOCA Y FARINGE"
27.92,INCISION BOCA NEOM,27 OTRAS OPERACIONES SOBRE BOCA Y CARA,"05. (21 29) OPERACIONES SOBRE LA NARIZ, BOCA Y FARINGE","05. (21 29) OPERACIONES SOBRE LA NARIZ, BOCA Y FARINGE"
27.99,OPERACION BOCA Y CARA.OTRA,27 OTRAS OPERACIONES SOBRE BOCA Y CARA,"05. (21 29) OPERACIONES SOBRE LA NARIZ, BOCA Y FARINGE","05. (21 29) OPERACIONES SOBRE LA NARIZ, BOCA Y FARINGE"
28,OPERACION AMIGDALA Y ADENOIDE,28 OPERACIONES SOBRE AMIGDALAS Y ADENOIDES,"05. (21 29) OPERACIONES SOBRE LA NARIZ, BOCA Y FARINGE","05. (21 29) OPERACIONES SOBRE LA NARIZ, BOCA Y FARINGE"
28.0,INCISION AMIGDALA Y PERIAMIGDALA Y DRENAJE,28 OPERACIONES SOBRE AMIGDALAS Y ADENOIDES,"05. (21 29) OPERACIONES SOBRE LA NARIZ, BOCA Y FARINGE","05. (21 29) OPERACIONES SOBRE LA NARIZ, BOCA Y FARINGE"
28.1,PROCEDIMIENTO DIAGNOSTICO AMIGDALA Y ADENOIDE,28 OPERACIONES SOBRE AMIGDALAS Y ADENOIDES,"05. (21 29) OPERACIONES SOBRE LA NARIZ, BOCA Y FARINGE","05. (21 29) OPERACIONES SOBRE LA NARIZ, BOCA Y FARINGE"
28.11,BIOPSIA AMIGDALA Y ADENOIDE,28 OPERACIONES SOBRE AMIGDALAS Y ADENOIDES,"05. (21 29) OPERACIONES SOBRE LA NARIZ, BOCA Y FARINGE","05. (21 29) OPERACIONES SOBRE LA NARIZ, BOCA Y FARINGE"
28.19,PROCEDIMIENTO DIAGNOSTICO AMIGDALA Y ADENOIDE.OTRO,28 OPERACIONES SOBRE AMIGDALAS Y ADENOIDES,"05. (21 29) OPERACIONES SOBRE LA NARIZ, BOCA Y FARINGE","05. (21 29) OPERACIONES SOBRE LA NARIZ, BOCA Y FARINGE"
28.2,AMIGDALECTOMIA SIN ADENOIDECTOMIA,28 OPERACIONES SOBRE AMIGDALAS Y ADENOIDES,"05. (21 29) OPERACIONES SOBRE LA NARIZ, BOCA Y FARINGE","05. (21 29) OPERACIONES SOBRE LA NARIZ, BOCA Y FARINGE"
28.3,AMIGDALECTOMIA CON ADENOIDECTOMIA,28 OPERACIONES SOBRE AMIGDALAS Y ADENOIDES,"05. (21 29) OPERACIONES SOBRE LA NARIZ, BOCA Y FARINGE","05. (21 29) OPERACIONES SOBRE LA NARIZ, BOCA Y FARINGE"
28.4,ESCISION RESTO AMIGDALINO,28 OPERACIONES SOBRE AMIGDALAS Y ADENOIDES,"05. (21 29) OPERACIONES SOBRE LA NARIZ, BOCA Y FARINGE","05. (21 29) OPERACIONES SOBRE LA NARIZ, BOCA Y FARINGE"
28.5,ESCISION AMIGDALA LINGUAL,28 OPERACIONES SOBRE AMIGDALAS Y ADENOIDES,"05. (21 29) OPERACIONES SOBRE LA NARIZ, BOCA Y FARINGE","05. (21 29) OPERACIONES SOBRE LA NARIZ, BOCA Y FARINGE"
28.6,ADENOIDECTOMIA SIN AMIGDALECTOMIA,28 OPERACIONES SOBRE AMIGDALAS Y ADENOIDES,"05. (21 29) OPERACIONES SOBRE LA NARIZ, BOCA Y FARINGE","05. (21 29) OPERACIONES SOBRE LA NARIZ, BOCA Y FARINGE"
28.7,CONTROL HEMORRAGIA TRAS AMIGDALECTOMIA Y ADENOIDECTOMIA,28 OPERACIONES SOBRE AMIGDALAS Y ADENOIDES,"05. (21 29) OPERACIONES SOBRE LA NARIZ, BOCA Y FARINGE","05. (21 29) OPERACIONES SOBRE LA NARIZ, BOCA Y FARINGE"
28.9,OPERACION AMIGDALA Y ADENOIDE OTRA,28 OPERACIONES SOBRE AMIGDALAS Y ADENOIDES,"05. (21 29) OPERACIONES SOBRE LA NARIZ, BOCA Y FARINGE","05. (21 29) OPERACIONES SOBRE LA NARIZ, BOCA Y FARINGE"
28.91,EXTRACCION CUERPO EXTRAÑO AMIGDALA Y ADENOIDE POR INCISION,28 OPERACIONES SOBRE AMIGDALAS Y ADENOIDES,"05. (21 29) OPERACIONES SOBRE LA NARIZ, BOCA Y FARINGE","05. (21 29) OPERACIONES SOBRE LA NARIZ, BOCA Y FARINGE"
28.92,ESCISION AMIGDALA Y ADENOIDE LOCAL,28 OPERACIONES SOBRE AMIGDALAS Y ADENOIDES,"05. (21 29) OPERACIONES SOBRE LA NARIZ, BOCA Y FARINGE","05. (21 29) OPERACIONES SOBRE LA NARIZ, BOCA Y FARINGE"
28.99,OPERACION AMIGDALA Y ADENOIDE.OTRA,28 OPERACIONES SOBRE AMIGDALAS Y ADENOIDES,"05. (21 29) OPERACIONES SOBRE LA NARIZ, BOCA Y FARINGE","05. (21 29) OPERACIONES SOBRE LA NARIZ, BOCA Y FARINGE"
29,OPERACION FARINGE,29 OPERACIONES SOBRE FARINGE,"05. (21 29) OPERACIONES SOBRE LA NARIZ, BOCA Y FARINGE","05. (21 29) OPERACIONES SOBRE LA NARIZ, BOCA Y FARINGE"
29.0,FARINGOTOMIA,29 OPERACIONES SOBRE FARINGE,"05. (21 29) OPERACIONES SOBRE LA NARIZ, BOCA Y FARINGE","05. (21 29) OPERACIONES SOBRE LA NARIZ, BOCA Y FARINGE"
29.1,PROCEDIMIENTO DIAGNOSTICO FARINGE,29 OPERACIONES SOBRE FARINGE,"05. (21 29) OPERACIONES SOBRE LA NARIZ, BOCA Y FARINGE","05. (21 29) OPERACIONES SOBRE LA NARIZ, BOCA Y FARINGE"
29.11,FARINGOSCOPIA,29 OPERACIONES SOBRE FARINGE,"05. (21 29) OPERACIONES SOBRE LA NARIZ, BOCA Y FARINGE","05. (21 29) OPERACIONES SOBRE LA NARIZ, BOCA Y FARINGE"
29.12,BIOPSIA FARINGE,29 OPERACIONES SOBRE FARINGE,"05. (21 29) OPERACIONES SOBRE LA NARIZ, BOCA Y FARINGE","05. (21 29) OPERACIONES SOBRE LA NARIZ, BOCA Y FARINGE"
29.19,PROCEDIMIENTO DIAGNOSTICO FARINGE.OTRO,29 OPERACIONES SOBRE FARINGE,"05. (21 29) OPERACIONES SOBRE LA NARIZ, BOCA Y FARINGE","05. (21 29) OPERACIONES SOBRE LA NARIZ, BOCA Y FARINGE"
29.2,ESCISION QUISTE HENDIDURA BRANQUIAL,29 OPERACIONES SOBRE FARINGE,"05. (21 29) OPERACIONES SOBRE LA NARIZ, BOCA Y FARINGE","05. (21 29) OPERACIONES SOBRE LA NARIZ, BOCA Y FARINGE"
29.3,ESCISION FARINGE LOCAL,29 OPERACIONES SOBRE FARINGE,"05. (21 29) OPERACIONES SOBRE LA NARIZ, BOCA Y FARINGE","05. (21 29) OPERACIONES SOBRE LA NARIZ, BOCA Y FARINGE"
29.31,MIOTOMIA CRICOFARINGEA,29 OPERACIONES SOBRE FARINGE,"05. (21 29) OPERACIONES SOBRE LA NARIZ, BOCA Y FARINGE","05. (21 29) OPERACIONES SOBRE LA NARIZ, BOCA Y FARINGE"
29.32,DIVERTICULOTOMIA FARINGEA,29 OPERACIONES SOBRE FARINGE,"05. (21 29) OPERACIONES SOBRE LA NARIZ, BOCA Y FARINGE","05. (21 29) OPERACIONES SOBRE LA NARIZ, BOCA Y FARINGE"
29.33,FARINGECTOMIA PARCIAL,29 OPERACIONES SOBRE FARINGE,"05. (21 29) OPERACIONES SOBRE LA NARIZ, BOCA Y FARINGE","05. (21 29) OPERACIONES SOBRE LA NARIZ, BOCA Y FARINGE"
29.39,ESCISION FARINGE LOCAL.OTRA,29 OPERACIONES SOBRE FARINGE,"05. (21 29) OPERACIONES SOBRE LA NARIZ, BOCA Y FARINGE","05. (21 29) OPERACIONES SOBRE LA NARIZ, BOCA Y FARINGE"
29.4,OPERACION FARINGE PLASTIA,29 OPERACIONES SOBRE FARINGE,"05. (21 29) OPERACIONES SOBRE LA NARIZ, BOCA Y FARINGE","05. (21 29) OPERACIONES SOBRE LA NARIZ, BOCA Y FARINGE"
29.5,REPARACION FARINGE OTRA,29 OPERACIONES SOBRE FARINGE,"05. (21 29) OPERACIONES SOBRE LA NARIZ, BOCA Y FARINGE","05. (21 29) OPERACIONES SOBRE LA NARIZ, BOCA Y FARINGE"
29.51,SUTURA FARINGE,29 OPERACIONES SOBRE FARINGE,"05. (21 29) OPERACIONES SOBRE LA NARIZ, BOCA Y FARINGE","05. (21 29) OPERACIONES SOBRE LA NARIZ, BOCA Y FARINGE"
29.52,CIERRE FISTULA HENDIDURA BRANQUIAL,29 OPERACIONES SOBRE FARINGE,"05. (21 29) OPERACIONES SOBRE LA NARIZ, BOCA Y FARINGE","05. (21 29) OPERACIONES SOBRE LA NARIZ, BOCA Y FARINGE"
29.53,CIERRE FISTULA FARINGE OTRA,29 OPERACIONES SOBRE FARINGE,"05. (21 29) OPERACIONES SOBRE LA NARIZ, BOCA Y FARINGE","05. (21 29) OPERACIONES SOBRE LA NARIZ, BOCA Y FARINGE"
29.54,LISIS ADHERENCIA FARINGE,29 OPERACIONES SOBRE FARINGE,"05. (21 29) OPERACIONES SOBRE LA NARIZ, BOCA Y FARINGE","05. (21 29) OPERACIONES SOBRE LA NARIZ, BOCA Y FARINGE"
29.59,REPARACION FARINGE.OTRA,29 OPERACIONES SOBRE FARINGE,"05. (21 29) OPERACIONES SOBRE LA NARIZ, BOCA Y FARINGE","05. (21 29) OPERACIONES SOBRE LA NARIZ, BOCA Y FARINGE"
29.9,OPERACION FARINGE OTRA,29 OPERACIONES SOBRE FARINGE,"05. (21 29) OPERACIONES SOBRE LA NARIZ, BOCA Y FARINGE","05. (21 29) OPERACIONES SOBRE LA NARIZ, BOCA Y FARINGE"
29.91,DILATACION FARINGE,29 OPERACIONES SOBRE FARINGE,"05. (21 29) OPERACIONES SOBRE LA NARIZ, BOCA Y FARINGE","05. (21 29) OPERACIONES SOBRE LA NARIZ, BOCA Y FARINGE"
29.92,SECCION NERVIO GLOSOFARINGEO,29 OPERACIONES SOBRE FARINGE,"05. (21 29) OPERACIONES SOBRE LA NARIZ, BOCA Y FARINGE","05. (21 29) OPERACIONES SOBRE LA NARIZ, BOCA Y FARINGE"
29.99,OPERACION FARINGE.OTRA,29 OPERACIONES SOBRE FARINGE,"05. (21 29) OPERACIONES SOBRE LA NARIZ, BOCA Y FARINGE","05. (21 29) OPERACIONES SOBRE LA NARIZ, BOCA Y FARINGE"
30,ESCISION LARINGE,30 EXCISION DE LARINGE,06. (30 34) OPERACIONES SOBRE EL APARATO RESPIRATORIO,06. (30 34) OPERACIONES SOBRE EL APARATO RESPIRATORIO
30.0,ESCISION LARINGE LOCAL,30 EXCISION DE LARINGE,06. (30 34) OPERACIONES SOBRE EL APARATO RESPIRATORIO,06. (30 34) OPERACIONES SOBRE EL APARATO RESPIRATORIO
30.01,MARSUPIALIZACION QUISTE LARINGE,30 EXCISION DE LARINGE,06. (30 34) OPERACIONES SOBRE EL APARATO RESPIRATORIO,06. (30 34) OPERACIONES SOBRE EL APARATO RESPIRATORIO
30.09,ESCISION LARINGE LOCAL.OTRA,30 EXCISION DE LARINGE,06. (30 34) OPERACIONES SOBRE EL APARATO RESPIRATORIO,06. (30 34) OPERACIONES SOBRE EL APARATO RESPIRATORIO
30.1,HEMILARINGECTOMIA,30 EXCISION DE LARINGE,06. (30 34) OPERACIONES SOBRE EL APARATO RESPIRATORIO,06. (30 34) OPERACIONES SOBRE EL APARATO RESPIRATORIO
30.2,LARINGECTOMIA PARCIAL OTRA,30 EXCISION DE LARINGE,06. (30 34) OPERACIONES SOBRE EL APARATO RESPIRATORIO,06. (30 34) OPERACIONES SOBRE EL APARATO RESPIRATORIO
30.21,EPIGLOTIDECTOMIA,30 EXCISION DE LARINGE,06. (30 34) OPERACIONES SOBRE EL APARATO RESPIRATORIO,06. (30 34) OPERACIONES SOBRE EL APARATO RESPIRATORIO
30.22,CORDECTOMIA VOCAL,30 EXCISION DE LARINGE,06. (30 34) OPERACIONES SOBRE EL APARATO RESPIRATORIO,06. (30 34) OPERACIONES SOBRE EL APARATO RESPIRATORIO
30.29,LARINGECTOMIA PARCIAL.OTRA,30 EXCISION DE LARINGE,06. (30 34) OPERACIONES SOBRE EL APARATO RESPIRATORIO,06. (30 34) OPERACIONES SOBRE EL APARATO RESPIRATORIO
30.3,LARINGECTOMIA TOTAL,30 EXCISION DE LARINGE,06. (30 34) OPERACIONES SOBRE EL APARATO RESPIRATORIO,06. (30 34) OPERACIONES SOBRE EL APARATO RESPIRATORIO
30.4,LARINGECTOMIA RADICAL,30 EXCISION DE LARINGE,06. (30 34) OPERACIONES SOBRE EL APARATO RESPIRATORIO,06. (30 34) OPERACIONES SOBRE EL APARATO RESPIRATORIO
31,OPERACION LARINGE Y TRAQUEA OTRA,31 OTRAS OPERACIONES SOBRE LARINGE Y TRAQUEA,06. (30 34) OPERACIONES SOBRE EL APARATO RESPIRATORIO,06. (30 34) OPERACIONES SOBRE EL APARATO RESPIRATORIO
31.0,INYECCION LARINGE,31 OTRAS OPERACIONES SOBRE LARINGE Y TRAQUEA,06. (30 34) OPERACIONES SOBRE EL APARATO RESPIRATORIO,06. (30 34) OPERACIONES SOBRE EL APARATO RESPIRATORIO
31.1,TRAQUEOSTOMIA TEMPORAL,31 OTRAS OPERACIONES SOBRE LARINGE Y TRAQUEA,06. (30 34) OPERACIONES SOBRE EL APARATO RESPIRATORIO,06. (30 34) OPERACIONES SOBRE EL APARATO RESPIRATORIO
31.2,TRAQUEOSTOMIA PERMANENTE,31 OTRAS OPERACIONES SOBRE LARINGE Y TRAQUEA,06. (30 34) OPERACIONES SOBRE EL APARATO RESPIRATORIO,06. (30 34) OPERACIONES SOBRE EL APARATO RESPIRATORIO
31.21,TRAQUEOSTOMIA MEDIASTINICA,31 OTRAS OPERACIONES SOBRE LARINGE Y TRAQUEA,06. (30 34) OPERACIONES SOBRE EL APARATO RESPIRATORIO,06. (30 34) OPERACIONES SOBRE EL APARATO RESPIRATORIO
31.29,TRAQUEOSTOMIA PERMANENTE.OTRA,31 OTRAS OPERACIONES SOBRE LARINGE Y TRAQUEA,06. (30 34) OPERACIONES SOBRE EL APARATO RESPIRATORIO,06. (30 34) OPERACIONES SOBRE EL APARATO RESPIRATORIO
31.3,INCISION LARINGE Y TRAQUEA OTRA,31 OTRAS OPERACIONES SOBRE LARINGE Y TRAQUEA,06. (30 34) OPERACIONES SOBRE EL APARATO RESPIRATORIO,06. (30 34) OPERACIONES SOBRE EL APARATO RESPIRATORIO
31.4,PROCEDIMIENTO DIAGNOSTICO LARINGE Y TRAQUEA,31 OTRAS OPERACIONES SOBRE LARINGE Y TRAQUEA,06. (30 34) OPERACIONES SOBRE EL APARATO RESPIRATORIO,06. (30 34) OPERACIONES SOBRE EL APARATO RESPIRATORIO
31.41,TRAQUEOSCOPIA POR ESTOMA ARTIFICIAL,31 OTRAS OPERACIONES SOBRE LARINGE Y TRAQUEA,06. (30 34) OPERACIONES SOBRE EL APARATO RESPIRATORIO,06. (30 34) OPERACIONES SOBRE EL APARATO RESPIRATORIO
31.42,LARINGOSCOPIA Y TRAQUEOSCOPIA OTRA,31 OTRAS OPERACIONES SOBRE LARINGE Y TRAQUEA,06. (30 34) OPERACIONES SOBRE EL APARATO RESPIRATORIO,06. (30 34) OPERACIONES SOBRE EL APARATO RESPIRATORIO
31.43,BIOPSIA LARINGE ENDOSCOPICA,31 OTRAS OPERACIONES SOBRE LARINGE Y TRAQUEA,06. (30 34) OPERACIONES SOBRE EL APARATO RESPIRATORIO,06. (30 34) OPERACIONES SOBRE EL APARATO RESPIRATORIO
31.44,BIOPSIA TRAQUEA ENDOSCOPICA,31 OTRAS OPERACIONES SOBRE LARINGE Y TRAQUEA,06. (30 34) OPERACIONES SOBRE EL APARATO RESPIRATORIO,06. (30 34) OPERACIONES SOBRE EL APARATO RESPIRATORIO
31.45,BIOPSIA LARINGE Y TRAQUEA ABIERTA,31 OTRAS OPERACIONES SOBRE LARINGE Y TRAQUEA,06. (30 34) OPERACIONES SOBRE EL APARATO RESPIRATORIO,06. (30 34) OPERACIONES SOBRE EL APARATO RESPIRATORIO
31.48,PROCEDIMIENTO DIAGNOSTICO LARINGE OTRO,31 OTRAS OPERACIONES SOBRE LARINGE Y TRAQUEA,06. (30 34) OPERACIONES SOBRE EL APARATO RESPIRATORIO,06. (30 34) OPERACIONES SOBRE EL APARATO RESPIRATORIO
31.49,PROCEDIMIENTO DIAGNOSTICO TRAQUEA OTRO,31 OTRAS OPERACIONES SOBRE LARINGE Y TRAQUEA,06. (30 34) OPERACIONES SOBRE EL APARATO RESPIRATORIO,06. (30 34) OPERACIONES SOBRE EL APARATO RESPIRATORIO
31.5,ESCISION TRAQUEA LOCAL,31 OTRAS OPERACIONES SOBRE LARINGE Y TRAQUEA,06. (30 34) OPERACIONES SOBRE EL APARATO RESPIRATORIO,06. (30 34) OPERACIONES SOBRE EL APARATO RESPIRATORIO
31.6,REPARACION LARINGE,31 OTRAS OPERACIONES SOBRE LARINGE Y TRAQUEA,06. (30 34) OPERACIONES SOBRE EL APARATO RESPIRATORIO,06. (30 34) OPERACIONES SOBRE EL APARATO RESPIRATORIO
31.61,SUTURA LARINGE,31 OTRAS OPERACIONES SOBRE LARINGE Y TRAQUEA,06. (30 34) OPERACIONES SOBRE EL APARATO RESPIRATORIO,06. (30 34) OPERACIONES SOBRE EL APARATO RESPIRATORIO
31.62,CIERRE FISTULA LARINGE,31 OTRAS OPERACIONES SOBRE LARINGE Y TRAQUEA,06. (30 34) OPERACIONES SOBRE EL APARATO RESPIRATORIO,06. (30 34) OPERACIONES SOBRE EL APARATO RESPIRATORIO
31.63,REVISION LARINGOSTOMIA,31 OTRAS OPERACIONES SOBRE LARINGE Y TRAQUEA,06. (30 34) OPERACIONES SOBRE EL APARATO RESPIRATORIO,06. (30 34) OPERACIONES SOBRE EL APARATO RESPIRATORIO
31.64,REPARACION FRACTURA LARINGE,31 OTRAS OPERACIONES SOBRE LARINGE Y TRAQUEA,06. (30 34) OPERACIONES SOBRE EL APARATO RESPIRATORIO,06. (30 34) OPERACIONES SOBRE EL APARATO RESPIRATORIO
31.69,REPARACION LARINGE.OTRA,31 OTRAS OPERACIONES SOBRE LARINGE Y TRAQUEA,06. (30 34) OPERACIONES SOBRE EL APARATO RESPIRATORIO,06. (30 34) OPERACIONES SOBRE EL APARATO RESPIRATORIO
31.7,OPERACION TRAQUEA REPARADORA Y PLASTICA,31 OTRAS OPERACIONES SOBRE LARINGE Y TRAQUEA,06. (30 34) OPERACIONES SOBRE EL APARATO RESPIRATORIO,06. (30 34) OPERACIONES SOBRE EL APARATO RESPIRATORIO
31.71,SUTURA TRAQUEA,31 OTRAS OPERACIONES SOBRE LARINGE Y TRAQUEA,06. (30 34) OPERACIONES SOBRE EL APARATO RESPIRATORIO,06. (30 34) OPERACIONES SOBRE EL APARATO RESPIRATORIO
31.72,CIERRE TRAQUEOSTOMIA,31 OTRAS OPERACIONES SOBRE LARINGE Y TRAQUEA,06. (30 34) OPERACIONES SOBRE EL APARATO RESPIRATORIO,06. (30 34) OPERACIONES SOBRE EL APARATO RESPIRATORIO
31.73,CIERRE FISTULA TRAQUEA OTRA,31 OTRAS OPERACIONES SOBRE LARINGE Y TRAQUEA,06. (30 34) OPERACIONES SOBRE EL APARATO RESPIRATORIO,06. (30 34) OPERACIONES SOBRE EL APARATO RESPIRATORIO
31.74,REVISION TRAQUEOSTOMIA,31 OTRAS OPERACIONES SOBRE LARINGE Y TRAQUEA,06. (30 34) OPERACIONES SOBRE EL APARATO RESPIRATORIO,06. (30 34) OPERACIONES SOBRE EL APARATO RESPIRATORIO
31.75,RECONSTRUCCION TRAQUEA Y CONSTRUCCION LARINGE ARTIFICIAL,31 OTRAS OPERACIONES SOBRE LARINGE Y TRAQUEA,06. (30 34) OPERACIONES SOBRE EL APARATO RESPIRATORIO,06. (30 34) OPERACIONES SOBRE EL APARATO RESPIRATORIO
31.79,OPERACION TRAQUEA REPARADORA Y PLASTICA.OTRA,31 OTRAS OPERACIONES SOBRE LARINGE Y TRAQUEA,06. (30 34) OPERACIONES SOBRE EL APARATO RESPIRATORIO,06. (30 34) OPERACIONES SOBRE EL APARATO RESPIRATORIO
31.9,OPERACION LARINGE Y TRAQUEA OTRA,31 OTRAS OPERACIONES SOBRE LARINGE Y TRAQUEA,06. (30 34) OPERACIONES SOBRE EL APARATO RESPIRATORIO,06. (30 34) OPERACIONES SOBRE EL APARATO RESPIRATORIO
31.91,SECCION NERVIO LARINGEO,31 OTRAS OPERACIONES SOBRE LARINGE Y TRAQUEA,06. (30 34) OPERACIONES SOBRE EL APARATO RESPIRATORIO,06. (30 34) OPERACIONES SOBRE EL APARATO RESPIRATORIO
31.92,LISIS ADHERENCIA TRAQUEA O LARINGE,31 OTRAS OPERACIONES SOBRE LARINGE Y TRAQUEA,06. (30 34) OPERACIONES SOBRE EL APARATO RESPIRATORIO,06. (30 34) OPERACIONES SOBRE EL APARATO RESPIRATORIO
31.93,SUSTITUCION TUTOR LARINGE O TRAQUEA,31 OTRAS OPERACIONES SOBRE LARINGE Y TRAQUEA,06. (30 34) OPERACIONES SOBRE EL APARATO RESPIRATORIO,06. (30 34) OPERACIONES SOBRE EL APARATO RESPIRATORIO
31.94,INYECCION SUSTANCIA TERAPEUTICA TRAQUEA,31 OTRAS OPERACIONES SOBRE LARINGE Y TRAQUEA,06. (30 34) OPERACIONES SOBRE EL APARATO RESPIRATORIO,06. (30 34) OPERACIONES SOBRE EL APARATO RESPIRATORIO
31.95,FISTULIZACION TRAQUEOESOFAGICA,31 OTRAS OPERACIONES SOBRE LARINGE Y TRAQUEA,06. (30 34) OPERACIONES SOBRE EL APARATO RESPIRATORIO,06. (30 34) OPERACIONES SOBRE EL APARATO RESPIRATORIO
31.98,OPERACION LARINGE OTRA,31 OTRAS OPERACIONES SOBRE LARINGE Y TRAQUEA,06. (30 34) OPERACIONES SOBRE EL APARATO RESPIRATORIO,06. (30 34) OPERACIONES SOBRE EL APARATO RESPIRATORIO
31.99,OPERACION TRAQUEA OTRA,31 OTRAS OPERACIONES SOBRE LARINGE Y TRAQUEA,06. (30 34) OPERACIONES SOBRE EL APARATO RESPIRATORIO,06. (30 34) OPERACIONES SOBRE EL APARATO RESPIRATORIO
32,ESCISION PULMON Y BRONQUIO,32 EXCISION DE PULMON Y BRONQUIO,06. (30 34) OPERACIONES SOBRE EL APARATO RESPIRATORIO,06. (30 34) OPERACIONES SOBRE EL APARATO RESPIRATORIO
32.0,ESCISION BRONQUIO LOCAL,32 EXCISION DE PULMON Y BRONQUIO,06. (30 34) OPERACIONES SOBRE EL APARATO RESPIRATORIO,06. (30 34) OPERACIONES SOBRE EL APARATO RESPIRATORIO
32.01,ESCISION BRONQUIO LOCAL CERRADA [ENDOSCOPICA],32 EXCISION DE PULMON Y BRONQUIO,06. (30 34) OPERACIONES SOBRE EL APARATO RESPIRATORIO,06. (30 34) OPERACIONES SOBRE EL APARATO RESPIRATORIO
32.09,ESCISION BRONQUIO LOCAL.OTRA,32 EXCISION DE PULMON Y BRONQUIO,06. (30 34) OPERACIONES SOBRE EL APARATO RESPIRATORIO,06. (30 34) OPERACIONES SOBRE EL APARATO RESPIRATORIO
32.1,ESCISION BRONQUIO OTRA,32 EXCISION DE PULMON Y BRONQUIO,06. (30 34) OPERACIONES SOBRE EL APARATO RESPIRATORIO,06. (30 34) OPERACIONES SOBRE EL APARATO RESPIRATORIO
32.2,ESCISION PULMON LOCAL,32 EXCISION DE PULMON Y BRONQUIO,06. (30 34) OPERACIONES SOBRE EL APARATO RESPIRATORIO,06. (30 34) OPERACIONES SOBRE EL APARATO RESPIRATORIO
32.20,ESCISION LESION O TEJIDO PULMON TORACOSCOPICA,32 EXCISION DE PULMON Y BRONQUIO,06. (30 34) OPERACIONES SOBRE EL APARATO RESPIRATORIO,06. (30 34) OPERACIONES SOBRE EL APARATO RESPIRATORIO
32.21,PLICATURA BULLA ENFISEMATOSA,32 EXCISION DE PULMON Y BRONQUIO,06. (30 34) OPERACIONES SOBRE EL APARATO RESPIRATORIO,06. (30 34) OPERACIONES SOBRE EL APARATO RESPIRATORIO
32.22,REDUCCION VOLUMEN PULMON QUIRURGICA,32 EXCISION DE PULMON Y BRONQUIO,06. (30 34) OPERACIONES SOBRE EL APARATO RESPIRATORIO,06. (30 34) OPERACIONES SOBRE EL APARATO RESPIRATORIO
32.23,ABLACION ABIERTA TEJIDO O LESION PULMON,32 EXCISION DE PULMON Y BRONQUIO,06. (30 34) OPERACIONES SOBRE EL APARATO RESPIRATORIO,06. (30 34) OPERACIONES SOBRE EL APARATO RESPIRATORIO
32.24,ABLACION PERCUTANEA LESION O TEJIDO PULMON,32 EXCISION DE PULMON Y BRONQUIO,06. (30 34) OPERACIONES SOBRE EL APARATO RESPIRATORIO,06. (30 34) OPERACIONES SOBRE EL APARATO RESPIRATORIO
32.25,ABLACION TORACOSCOPICA LESION O TEJIDO PULMON,32 EXCISION DE PULMON Y BRONQUIO,06. (30 34) OPERACIONES SOBRE EL APARATO RESPIRATORIO,06. (30 34) OPERACIONES SOBRE EL APARATO RESPIRATORIO
32.26,ABLACION TEJIDO O LESION PULMON OTRA,32 EXCISION DE PULMON Y BRONQUIO,06. (30 34) OPERACIONES SOBRE EL APARATO RESPIRATORIO,06. (30 34) OPERACIONES SOBRE EL APARATO RESPIRATORIO
32.27,TERMOPLASTIA BRONQUIAL BRONCOSCOPICA,32 EXCISION DE PULMON Y BRONQUIO,06. (30 34) OPERACIONES SOBRE EL APARATO RESPIRATORIO,06. (30 34) OPERACIONES SOBRE EL APARATO RESPIRATORIO
32.28,ESCISION PULMON LOCAL.CERRADA [ENDOSCOPICA],32 EXCISION DE PULMON Y BRONQUIO,06. (30 34) OPERACIONES SOBRE EL APARATO RESPIRATORIO,06. (30 34) OPERACIONES SOBRE EL APARATO RESPIRATORIO
32.29,ESCISION PULMON LOCAL.OTRA,32 EXCISION DE PULMON Y BRONQUIO,06. (30 34) OPERACIONES SOBRE EL APARATO RESPIRATORIO,06. (30 34) OPERACIONES SOBRE EL APARATO RESPIRATORIO
32.3,RESECCION PULMON SEGMENTARIA,32 EXCISION DE PULMON Y BRONQUIO,06. (30 34) OPERACIONES SOBRE EL APARATO RESPIRATORIO,06. (30 34) OPERACIONES SOBRE EL APARATO RESPIRATORIO
32.30,RESECCION PULMON SEGMENTARIA.TORACOSCOPICA,32 EXCISION DE PULMON Y BRONQUIO,06. (30 34) OPERACIONES SOBRE EL APARATO RESPIRATORIO,06. (30 34) OPERACIONES SOBRE EL APARATO RESPIRATORIO
32.39,RESECCION PULMON SEGMENTARIA.OTRA Y NEOM,32 EXCISION DE PULMON Y BRONQUIO,06. (30 34) OPERACIONES SOBRE EL APARATO RESPIRATORIO,06. (30 34) OPERACIONES SOBRE EL APARATO RESPIRATORIO
32.4,LOBECTOMIA PULMON,32 EXCISION DE PULMON Y BRONQUIO,06. (30 34) OPERACIONES SOBRE EL APARATO RESPIRATORIO,06. (30 34) OPERACIONES SOBRE EL APARATO RESPIRATORIO
32.41,LOBECTOMIA PULMON.TORACOSCOPICA,32 EXCISION DE PULMON Y BRONQUIO,06. (30 34) OPERACIONES SOBRE EL APARATO RESPIRATORIO,06. (30 34) OPERACIONES SOBRE EL APARATO RESPIRATORIO
32.49,LOBECTOMIA PULMON.OTRA Y NEOM,32 EXCISION DE PULMON Y BRONQUIO,06. (30 34) OPERACIONES SOBRE EL APARATO RESPIRATORIO,06. (30 34) OPERACIONES SOBRE EL APARATO RESPIRATORIO
32.5,NEUMONECTOMIA,32 EXCISION DE PULMON Y BRONQUIO,06. (30 34) OPERACIONES SOBRE EL APARATO RESPIRATORIO,06. (30 34) OPERACIONES SOBRE EL APARATO RESPIRATORIO
32.50,NEUMONECTOMIA.TORACOSCOPICA,32 EXCISION DE PULMON Y BRONQUIO,06. (30 34) OPERACIONES SOBRE EL APARATO RESPIRATORIO,06. (30 34) OPERACIONES SOBRE EL APARATO RESPIRATORIO
32.59,NEUMONECTOMIA.OTRA Y NEOM,32 EXCISION DE PULMON Y BRONQUIO,06. (30 34) OPERACIONES SOBRE EL APARATO RESPIRATORIO,06. (30 34) OPERACIONES SOBRE EL APARATO RESPIRATORIO
32.6,DISECCION RADICAL ESTRUCTURA TORAX,32 EXCISION DE PULMON Y BRONQUIO,06. (30 34) OPERACIONES SOBRE EL APARATO RESPIRATORIO,06. (30 34) OPERACIONES SOBRE EL APARATO RESPIRATORIO
32.9,ESCISION PULMON OTRA,32 EXCISION DE PULMON Y BRONQUIO,06. (30 34) OPERACIONES SOBRE EL APARATO RESPIRATORIO,06. (30 34) OPERACIONES SOBRE EL APARATO RESPIRATORIO
33,OPERACION PULMON Y BRONQUIO OTRA,33 OTRAS OPERACIONES SOBRE PULMON Y BRONQUIO,06. (30 34) OPERACIONES SOBRE EL APARATO RESPIRATORIO,06. (30 34) OPERACIONES SOBRE EL APARATO RESPIRATORIO
33.0,INCISION BRONQUIO,33 OTRAS OPERACIONES SOBRE PULMON Y BRONQUIO,06. (30 34) OPERACIONES SOBRE EL APARATO RESPIRATORIO,06. (30 34) OPERACIONES SOBRE EL APARATO RESPIRATORIO
33.1,INCISION PULMON,33 OTRAS OPERACIONES SOBRE PULMON Y BRONQUIO,06. (30 34) OPERACIONES SOBRE EL APARATO RESPIRATORIO,06. (30 34) OPERACIONES SOBRE EL APARATO RESPIRATORIO
33.2,PROCEDIMIENTO DIAGNOSTICO PULMON Y BRONQUIO,33 OTRAS OPERACIONES SOBRE PULMON Y BRONQUIO,06. (30 34) OPERACIONES SOBRE EL APARATO RESPIRATORIO,06. (30 34) OPERACIONES SOBRE EL APARATO RESPIRATORIO
33.20,BIOPSIA PULMON TORACOSCOPICA,33 OTRAS OPERACIONES SOBRE PULMON Y BRONQUIO,06. (30 34) OPERACIONES SOBRE EL APARATO RESPIRATORIO,06. (30 34) OPERACIONES SOBRE EL APARATO RESPIRATORIO
33.21,BRONCOSCOPIA POR ESTOMA ARTIFICIAL,33 OTRAS OPERACIONES SOBRE PULMON Y BRONQUIO,06. (30 34) OPERACIONES SOBRE EL APARATO RESPIRATORIO,06. (30 34) OPERACIONES SOBRE EL APARATO RESPIRATORIO
33.22,BRONCOSCOPIA FLEXIBLE,33 OTRAS OPERACIONES SOBRE PULMON Y BRONQUIO,06. (30 34) OPERACIONES SOBRE EL APARATO RESPIRATORIO,06. (30 34) OPERACIONES SOBRE EL APARATO RESPIRATORIO
33.23,BRONCOSCOPIA OTRA,33 OTRAS OPERACIONES SOBRE PULMON Y BRONQUIO,06. (30 34) OPERACIONES SOBRE EL APARATO RESPIRATORIO,06. (30 34) OPERACIONES SOBRE EL APARATO RESPIRATORIO
33.24,BIOPSIA BRONQUIO CERRADA [ENDOSCOPICA],33 OTRAS OPERACIONES SOBRE PULMON Y BRONQUIO,06. (30 34) OPERACIONES SOBRE EL APARATO RESPIRATORIO,06. (30 34) OPERACIONES SOBRE EL APARATO RESPIRATORIO
33.25,BIOPSIA BRONQUIO ABIERTA,33 OTRAS OPERACIONES SOBRE PULMON Y BRONQUIO,06. (30 34) OPERACIONES SOBRE EL APARATO RESPIRATORIO,06. (30 34) OPERACIONES SOBRE EL APARATO RESPIRATORIO
33.26,BIOPSIA PULMON CERRADA [PERCUTANEA],33 OTRAS OPERACIONES SOBRE PULMON Y BRONQUIO,06. (30 34) OPERACIONES SOBRE EL APARATO RESPIRATORIO,06. (30 34) OPERACIONES SOBRE EL APARATO RESPIRATORIO
33.27,BIOPSIA PULMON CERRADA [ENDOSCOPICA],33 OTRAS OPERACIONES SOBRE PULMON Y BRONQUIO,06. (30 34) OPERACIONES SOBRE EL APARATO RESPIRATORIO,06. (30 34) OPERACIONES SOBRE EL APARATO RESPIRATORIO
33.28,BIOPSIA PULMON ABIERTA,33 OTRAS OPERACIONES SOBRE PULMON Y BRONQUIO,06. (30 34) OPERACIONES SOBRE EL APARATO RESPIRATORIO,06. (30 34) OPERACIONES SOBRE EL APARATO RESPIRATORIO
33.29,PROCEDIMIENTO DIAGNOSTICO PULMON OTRO,33 OTRAS OPERACIONES SOBRE PULMON Y BRONQUIO,06. (30 34) OPERACIONES SOBRE EL APARATO RESPIRATORIO,06. (30 34) OPERACIONES SOBRE EL APARATO RESPIRATORIO
33.3,COLAPSO QUIRURGICO PULMON,33 OTRAS OPERACIONES SOBRE PULMON Y BRONQUIO,06. (30 34) OPERACIONES SOBRE EL APARATO RESPIRATORIO,06. (30 34) OPERACIONES SOBRE EL APARATO RESPIRATORIO
33.31,DESTRUCCION NERVIO FRENICO PARA COLAPSO PULMON,33 OTRAS OPERACIONES SOBRE PULMON Y BRONQUIO,06. (30 34) OPERACIONES SOBRE EL APARATO RESPIRATORIO,06. (30 34) OPERACIONES SOBRE EL APARATO RESPIRATORIO
33.32,NEUMOTORAX ARTIFICIAL PARA COLAPSO PULMON,33 OTRAS OPERACIONES SOBRE PULMON Y BRONQUIO,06. (30 34) OPERACIONES SOBRE EL APARATO RESPIRATORIO,06. (30 34) OPERACIONES SOBRE EL APARATO RESPIRATORIO
33.33,NEUMOPERITONEO PARA COLAPSO PULMON,33 OTRAS OPERACIONES SOBRE PULMON Y BRONQUIO,06. (30 34) OPERACIONES SOBRE EL APARATO RESPIRATORIO,06. (30 34) OPERACIONES SOBRE EL APARATO RESPIRATORIO
33.34,TORACOPLASTIA,33 OTRAS OPERACIONES SOBRE PULMON Y BRONQUIO,06. (30 34) OPERACIONES SOBRE EL APARATO RESPIRATORIO,06. (30 34) OPERACIONES SOBRE EL APARATO RESPIRATORIO
33.39,COLAPSO QUIRURGICO PULMON.OTRO,33 OTRAS OPERACIONES SOBRE PULMON Y BRONQUIO,06. (30 34) OPERACIONES SOBRE EL APARATO RESPIRATORIO,06. (30 34) OPERACIONES SOBRE EL APARATO RESPIRATORIO
33.4,OPERACION PULMON Y BRONQUIO REPARADORA Y PLASTICA,33 OTRAS OPERACIONES SOBRE PULMON Y BRONQUIO,06. (30 34) OPERACIONES SOBRE EL APARATO RESPIRATORIO,06. (30 34) OPERACIONES SOBRE EL APARATO RESPIRATORIO
33.41,SUTURA BRONQUIO,33 OTRAS OPERACIONES SOBRE PULMON Y BRONQUIO,06. (30 34) OPERACIONES SOBRE EL APARATO RESPIRATORIO,06. (30 34) OPERACIONES SOBRE EL APARATO RESPIRATORIO
33.42,CIERRE FISTULA BRONQUIO,33 OTRAS OPERACIONES SOBRE PULMON Y BRONQUIO,06. (30 34) OPERACIONES SOBRE EL APARATO RESPIRATORIO,06. (30 34) OPERACIONES SOBRE EL APARATO RESPIRATORIO
33.43,SUTURA PULMON,33 OTRAS OPERACIONES SOBRE PULMON Y BRONQUIO,06. (30 34) OPERACIONES SOBRE EL APARATO RESPIRATORIO,06. (30 34) OPERACIONES SOBRE EL APARATO RESPIRATORIO
33.48,OPERACION BRONQUIO REPARADORA Y PLASTICA OTRA,33 OTRAS OPERACIONES SOBRE PULMON Y BRONQUIO,06. (30 34) OPERACIONES SOBRE EL APARATO RESPIRATORIO,06. (30 34) OPERACIONES SOBRE EL APARATO RESPIRATORIO
33.49,OPERACION PULMON REPARADORA Y PLASTICA OTRA,33 OTRAS OPERACIONES SOBRE PULMON Y BRONQUIO,06. (30 34) OPERACIONES SOBRE EL APARATO RESPIRATORIO,06. (30 34) OPERACIONES SOBRE EL APARATO RESPIRATORIO
33.5,TRASPLANTE PULMON,33 OTRAS OPERACIONES SOBRE PULMON Y BRONQUIO,06. (30 34) OPERACIONES SOBRE EL APARATO RESPIRATORIO,06. (30 34) OPERACIONES SOBRE EL APARATO RESPIRATORIO
33.50,TRASPLANTE PULMON.NEOM,33 OTRAS OPERACIONES SOBRE PULMON Y BRONQUIO,06. (30 34) OPERACIONES SOBRE EL APARATO RESPIRATORIO,06. (30 34) OPERACIONES SOBRE EL APARATO RESPIRATORIO
33.51,TRASPLANTE PULMON.UNILATERAL,33 OTRAS OPERACIONES SOBRE PULMON Y BRONQUIO,06. (30 34) OPERACIONES SOBRE EL APARATO RESPIRATORIO,06. (30 34) OPERACIONES SOBRE EL APARATO RESPIRATORIO
33.52,TRASPLANTE PULMON.BILATERAL,33 OTRAS OPERACIONES SOBRE PULMON Y BRONQUIO,06. (30 34) OPERACIONES SOBRE EL APARATO RESPIRATORIO,06. (30 34) OPERACIONES SOBRE EL APARATO RESPIRATORIO
33.6,TRASPLANTE CORAZON-PULMON COMBINADO,33 OTRAS OPERACIONES SOBRE PULMON Y BRONQUIO,06. (30 34) OPERACIONES SOBRE EL APARATO RESPIRATORIO,06. (30 34) OPERACIONES SOBRE EL APARATO RESPIRATORIO
33.7,PROCEDIMIENTO ENDOSCOPICO BRONQUIO O PULMON OTRO,33 OTRAS OPERACIONES SOBRE PULMON Y BRONQUIO,06. (30 34) OPERACIONES SOBRE EL APARATO RESPIRATORIO,06. (30 34) OPERACIONES SOBRE EL APARATO RESPIRATORIO
33.71,INSERCION ENDOSCOPICA O SUSTITUCION VALVULA BRONQUIO UN SOLO LOBULO,33 OTRAS OPERACIONES SOBRE PULMON Y BRONQUIO,06. (30 34) OPERACIONES SOBRE EL APARATO RESPIRATORIO,06. (30 34) OPERACIONES SOBRE EL APARATO RESPIRATORIO
33.72,MEDIDA ENDOSCOPICA FLUJO AEREO PULMON,33 OTRAS OPERACIONES SOBRE PULMON Y BRONQUIO,06. (30 34) OPERACIONES SOBRE EL APARATO RESPIRATORIO,06. (30 34) OPERACIONES SOBRE EL APARATO RESPIRATORIO
33.73,INSERCION ENDOSCOPICA O SUSTITUCION VALVULA BRONQUIO LOBULOS MULTIPLES,33 OTRAS OPERACIONES SOBRE PULMON Y BRONQUIO,06. (30 34) OPERACIONES SOBRE EL APARATO RESPIRATORIO,06. (30 34) OPERACIONES SOBRE EL APARATO RESPIRATORIO
33.78,RETIRADA ENDOSCOPICA DISPOSITIVO O SUSTANCIA BRONQUIO,33 OTRAS OPERACIONES SOBRE PULMON Y BRONQUIO,06. (30 34) OPERACIONES SOBRE EL APARATO RESPIRATORIO,06. (30 34) OPERACIONES SOBRE EL APARATO RESPIRATORIO
33.79,INSERCION ENDOSCOPICA DISPOSITIVO O SUSTANCIA BRONQUIO OTRA,33 OTRAS OPERACIONES SOBRE PULMON Y BRONQUIO,06. (30 34) OPERACIONES SOBRE EL APARATO RESPIRATORIO,06. (30 34) OPERACIONES SOBRE EL APARATO RESPIRATORIO
33.9,OPERACION PULMON Y BRONQUIO OTRA,33 OTRAS OPERACIONES SOBRE PULMON Y BRONQUIO,06. (30 34) OPERACIONES SOBRE EL APARATO RESPIRATORIO,06. (30 34) OPERACIONES SOBRE EL APARATO RESPIRATORIO
33.91,DILATACION BRONQUIO,33 OTRAS OPERACIONES SOBRE PULMON Y BRONQUIO,06. (30 34) OPERACIONES SOBRE EL APARATO RESPIRATORIO,06. (30 34) OPERACIONES SOBRE EL APARATO RESPIRATORIO
33.92,LIGADURA BRONQUIO,33 OTRAS OPERACIONES SOBRE PULMON Y BRONQUIO,06. (30 34) OPERACIONES SOBRE EL APARATO RESPIRATORIO,06. (30 34) OPERACIONES SOBRE EL APARATO RESPIRATORIO
33.93,PUNCION PULMON,33 OTRAS OPERACIONES SOBRE PULMON Y BRONQUIO,06. (30 34) OPERACIONES SOBRE EL APARATO RESPIRATORIO,06. (30 34) OPERACIONES SOBRE EL APARATO RESPIRATORIO
33.98,OPERACION BRONQUIO OTRA,33 OTRAS OPERACIONES SOBRE PULMON Y BRONQUIO,06. (30 34) OPERACIONES SOBRE EL APARATO RESPIRATORIO,06. (30 34) OPERACIONES SOBRE EL APARATO RESPIRATORIO
33.99,OPERACION PULMON OTRA,33 OTRAS OPERACIONES SOBRE PULMON Y BRONQUIO,06. (30 34) OPERACIONES SOBRE EL APARATO RESPIRATORIO,06. (30 34) OPERACIONES SOBRE EL APARATO RESPIRATORIO
34,"OPERACION PARED TORAX,PLEURA,MEDIASTINO Y DIAFRAGMA","34 OPERA. SOBRE PARED TORACICA, PLEURA, MEDIASTINO Y DIAFRAGMA",06. (30 34) OPERACIONES SOBRE EL APARATO RESPIRATORIO,06. (30 34) OPERACIONES SOBRE EL APARATO RESPIRATORIO
34.0,INCISION PARED TORAX Y PLEURA,"34 OPERA. SOBRE PARED TORACICA, PLEURA, MEDIASTINO Y DIAFRAGMA",06. (30 34) OPERACIONES SOBRE EL APARATO RESPIRATORIO,06. (30 34) OPERACIONES SOBRE EL APARATO RESPIRATORIO
34.01,INCISION PARED TORAX,"34 OPERA. SOBRE PARED TORACICA, PLEURA, MEDIASTINO Y DIAFRAGMA",06. (30 34) OPERACIONES SOBRE EL APARATO RESPIRATORIO,06. (30 34) OPERACIONES SOBRE EL APARATO RESPIRATORIO
34.02,TORACOTOMIA EXPLORATORIA,"34 OPERA. SOBRE PARED TORACICA, PLEURA, MEDIASTINO Y DIAFRAGMA",06. (30 34) OPERACIONES SOBRE EL APARATO RESPIRATORIO,06. (30 34) OPERACIONES SOBRE EL APARATO RESPIRATORIO
34.03,REAPERTURA TORACOTOMIA RECIENTE,"34 OPERA. SOBRE PARED TORACICA, PLEURA, MEDIASTINO Y DIAFRAGMA",06. (30 34) OPERACIONES SOBRE EL APARATO RESPIRATORIO,06. (30 34) OPERACIONES SOBRE EL APARATO RESPIRATORIO
34.04,INTUBACION INTERCOSTAL PARA DRENAJE,"34 OPERA. SOBRE PARED TORACICA, PLEURA, MEDIASTINO Y DIAFRAGMA",06. (30 34) OPERACIONES SOBRE EL APARATO RESPIRATORIO,06. (30 34) OPERACIONES SOBRE EL APARATO RESPIRATORIO
34.05,CREACION DERIVACION PLEUROPERITONEAL,"34 OPERA. SOBRE PARED TORACICA, PLEURA, MEDIASTINO Y DIAFRAGMA",06. (30 34) OPERACIONES SOBRE EL APARATO RESPIRATORIO,06. (30 34) OPERACIONES SOBRE EL APARATO RESPIRATORIO
34.06,DRENAJE TORACOSCOPICO CAVIDAD PLEURAL,"34 OPERA. SOBRE PARED TORACICA, PLEURA, MEDIASTINO Y DIAFRAGMA",06. (30 34) OPERACIONES SOBRE EL APARATO RESPIRATORIO,06. (30 34) OPERACIONES SOBRE EL APARATO RESPIRATORIO
34.09,INCISION PLEURA OTRA,"34 OPERA. SOBRE PARED TORACICA, PLEURA, MEDIASTINO Y DIAFRAGMA",06. (30 34) OPERACIONES SOBRE EL APARATO RESPIRATORIO,06. (30 34) OPERACIONES SOBRE EL APARATO RESPIRATORIO
34.1,INCISION MEDIASTINO,"34 OPERA. SOBRE PARED TORACICA, PLEURA, MEDIASTINO Y DIAFRAGMA",06. (30 34) OPERACIONES SOBRE EL APARATO RESPIRATORIO,06. (30 34) OPERACIONES SOBRE EL APARATO RESPIRATORIO
34.2,"PROCEDIMIENTO DIAGNOSTICO TORAX,PLEURA Y MEDIASTINO","34 OPERA. SOBRE PARED TORACICA, PLEURA, MEDIASTINO Y DIAFRAGMA",06. (30 34) OPERACIONES SOBRE EL APARATO RESPIRATORIO,06. (30 34) OPERACIONES SOBRE EL APARATO RESPIRATORIO
34.20,BIOPSIA PLEURA TORACOSCOPICA,"34 OPERA. SOBRE PARED TORACICA, PLEURA, MEDIASTINO Y DIAFRAGMA",06. (30 34) OPERACIONES SOBRE EL APARATO RESPIRATORIO,06. (30 34) OPERACIONES SOBRE EL APARATO RESPIRATORIO
34.21,TORACOSCOPIA TRANSPLEURAL,"34 OPERA. SOBRE PARED TORACICA, PLEURA, MEDIASTINO Y DIAFRAGMA",06. (30 34) OPERACIONES SOBRE EL APARATO RESPIRATORIO,06. (30 34) OPERACIONES SOBRE EL APARATO RESPIRATORIO
34.22,MEDIASTINOSCOPIA,"34 OPERA. SOBRE PARED TORACICA, PLEURA, MEDIASTINO Y DIAFRAGMA",06. (30 34) OPERACIONES SOBRE EL APARATO RESPIRATORIO,06. (30 34) OPERACIONES SOBRE EL APARATO RESPIRATORIO
34.23,BIOPSIA PARED TORAX,"34 OPERA. SOBRE PARED TORACICA, PLEURA, MEDIASTINO Y DIAFRAGMA",06. (30 34) OPERACIONES SOBRE EL APARATO RESPIRATORIO,06. (30 34) OPERACIONES SOBRE EL APARATO RESPIRATORIO
34.24,BIOPSIA PLEURA,"34 OPERA. SOBRE PARED TORACICA, PLEURA, MEDIASTINO Y DIAFRAGMA",06. (30 34) OPERACIONES SOBRE EL APARATO RESPIRATORIO,06. (30 34) OPERACIONES SOBRE EL APARATO RESPIRATORIO
34.25,BIOPSIA MEDIASTINO PERCUTANEA,"34 OPERA. SOBRE PARED TORACICA, PLEURA, MEDIASTINO Y DIAFRAGMA",06. (30 34) OPERACIONES SOBRE EL APARATO RESPIRATORIO,06. (30 34) OPERACIONES SOBRE EL APARATO RESPIRATORIO
34.26,BIOPSIA MEDIASTINO OTRA,"34 OPERA. SOBRE PARED TORACICA, PLEURA, MEDIASTINO Y DIAFRAGMA",06. (30 34) OPERACIONES SOBRE EL APARATO RESPIRATORIO,06. (30 34) OPERACIONES SOBRE EL APARATO RESPIRATORIO
34.27,BIOPSIA DIAFRAGMA,"34 OPERA. SOBRE PARED TORACICA, PLEURA, MEDIASTINO Y DIAFRAGMA",06. (30 34) OPERACIONES SOBRE EL APARATO RESPIRATORIO,06. (30 34) OPERACIONES SOBRE EL APARATO RESPIRATORIO
34.28,"PROCEDIMIENTO DIAGNOSTICO TORAX,PLEURA Y DIAFRAGMA.OTRO","34 OPERA. SOBRE PARED TORACICA, PLEURA, MEDIASTINO Y DIAFRAGMA",06. (30 34) OPERACIONES SOBRE EL APARATO RESPIRATORIO,06. (30 34) OPERACIONES SOBRE EL APARATO RESPIRATORIO
34.29,PROCEDIMIENTO DIAGNOSTICO MEDIASTINO OTRO,"34 OPERA. SOBRE PARED TORACICA, PLEURA, MEDIASTINO Y DIAFRAGMA",06. (30 34) OPERACIONES SOBRE EL APARATO RESPIRATORIO,06. (30 34) OPERACIONES SOBRE EL APARATO RESPIRATORIO
34.3,ESCISION MEDIASTINO LOCAL,"34 OPERA. SOBRE PARED TORACICA, PLEURA, MEDIASTINO Y DIAFRAGMA",06. (30 34) OPERACIONES SOBRE EL APARATO RESPIRATORIO,06. (30 34) OPERACIONES SOBRE EL APARATO RESPIRATORIO
34.4,ESCISION PARED TORAX LOCAL,"34 OPERA. SOBRE PARED TORACICA, PLEURA, MEDIASTINO Y DIAFRAGMA",06. (30 34) OPERACIONES SOBRE EL APARATO RESPIRATORIO,06. (30 34) OPERACIONES SOBRE EL APARATO RESPIRATORIO
34.5,PLEURECTOMIA,"34 OPERA. SOBRE PARED TORACICA, PLEURA, MEDIASTINO Y DIAFRAGMA",06. (30 34) OPERACIONES SOBRE EL APARATO RESPIRATORIO,06. (30 34) OPERACIONES SOBRE EL APARATO RESPIRATORIO
34.51,DECORTICACION PULMON,"34 OPERA. SOBRE PARED TORACICA, PLEURA, MEDIASTINO Y DIAFRAGMA",06. (30 34) OPERACIONES SOBRE EL APARATO RESPIRATORIO,06. (30 34) OPERACIONES SOBRE EL APARATO RESPIRATORIO
34.52,DECORTICACION PULMON TORACOSCOPICA,"34 OPERA. SOBRE PARED TORACICA, PLEURA, MEDIASTINO Y DIAFRAGMA",06. (30 34) OPERACIONES SOBRE EL APARATO RESPIRATORIO,06. (30 34) OPERACIONES SOBRE EL APARATO RESPIRATORIO
34.59,ESCISION PLEURA OTRA,"34 OPERA. SOBRE PARED TORACICA, PLEURA, MEDIASTINO Y DIAFRAGMA",06. (30 34) OPERACIONES SOBRE EL APARATO RESPIRATORIO,06. (30 34) OPERACIONES SOBRE EL APARATO RESPIRATORIO
34.6,ESCARIFICACION PLEURA,"34 OPERA. SOBRE PARED TORACICA, PLEURA, MEDIASTINO Y DIAFRAGMA",06. (30 34) OPERACIONES SOBRE EL APARATO RESPIRATORIO,06. (30 34) OPERACIONES SOBRE EL APARATO RESPIRATORIO
34.7,REPARACION PARED TORAX,"34 OPERA. SOBRE PARED TORACICA, PLEURA, MEDIASTINO Y DIAFRAGMA",06. (30 34) OPERACIONES SOBRE EL APARATO RESPIRATORIO,06. (30 34) OPERACIONES SOBRE EL APARATO RESPIRATORIO
34.71,SUTURA PARED TORAX,"34 OPERA. SOBRE PARED TORACICA, PLEURA, MEDIASTINO Y DIAFRAGMA",06. (30 34) OPERACIONES SOBRE EL APARATO RESPIRATORIO,06. (30 34) OPERACIONES SOBRE EL APARATO RESPIRATORIO
34.72,CIERRE TORACOSTOMIA,"34 OPERA. SOBRE PARED TORACICA, PLEURA, MEDIASTINO Y DIAFRAGMA",06. (30 34) OPERACIONES SOBRE EL APARATO RESPIRATORIO,06. (30 34) OPERACIONES SOBRE EL APARATO RESPIRATORIO
34.73,CIERRE FISTULA TORAX OTRA,"34 OPERA. SOBRE PARED TORACICA, PLEURA, MEDIASTINO Y DIAFRAGMA",06. (30 34) OPERACIONES SOBRE EL APARATO RESPIRATORIO,06. (30 34) OPERACIONES SOBRE EL APARATO RESPIRATORIO
34.74,REPARACION DEFORMIDAD PECTUS,"34 OPERA. SOBRE PARED TORACICA, PLEURA, MEDIASTINO Y DIAFRAGMA",06. (30 34) OPERACIONES SOBRE EL APARATO RESPIRATORIO,06. (30 34) OPERACIONES SOBRE EL APARATO RESPIRATORIO
34.79,REPARACION PARED TORAX.OTRA,"34 OPERA. SOBRE PARED TORACICA, PLEURA, MEDIASTINO Y DIAFRAGMA",06. (30 34) OPERACIONES SOBRE EL APARATO RESPIRATORIO,06. (30 34) OPERACIONES SOBRE EL APARATO RESPIRATORIO
34.8,OPERACION DIAFRAGMA,"34 OPERA. SOBRE PARED TORACICA, PLEURA, MEDIASTINO Y DIAFRAGMA",06. (30 34) OPERACIONES SOBRE EL APARATO RESPIRATORIO,06. (30 34) OPERACIONES SOBRE EL APARATO RESPIRATORIO
34.81,ESCISION DIAFRAGMA LOCAL,"34 OPERA. SOBRE PARED TORACICA, PLEURA, MEDIASTINO Y DIAFRAGMA",06. (30 34) OPERACIONES SOBRE EL APARATO RESPIRATORIO,06. (30 34) OPERACIONES SOBRE EL APARATO RESPIRATORIO
34.82,SUTURA DIAFRAGMA,"34 OPERA. SOBRE PARED TORACICA, PLEURA, MEDIASTINO Y DIAFRAGMA",06. (30 34) OPERACIONES SOBRE EL APARATO RESPIRATORIO,06. (30 34) OPERACIONES SOBRE EL APARATO RESPIRATORIO
34.83,CIERRE FISTULA DIAFRAGMA,"34 OPERA. SOBRE PARED TORACICA, PLEURA, MEDIASTINO Y DIAFRAGMA",06. (30 34) OPERACIONES SOBRE EL APARATO RESPIRATORIO,06. (30 34) OPERACIONES SOBRE EL APARATO RESPIRATORIO
34.84,REPARACION DIAFRAGMA OTRA,"34 OPERA. SOBRE PARED TORACICA, PLEURA, MEDIASTINO Y DIAFRAGMA",06. (30 34) OPERACIONES SOBRE EL APARATO RESPIRATORIO,06. (30 34) OPERACIONES SOBRE EL APARATO RESPIRATORIO
34.85,IMPLANTACION MARCAPASOS DIAFRAGMA,"34 OPERA. SOBRE PARED TORACICA, PLEURA, MEDIASTINO Y DIAFRAGMA",06. (30 34) OPERACIONES SOBRE EL APARATO RESPIRATORIO,06. (30 34) OPERACIONES SOBRE EL APARATO RESPIRATORIO
34.89,OPERACION DIAFRAGMA.OTRA,"34 OPERA. SOBRE PARED TORACICA, PLEURA, MEDIASTINO Y DIAFRAGMA",06. (30 34) OPERACIONES SOBRE EL APARATO RESPIRATORIO,06. (30 34) OPERACIONES SOBRE EL APARATO RESPIRATORIO
34.9,OPERACION TORAX OTRA,"34 OPERA. SOBRE PARED TORACICA, PLEURA, MEDIASTINO Y DIAFRAGMA",06. (30 34) OPERACIONES SOBRE EL APARATO RESPIRATORIO,06. (30 34) OPERACIONES SOBRE EL APARATO RESPIRATORIO
34.91,TORACOCENTESIS,"34 OPERA. SOBRE PARED TORACICA, PLEURA, MEDIASTINO Y DIAFRAGMA",06. (30 34) OPERACIONES SOBRE EL APARATO RESPIRATORIO,06. (30 34) OPERACIONES SOBRE EL APARATO RESPIRATORIO
34.92,INYECCION CAVIDAD TORAX,"34 OPERA. SOBRE PARED TORACICA, PLEURA, MEDIASTINO Y DIAFRAGMA",06. (30 34) OPERACIONES SOBRE EL APARATO RESPIRATORIO,06. (30 34) OPERACIONES SOBRE EL APARATO RESPIRATORIO
34.93,REPARACION PLEURA,"34 OPERA. SOBRE PARED TORACICA, PLEURA, MEDIASTINO Y DIAFRAGMA",06. (30 34) OPERACIONES SOBRE EL APARATO RESPIRATORIO,06. (30 34) OPERACIONES SOBRE EL APARATO RESPIRATORIO
34.99,OPERACION TORAX.OTRA,"34 OPERA. SOBRE PARED TORACICA, PLEURA, MEDIASTINO Y DIAFRAGMA",06. (30 34) OPERACIONES SOBRE EL APARATO RESPIRATORIO,06. (30 34) OPERACIONES SOBRE EL APARATO RESPIRATORIO
35,OPERACION VALVULA Y TABIQUE CORAZON,35 OPERACIONES SOBRE VALVULAS Y TABIQUES DEL CORAZON,07. (35 39) OPERACIONES SOBRE EL APARATO CARDIOVASCULAR,07. (35 39) OPERACIONES SOBRE EL APARATO CARDIOVASCULAR
35.0,VALVULOTOMIA CORAZON CERRADA O SUSTITUCION VALVULA TRANSCATETER,35 OPERACIONES SOBRE VALVULAS Y TABIQUES DEL CORAZON,07. (35 39) OPERACIONES SOBRE EL APARATO CARDIOVASCULAR,07. (35 39) OPERACIONES SOBRE EL APARATO CARDIOVASCULAR
35.00,VALVULOTOMIA CORAZON CERRADA.NEOM,35 OPERACIONES SOBRE VALVULAS Y TABIQUES DEL CORAZON,07. (35 39) OPERACIONES SOBRE EL APARATO CARDIOVASCULAR,07. (35 39) OPERACIONES SOBRE EL APARATO CARDIOVASCULAR
35.01,VALVULOTOMIA CORAZON CERRADA.VALVULA AORTICA,35 OPERACIONES SOBRE VALVULAS Y TABIQUES DEL CORAZON,07. (35 39) OPERACIONES SOBRE EL APARATO CARDIOVASCULAR,07. (35 39) OPERACIONES SOBRE EL APARATO CARDIOVASCULAR
35.02,VALVULOTOMIA CORAZON CERRADA.VALVULA MITRAL,35 OPERACIONES SOBRE VALVULAS Y TABIQUES DEL CORAZON,07. (35 39) OPERACIONES SOBRE EL APARATO CARDIOVASCULAR,07. (35 39) OPERACIONES SOBRE EL APARATO CARDIOVASCULAR
35.03,VALVULOTOMIA CORAZON CERRADA.VALVULA PULMONAR,35 OPERACIONES SOBRE VALVULAS Y TABIQUES DEL CORAZON,07. (35 39) OPERACIONES SOBRE EL APARATO CARDIOVASCULAR,07. (35 39) OPERACIONES SOBRE EL APARATO CARDIOVASCULAR
35.04,VALVULOTOMIA CORAZON CERRADA.VALVULA TRICUSPIDE,35 OPERACIONES SOBRE VALVULAS Y TABIQUES DEL CORAZON,07. (35 39) OPERACIONES SOBRE EL APARATO CARDIOVASCULAR,07. (35 39) OPERACIONES SOBRE EL APARATO CARDIOVASCULAR
35.05,SUSTITUCION ENDOVASCULAR VALVULA AORTICA,35 OPERACIONES SOBRE VALVULAS Y TABIQUES DEL CORAZON,07. (35 39) OPERACIONES SOBRE EL APARATO CARDIOVASCULAR,07. (35 39) OPERACIONES SOBRE EL APARATO CARDIOVASCULAR
35.06,SUSTITUCION TRANSAPICAL VALVULA AORTICA,35 OPERACIONES SOBRE VALVULAS Y TABIQUES DEL CORAZON,07. (35 39) OPERACIONES SOBRE EL APARATO CARDIOVASCULAR,07. (35 39) OPERACIONES SOBRE EL APARATO CARDIOVASCULAR
35.07,SUSTITUCION ENDOVASCULAR VALVULA PULMONAR,35 OPERACIONES SOBRE VALVULAS Y TABIQUES DEL CORAZON,07. (35 39) OPERACIONES SOBRE EL APARATO CARDIOVASCULAR,07. (35 39) OPERACIONES SOBRE EL APARATO CARDIOVASCULAR
35.08,SUSTITUCION TRANSAPICAL VALVULA PULMONAR,35 OPERACIONES SOBRE VALVULAS Y TABIQUES DEL CORAZON,07. (35 39) OPERACIONES SOBRE EL APARATO CARDIOVASCULAR,07. (35 39) OPERACIONES SOBRE EL APARATO CARDIOVASCULAR
35.09,SUSTITUCION ENDOVACULAR VALVULA CARDIACA NEOM,35 OPERACIONES SOBRE VALVULAS Y TABIQUES DEL CORAZON,07. (35 39) OPERACIONES SOBRE EL APARATO CARDIOVASCULAR,07. (35 39) OPERACIONES SOBRE EL APARATO CARDIOVASCULAR
35.1,VALVULOPLASTIA CORAZON ABIERTA SIN SUSTITUCION VALVULA,35 OPERACIONES SOBRE VALVULAS Y TABIQUES DEL CORAZON,07. (35 39) OPERACIONES SOBRE EL APARATO CARDIOVASCULAR,07. (35 39) OPERACIONES SOBRE EL APARATO CARDIOVASCULAR
35.10,VALVULOPLASTIA CORAZON ABIERTA SIN SUSTITUCION.NEOM,35 OPERACIONES SOBRE VALVULAS Y TABIQUES DEL CORAZON,07. (35 39) OPERACIONES SOBRE EL APARATO CARDIOVASCULAR,07. (35 39) OPERACIONES SOBRE EL APARATO CARDIOVASCULAR
35.11,VALVULOPLASTIA CORAZON ABIERTA SIN SUSTITUCION.AORTICA,35 OPERACIONES SOBRE VALVULAS Y TABIQUES DEL CORAZON,07. (35 39) OPERACIONES SOBRE EL APARATO CARDIOVASCULAR,07. (35 39) OPERACIONES SOBRE EL APARATO CARDIOVASCULAR
35.12,VALVULOPLASTIA CORAZON ABIERTA SIN SUSTITUCION.MITRAL,35 OPERACIONES SOBRE VALVULAS Y TABIQUES DEL CORAZON,07. (35 39) OPERACIONES SOBRE EL APARATO CARDIOVASCULAR,07. (35 39) OPERACIONES SOBRE EL APARATO CARDIOVASCULAR
35.13,VALVULOPLASTIA CORAZON ABIERTA SIN SUSTITUCION.PULMONAR,35 OPERACIONES SOBRE VALVULAS Y TABIQUES DEL CORAZON,07. (35 39) OPERACIONES SOBRE EL APARATO CARDIOVASCULAR,07. (35 39) OPERACIONES SOBRE EL APARATO CARDIOVASCULAR
35.14,VALVULOPLASTIA CORAZON ABIERTA SIN SUSTITUCION.TRISCUSPIDE,35 OPERACIONES SOBRE VALVULAS Y TABIQUES DEL CORAZON,07. (35 39) OPERACIONES SOBRE EL APARATO CARDIOVASCULAR,07. (35 39) OPERACIONES SOBRE EL APARATO CARDIOVASCULAR
35.2,SUSTITUCION VALVULA CORAZON,35 OPERACIONES SOBRE VALVULAS Y TABIQUES DEL CORAZON,07. (35 39) OPERACIONES SOBRE EL APARATO CARDIOVASCULAR,07. (35 39) OPERACIONES SOBRE EL APARATO CARDIOVASCULAR
35.20,SUSTITUCION VALVULA CORAZON.NEOM,35 OPERACIONES SOBRE VALVULAS Y TABIQUES DEL CORAZON,07. (35 39) OPERACIONES SOBRE EL APARATO CARDIOVASCULAR,07. (35 39) OPERACIONES SOBRE EL APARATO CARDIOVASCULAR
35.21,SUSTITUCION VALVULA AORTICA CON INJERTO,35 OPERACIONES SOBRE VALVULAS Y TABIQUES DEL CORAZON,07. (35 39) OPERACIONES SOBRE EL APARATO CARDIOVASCULAR,07. (35 39) OPERACIONES SOBRE EL APARATO CARDIOVASCULAR
35.22,SUSTITUCION VALVULA AORTICA OTRA,35 OPERACIONES SOBRE VALVULAS Y TABIQUES DEL CORAZON,07. (35 39) OPERACIONES SOBRE EL APARATO CARDIOVASCULAR,07. (35 39) OPERACIONES SOBRE EL APARATO CARDIOVASCULAR
35.23,SUSTITUCION VALVULA MITRAL CON INJERTO,35 OPERACIONES SOBRE VALVULAS Y TABIQUES DEL CORAZON,07. (35 39) OPERACIONES SOBRE EL APARATO CARDIOVASCULAR,07. (35 39) OPERACIONES SOBRE EL APARATO CARDIOVASCULAR
35.24,SUSTITUCION VALVULA MITRAL OTRA,35 OPERACIONES SOBRE VALVULAS Y TABIQUES DEL CORAZON,07. (35 39) OPERACIONES SOBRE EL APARATO CARDIOVASCULAR,07. (35 39) OPERACIONES SOBRE EL APARATO CARDIOVASCULAR
35.25,SUSTITUCION VALVULA PULMONAR CON INJERTO,35 OPERACIONES SOBRE VALVULAS Y TABIQUES DEL CORAZON,07. (35 39) OPERACIONES SOBRE EL APARATO CARDIOVASCULAR,07. (35 39) OPERACIONES SOBRE EL APARATO CARDIOVASCULAR
35.26,SUSTITUCION VALVULA PULMONAR OTRA,35 OPERACIONES SOBRE VALVULAS Y TABIQUES DEL CORAZON,07. (35 39) OPERACIONES SOBRE EL APARATO CARDIOVASCULAR,07. (35 39) OPERACIONES SOBRE EL APARATO CARDIOVASCULAR
35.27,SUSTITUCION VALVULA TRICUSPIDE CON INJERTO,35 OPERACIONES SOBRE VALVULAS Y TABIQUES DEL CORAZON,07. (35 39) OPERACIONES SOBRE EL APARATO CARDIOVASCULAR,07. (35 39) OPERACIONES SOBRE EL APARATO CARDIOVASCULAR
35.28,SUSTITUCION VALVULA TRICUSPIDE OTRA,35 OPERACIONES SOBRE VALVULAS Y TABIQUES DEL CORAZON,07. (35 39) OPERACIONES SOBRE EL APARATO CARDIOVASCULAR,07. (35 39) OPERACIONES SOBRE EL APARATO CARDIOVASCULAR
35.3,OPERACION ESTRUCTURA ADYACENTE VALVULA CORAZON,35 OPERACIONES SOBRE VALVULAS Y TABIQUES DEL CORAZON,07. (35 39) OPERACIONES SOBRE EL APARATO CARDIOVASCULAR,07. (35 39) OPERACIONES SOBRE EL APARATO CARDIOVASCULAR
35.31,OPERACION MUSCULO PAPILAR,35 OPERACIONES SOBRE VALVULAS Y TABIQUES DEL CORAZON,07. (35 39) OPERACIONES SOBRE EL APARATO CARDIOVASCULAR,07. (35 39) OPERACIONES SOBRE EL APARATO CARDIOVASCULAR
35.32,OPERACION CUERDA TENDINOSA,35 OPERACIONES SOBRE VALVULAS Y TABIQUES DEL CORAZON,07. (35 39) OPERACIONES SOBRE EL APARATO CARDIOVASCULAR,07. (35 39) OPERACIONES SOBRE EL APARATO CARDIOVASCULAR
35.33,ANULOPLASTIA,35 OPERACIONES SOBRE VALVULAS Y TABIQUES DEL CORAZON,07. (35 39) OPERACIONES SOBRE EL APARATO CARDIOVASCULAR,07. (35 39) OPERACIONES SOBRE EL APARATO CARDIOVASCULAR
35.34,INFUNDIBULECTOMIA,35 OPERACIONES SOBRE VALVULAS Y TABIQUES DEL CORAZON,07. (35 39) OPERACIONES SOBRE EL APARATO CARDIOVASCULAR,07. (35 39) OPERACIONES SOBRE EL APARATO CARDIOVASCULAR
35.35,OPERACION TRABECULA CARNOSA CORAZON,35 OPERACIONES SOBRE VALVULAS Y TABIQUES DEL CORAZON,07. (35 39) OPERACIONES SOBRE EL APARATO CARDIOVASCULAR,07. (35 39) OPERACIONES SOBRE EL APARATO CARDIOVASCULAR
35.39,OPERACION ESTRUCTURA ADYACENTE VALVULA CORAZON.OTRA,35 OPERACIONES SOBRE VALVULAS Y TABIQUES DEL CORAZON,07. (35 39) OPERACIONES SOBRE EL APARATO CARDIOVASCULAR,07. (35 39) OPERACIONES SOBRE EL APARATO CARDIOVASCULAR
35.4,PRODUCCION DEFECTO TABIQUE CORAZON,35 OPERACIONES SOBRE VALVULAS Y TABIQUES DEL CORAZON,07. (35 39) OPERACIONES SOBRE EL APARATO CARDIOVASCULAR,07. (35 39) OPERACIONES SOBRE EL APARATO CARDIOVASCULAR
35.41,AMPLIACION DEFECTO EXISTENTE TABIQUE AURICULA,35 OPERACIONES SOBRE VALVULAS Y TABIQUES DEL CORAZON,07. (35 39) OPERACIONES SOBRE EL APARATO CARDIOVASCULAR,07. (35 39) OPERACIONES SOBRE EL APARATO CARDIOVASCULAR
35.42,CREACION DEFECTO TABIQUE CORAZON,35 OPERACIONES SOBRE VALVULAS Y TABIQUES DEL CORAZON,07. (35 39) OPERACIONES SOBRE EL APARATO CARDIOVASCULAR,07. (35 39) OPERACIONES SOBRE EL APARATO CARDIOVASCULAR
35.5,REPARACION TABIQUE ATRIO Y VENTRICULO CON PROTESIS,35 OPERACIONES SOBRE VALVULAS Y TABIQUES DEL CORAZON,07. (35 39) OPERACIONES SOBRE EL APARATO CARDIOVASCULAR,07. (35 39) OPERACIONES SOBRE EL APARATO CARDIOVASCULAR
35.50,REPARACION DEFECTO TABIQUE CORAZON NEOM,35 OPERACIONES SOBRE VALVULAS Y TABIQUES DEL CORAZON,07. (35 39) OPERACIONES SOBRE EL APARATO CARDIOVASCULAR,07. (35 39) OPERACIONES SOBRE EL APARATO CARDIOVASCULAR
35.51,REPARACION DEFECTO TABIQUE AURICULA CON PROTESIS TECNICA ABIERTA,35 OPERACIONES SOBRE VALVULAS Y TABIQUES DEL CORAZON,07. (35 39) OPERACIONES SOBRE EL APARATO CARDIOVASCULAR,07. (35 39) OPERACIONES SOBRE EL APARATO CARDIOVASCULAR
35.52,REPARACION DEFECTO TABIQUE AURICULA CON PROTESIS TECNICA CERRADA,35 OPERACIONES SOBRE VALVULAS Y TABIQUES DEL CORAZON,07. (35 39) OPERACIONES SOBRE EL APARATO CARDIOVASCULAR,07. (35 39) OPERACIONES SOBRE EL APARATO CARDIOVASCULAR
35.53,REPARACION DEFECTO TABIQUE VENTRICULO CON PROTESIS TECNICA ABIERTA,35 OPERACIONES SOBRE VALVULAS Y TABIQUES DEL CORAZON,07. (35 39) OPERACIONES SOBRE EL APARATO CARDIOVASCULAR,07. (35 39) OPERACIONES SOBRE EL APARATO CARDIOVASCULAR
35.54,REPARACION DEFECTO COJINETE ENDOCARDIO CON PROTESIS,35 OPERACIONES SOBRE VALVULAS Y TABIQUES DEL CORAZON,07. (35 39) OPERACIONES SOBRE EL APARATO CARDIOVASCULAR,07. (35 39) OPERACIONES SOBRE EL APARATO CARDIOVASCULAR
35.55,REPARACION DEFECTO TABIQUE VENTRICULAR CON PROTESIS TECNICA CERRADA,35 OPERACIONES SOBRE VALVULAS Y TABIQUES DEL CORAZON,07. (35 39) OPERACIONES SOBRE EL APARATO CARDIOVASCULAR,07. (35 39) OPERACIONES SOBRE EL APARATO CARDIOVASCULAR
35.6,REPARACION TABIQUE AURICULA Y VENTRICULO CON INJERTO,35 OPERACIONES SOBRE VALVULAS Y TABIQUES DEL CORAZON,07. (35 39) OPERACIONES SOBRE EL APARATO CARDIOVASCULAR,07. (35 39) OPERACIONES SOBRE EL APARATO CARDIOVASCULAR
35.60,REPARACION DEFECTO TABIQUE CORAZON NEOM CON INJERTO,35 OPERACIONES SOBRE VALVULAS Y TABIQUES DEL CORAZON,07. (35 39) OPERACIONES SOBRE EL APARATO CARDIOVASCULAR,07. (35 39) OPERACIONES SOBRE EL APARATO CARDIOVASCULAR
35.61,REPARACION DEFECTO TABIQUE AURICULA CON INJERTO,35 OPERACIONES SOBRE VALVULAS Y TABIQUES DEL CORAZON,07. (35 39) OPERACIONES SOBRE EL APARATO CARDIOVASCULAR,07. (35 39) OPERACIONES SOBRE EL APARATO CARDIOVASCULAR
35.62,REPARACION DEFECTO TABIQUE VENTRICULO CON INJERTO,35 OPERACIONES SOBRE VALVULAS Y TABIQUES DEL CORAZON,07. (35 39) OPERACIONES SOBRE EL APARATO CARDIOVASCULAR,07. (35 39) OPERACIONES SOBRE EL APARATO CARDIOVASCULAR
35.63,REPARACION DEFECTO COJINETE ENDOCARDIO CON INJERTO,35 OPERACIONES SOBRE VALVULAS Y TABIQUES DEL CORAZON,07. (35 39) OPERACIONES SOBRE EL APARATO CARDIOVASCULAR,07. (35 39) OPERACIONES SOBRE EL APARATO CARDIOVASCULAR
35.7,REPARACION TABIQUE AURICULA Y VENTRICULO OTRA Y NEOM,35 OPERACIONES SOBRE VALVULAS Y TABIQUES DEL CORAZON,07. (35 39) OPERACIONES SOBRE EL APARATO CARDIOVASCULAR,07. (35 39) OPERACIONES SOBRE EL APARATO CARDIOVASCULAR
35.70,REPARACION DEFECTO TABIQUE CORAZON OTRA Y NEOM,35 OPERACIONES SOBRE VALVULAS Y TABIQUES DEL CORAZON,07. (35 39) OPERACIONES SOBRE EL APARATO CARDIOVASCULAR,07. (35 39) OPERACIONES SOBRE EL APARATO CARDIOVASCULAR
35.71,REPARACION DEFECTO TABIQUE AURICULA OTRA Y NEOM,35 OPERACIONES SOBRE VALVULAS Y TABIQUES DEL CORAZON,07. (35 39) OPERACIONES SOBRE EL APARATO CARDIOVASCULAR,07. (35 39) OPERACIONES SOBRE EL APARATO CARDIOVASCULAR
35.72,REPARACION DEFECTO TABIQUE VENTRICULO OTRA Y NEOM,35 OPERACIONES SOBRE VALVULAS Y TABIQUES DEL CORAZON,07. (35 39) OPERACIONES SOBRE EL APARATO CARDIOVASCULAR,07. (35 39) OPERACIONES SOBRE EL APARATO CARDIOVASCULAR
35.73,REPARACION DEFECTO COJINETE ENDOCARDIO OTRA Y NEOM,35 OPERACIONES SOBRE VALVULAS Y TABIQUES DEL CORAZON,07. (35 39) OPERACIONES SOBRE EL APARATO CARDIOVASCULAR,07. (35 39) OPERACIONES SOBRE EL APARATO CARDIOVASCULAR
35.8,REPARACION ANOMALIA CONGENITA CORAZON TOTAL,35 OPERACIONES SOBRE VALVULAS Y TABIQUES DEL CORAZON,07. (35 39) OPERACIONES SOBRE EL APARATO CARDIOVASCULAR,07. (35 39) OPERACIONES SOBRE EL APARATO CARDIOVASCULAR
35.81,REPARACION TETRALOGIA DE FALLOT TOTAL,35 OPERACIONES SOBRE VALVULAS Y TABIQUES DEL CORAZON,07. (35 39) OPERACIONES SOBRE EL APARATO CARDIOVASCULAR,07. (35 39) OPERACIONES SOBRE EL APARATO CARDIOVASCULAR
35.82,REPARACION DRENAJE VENOSO PULMON ANOMALO TOTAL,35 OPERACIONES SOBRE VALVULAS Y TABIQUES DEL CORAZON,07. (35 39) OPERACIONES SOBRE EL APARATO CARDIOVASCULAR,07. (35 39) OPERACIONES SOBRE EL APARATO CARDIOVASCULAR
35.83,REPARACION TRONCO ARTERIOSO TOTAL,35 OPERACIONES SOBRE VALVULAS Y TABIQUES DEL CORAZON,07. (35 39) OPERACIONES SOBRE EL APARATO CARDIOVASCULAR,07. (35 39) OPERACIONES SOBRE EL APARATO CARDIOVASCULAR
35.84,CORRECCION TOTAL O TRASPOSICION GRANDES VASOS NCOC,35 OPERACIONES SOBRE VALVULAS Y TABIQUES DEL CORAZON,07. (35 39) OPERACIONES SOBRE EL APARATO CARDIOVASCULAR,07. (35 39) OPERACIONES SOBRE EL APARATO CARDIOVASCULAR
35.9,OPERACION VALVULA Y TABIQUE CORAZON OTRA,35 OPERACIONES SOBRE VALVULAS Y TABIQUES DEL CORAZON,07. (35 39) OPERACIONES SOBRE EL APARATO CARDIOVASCULAR,07. (35 39) OPERACIONES SOBRE EL APARATO CARDIOVASCULAR
35.91,TRANSPOSICION INTERAURICULAR RETORNO VENOSO,35 OPERACIONES SOBRE VALVULAS Y TABIQUES DEL CORAZON,07. (35 39) OPERACIONES SOBRE EL APARATO CARDIOVASCULAR,07. (35 39) OPERACIONES SOBRE EL APARATO CARDIOVASCULAR
35.92,CREACION CONDUCTO VENTRICULO DERECHO Y ARTERIA PULMONAR,35 OPERACIONES SOBRE VALVULAS Y TABIQUES DEL CORAZON,07. (35 39) OPERACIONES SOBRE EL APARATO CARDIOVASCULAR,07. (35 39) OPERACIONES SOBRE EL APARATO CARDIOVASCULAR
35.93,CREACION CONDUCTO VENTRICULO IZQUIERDO Y AORTA,35 OPERACIONES SOBRE VALVULAS Y TABIQUES DEL CORAZON,07. (35 39) OPERACIONES SOBRE EL APARATO CARDIOVASCULAR,07. (35 39) OPERACIONES SOBRE EL APARATO CARDIOVASCULAR
35.94,CREACION CONDUCTO AURICULA Y ARTERIA PUOLMONAR,35 OPERACIONES SOBRE VALVULAS Y TABIQUES DEL CORAZON,07. (35 39) OPERACIONES SOBRE EL APARATO CARDIOVASCULAR,07. (35 39) OPERACIONES SOBRE EL APARATO CARDIOVASCULAR
35.95,REVISION REPARACION CORAZON,35 OPERACIONES SOBRE VALVULAS Y TABIQUES DEL CORAZON,07. (35 39) OPERACIONES SOBRE EL APARATO CARDIOVASCULAR,07. (35 39) OPERACIONES SOBRE EL APARATO CARDIOVASCULAR
35.96,VALVULOPLASTIA CORAZON PERCUTANEA,35 OPERACIONES SOBRE VALVULAS Y TABIQUES DEL CORAZON,07. (35 39) OPERACIONES SOBRE EL APARATO CARDIOVASCULAR,07. (35 39) OPERACIONES SOBRE EL APARATO CARDIOVASCULAR
35.97,REPARACION VALVULA MITRAL CON IMPLANTE,35 OPERACIONES SOBRE VALVULAS Y TABIQUES DEL CORAZON,07. (35 39) OPERACIONES SOBRE EL APARATO CARDIOVASCULAR,07. (35 39) OPERACIONES SOBRE EL APARATO CARDIOVASCULAR
35.98,OPERACION TABIQUE CORAZON OTRA,35 OPERACIONES SOBRE VALVULAS Y TABIQUES DEL CORAZON,07. (35 39) OPERACIONES SOBRE EL APARATO CARDIOVASCULAR,07. (35 39) OPERACIONES SOBRE EL APARATO CARDIOVASCULAR
35.99,OPERACION VALVULA CORAZON OTRA,35 OPERACIONES SOBRE VALVULAS Y TABIQUES DEL CORAZON,07. (35 39) OPERACIONES SOBRE EL APARATO CARDIOVASCULAR,07. (35 39) OPERACIONES SOBRE EL APARATO CARDIOVASCULAR
36,OPERACION VASO CORAZON,36 OPERACIONES SOBRE VASOS CARDIACOS,07. (35 39) OPERACIONES SOBRE EL APARATO CARDIOVASCULAR,07. (35 39) OPERACIONES SOBRE EL APARATO CARDIOVASCULAR
36.0,DESOBSTRUCCION ARTERIA CORONARIA,36 OPERACIONES SOBRE VASOS CARDIACOS,07. (35 39) OPERACIONES SOBRE EL APARATO CARDIOVASCULAR,07. (35 39) OPERACIONES SOBRE EL APARATO CARDIOVASCULAR
36.03,ANGIOPLASTIA ARTERIA CORONARIA CON TORAX ABIERTO,36 OPERACIONES SOBRE VASOS CARDIACOS,07. (35 39) OPERACIONES SOBRE EL APARATO CARDIOVASCULAR,07. (35 39) OPERACIONES SOBRE EL APARATO CARDIOVASCULAR
36.04,INFUSION TROMBOLITICA ARTERIA CORONARIA,36 OPERACIONES SOBRE VASOS CARDIACOS,07. (35 39) OPERACIONES SOBRE EL APARATO CARDIOVASCULAR,07. (35 39) OPERACIONES SOBRE EL APARATO CARDIOVASCULAR
36.06,INSERCION STENT ARTERIAL NO CORONARIO SIN LIBERACION MEDICAMENTO,36 OPERACIONES SOBRE VASOS CARDIACOS,07. (35 39) OPERACIONES SOBRE EL APARATO CARDIOVASCULAR,07. (35 39) OPERACIONES SOBRE EL APARATO CARDIOVASCULAR
36.07,INSERCION STENT ARTERIAL CORONARIO CON LIBERACION MEDICAMENTO,36 OPERACIONES SOBRE VASOS CARDIACOS,07. (35 39) OPERACIONES SOBRE EL APARATO CARDIOVASCULAR,07. (35 39) OPERACIONES SOBRE EL APARATO CARDIOVASCULAR
36.09,ELIMINACION OBSTRUCCION ARTERIA CORONARIA OTRA,36 OPERACIONES SOBRE VASOS CARDIACOS,07. (35 39) OPERACIONES SOBRE EL APARATO CARDIOVASCULAR,07. (35 39) OPERACIONES SOBRE EL APARATO CARDIOVASCULAR
36.1,ANASTOMOSIS DERIVATIVA PARA REVASCULARICION CORAZON,36 OPERACIONES SOBRE VASOS CARDIACOS,07. (35 39) OPERACIONES SOBRE EL APARATO CARDIOVASCULAR,07. (35 39) OPERACIONES SOBRE EL APARATO CARDIOVASCULAR
36.10,DERIVACION AORTOCORONARIA NEOM,36 OPERACIONES SOBRE VASOS CARDIACOS,07. (35 39) OPERACIONES SOBRE EL APARATO CARDIOVASCULAR,07. (35 39) OPERACIONES SOBRE EL APARATO CARDIOVASCULAR
36.11,DERIVACION AORTOCORONARIA UNA ARTERIA CORONARIA,36 OPERACIONES SOBRE VASOS CARDIACOS,07. (35 39) OPERACIONES SOBRE EL APARATO CARDIOVASCULAR,07. (35 39) OPERACIONES SOBRE EL APARATO CARDIOVASCULAR
36.12,DERIVACION AORTOCORONARIA DOS ARTERIAS CORONARIAS,36 OPERACIONES SOBRE VASOS CARDIACOS,07. (35 39) OPERACIONES SOBRE EL APARATO CARDIOVASCULAR,07. (35 39) OPERACIONES SOBRE EL APARATO CARDIOVASCULAR
36.13,DERIVACION AORTOCORONARIA TRES ARTERIAS CORONARIAS,36 OPERACIONES SOBRE VASOS CARDIACOS,07. (35 39) OPERACIONES SOBRE EL APARATO CARDIOVASCULAR,07. (35 39) OPERACIONES SOBRE EL APARATO CARDIOVASCULAR
36.14,DERIVACION AORTOCORONARIA CUATRO ARTERIAS CORONARIAS,36 OPERACIONES SOBRE VASOS CARDIACOS,07. (35 39) OPERACIONES SOBRE EL APARATO CARDIOVASCULAR,07. (35 39) OPERACIONES SOBRE EL APARATO CARDIOVASCULAR
36.15,DERIVACION ARTERIA MAMARIA A CORONARIA SIMPLE,36 OPERACIONES SOBRE VASOS CARDIACOS,07. (35 39) OPERACIONES SOBRE EL APARATO CARDIOVASCULAR,07. (35 39) OPERACIONES SOBRE EL APARATO CARDIOVASCULAR
36.16,DERIVACION ARTERIA MAMARIA A CORONARIA DOBLE,36 OPERACIONES SOBRE VASOS CARDIACOS,07. (35 39) OPERACIONES SOBRE EL APARATO CARDIOVASCULAR,07. (35 39) OPERACIONES SOBRE EL APARATO CARDIOVASCULAR
36.17,DERIVACION ABDOMINOCORONARIA,36 OPERACIONES SOBRE VASOS CARDIACOS,07. (35 39) OPERACIONES SOBRE EL APARATO CARDIOVASCULAR,07. (35 39) OPERACIONES SOBRE EL APARATO CARDIOVASCULAR
36.19,ANASTOMOSIS DERIVATIVA PARA REVASCULARIZACION CORAZON.OTRA,36 OPERACIONES SOBRE VASOS CARDIACOS,07. (35 39) OPERACIONES SOBRE EL APARATO CARDIOVASCULAR,07. (35 39) OPERACIONES SOBRE EL APARATO CARDIOVASCULAR
36.2,REVASCULARIZACION CORAZON POR IMPLANTACION ARTERIAL,36 OPERACIONES SOBRE VASOS CARDIACOS,07. (35 39) OPERACIONES SOBRE EL APARATO CARDIOVASCULAR,07. (35 39) OPERACIONES SOBRE EL APARATO CARDIOVASCULAR
36.3,REVASCULARIZACION CORAZON OTRA,36 OPERACIONES SOBRE VASOS CARDIACOS,07. (35 39) OPERACIONES SOBRE EL APARATO CARDIOVASCULAR,07. (35 39) OPERACIONES SOBRE EL APARATO CARDIOVASCULAR
36.31,REVASCULARIZACION TRANSMIOCARDICA TORAX ABIERTO,36 OPERACIONES SOBRE VASOS CARDIACOS,07. (35 39) OPERACIONES SOBRE EL APARATO CARDIOVASCULAR,07. (35 39) OPERACIONES SOBRE EL APARATO CARDIOVASCULAR
36.32,REVASCULARIZACION TRANSMIOCARDICA OTRA,36 OPERACIONES SOBRE VASOS CARDIACOS,07. (35 39) OPERACIONES SOBRE EL APARATO CARDIOVASCULAR,07. (35 39) OPERACIONES SOBRE EL APARATO CARDIOVASCULAR
36.33,REVASCULARIZACION TRANSMIOCARDICA ENDOSCOPICA,36 OPERACIONES SOBRE VASOS CARDIACOS,07. (35 39) OPERACIONES SOBRE EL APARATO CARDIOVASCULAR,07. (35 39) OPERACIONES SOBRE EL APARATO CARDIOVASCULAR
36.34,REVASCULARIZACION TRANSMIOCARDICA PERCUTANEA,36 OPERACIONES SOBRE VASOS CARDIACOS,07. (35 39) OPERACIONES SOBRE EL APARATO CARDIOVASCULAR,07. (35 39) OPERACIONES SOBRE EL APARATO CARDIOVASCULAR
36.39,REVASCULARIZACION CORAZON OTRA.OTRA,36 OPERACIONES SOBRE VASOS CARDIACOS,07. (35 39) OPERACIONES SOBRE EL APARATO CARDIOVASCULAR,07. (35 39) OPERACIONES SOBRE EL APARATO CARDIOVASCULAR
36.9,OPERACION VASO CORAZON OTRA,36 OPERACIONES SOBRE VASOS CARDIACOS,07. (35 39) OPERACIONES SOBRE EL APARATO CARDIOVASCULAR,07. (35 39) OPERACIONES SOBRE EL APARATO CARDIOVASCULAR
36.91,REPARACION ANEURISMA VASO CORONARIO,36 OPERACIONES SOBRE VASOS CARDIACOS,07. (35 39) OPERACIONES SOBRE EL APARATO CARDIOVASCULAR,07. (35 39) OPERACIONES SOBRE EL APARATO CARDIOVASCULAR
36.99,OPERACION VASO CORAZON.OTRA,36 OPERACIONES SOBRE VASOS CARDIACOS,07. (35 39) OPERACIONES SOBRE EL APARATO CARDIOVASCULAR,07. (35 39) OPERACIONES SOBRE EL APARATO CARDIOVASCULAR
37,OPERACION CORAZON Y PERICARDIO OTRA,37 OTRAS OPERACIONES SOBRE CORAZON Y PERICARDIO,07. (35 39) OPERACIONES SOBRE EL APARATO CARDIOVASCULAR,07. (35 39) OPERACIONES SOBRE EL APARATO CARDIOVASCULAR
37.0,PERICARDIOCENTESIS,37 OTRAS OPERACIONES SOBRE CORAZON Y PERICARDIO,07. (35 39) OPERACIONES SOBRE EL APARATO CARDIOVASCULAR,07. (35 39) OPERACIONES SOBRE EL APARATO CARDIOVASCULAR
37.1,CARDIOTOMIA Y PERICARDIOTOMIA,37 OTRAS OPERACIONES SOBRE CORAZON Y PERICARDIO,07. (35 39) OPERACIONES SOBRE EL APARATO CARDIOVASCULAR,07. (35 39) OPERACIONES SOBRE EL APARATO CARDIOVASCULAR
37.10,INCISION CORAZON NEOM,37 OTRAS OPERACIONES SOBRE CORAZON Y PERICARDIO,07. (35 39) OPERACIONES SOBRE EL APARATO CARDIOVASCULAR,07. (35 39) OPERACIONES SOBRE EL APARATO CARDIOVASCULAR
37.11,CARDIOTOMIA,37 OTRAS OPERACIONES SOBRE CORAZON Y PERICARDIO,07. (35 39) OPERACIONES SOBRE EL APARATO CARDIOVASCULAR,07. (35 39) OPERACIONES SOBRE EL APARATO CARDIOVASCULAR
37.12,PERICARDIOTOMIA,37 OTRAS OPERACIONES SOBRE CORAZON Y PERICARDIO,07. (35 39) OPERACIONES SOBRE EL APARATO CARDIOVASCULAR,07. (35 39) OPERACIONES SOBRE EL APARATO CARDIOVASCULAR
37.2,PROCEDIMIENTO DIAGNOSTICO CORAZON Y PERICARDIO,37 OTRAS OPERACIONES SOBRE CORAZON Y PERICARDIO,07. (35 39) OPERACIONES SOBRE EL APARATO CARDIOVASCULAR,07. (35 39) OPERACIONES SOBRE EL APARATO CARDIOVASCULAR
37.20,ESTIMULACION ELECTRICA PROGRAMADA NO INVASIVA (NIPS),37 OTRAS OPERACIONES SOBRE CORAZON Y PERICARDIO,07. (35 39) OPERACIONES SOBRE EL APARATO CARDIOVASCULAR,07. (35 39) OPERACIONES SOBRE EL APARATO CARDIOVASCULAR
37.21,CATETERISMO CORAZON LADO DERECHO,37 OTRAS OPERACIONES SOBRE CORAZON Y PERICARDIO,07. (35 39) OPERACIONES SOBRE EL APARATO CARDIOVASCULAR,07. (35 39) OPERACIONES SOBRE EL APARATO CARDIOVASCULAR
37.22,CATETERISMO CORAZON LADO IZQUIERDO,37 OTRAS OPERACIONES SOBRE CORAZON Y PERICARDIO,07. (35 39) OPERACIONES SOBRE EL APARATO CARDIOVASCULAR,07. (35 39) OPERACIONES SOBRE EL APARATO CARDIOVASCULAR
37.23,CATETERISMO CORAZON COMBINADO LADO DERECHO E IZQUIERDO,37 OTRAS OPERACIONES SOBRE CORAZON Y PERICARDIO,07. (35 39) OPERACIONES SOBRE EL APARATO CARDIOVASCULAR,07. (35 39) OPERACIONES SOBRE EL APARATO CARDIOVASCULAR
37.24,BIOPSIA PERICARDIO,37 OTRAS OPERACIONES SOBRE CORAZON Y PERICARDIO,07. (35 39) OPERACIONES SOBRE EL APARATO CARDIOVASCULAR,07. (35 39) OPERACIONES SOBRE EL APARATO CARDIOVASCULAR
37.25,BIOPSIA CORAZON,37 OTRAS OPERACIONES SOBRE CORAZON Y PERICARDIO,07. (35 39) OPERACIONES SOBRE EL APARATO CARDIOVASCULAR,07. (35 39) OPERACIONES SOBRE EL APARATO CARDIOVASCULAR
37.26,ESTIMULACION CORAZON ELECTROFISIOLOGICA Y ESTUDIO REGISTRO,37 OTRAS OPERACIONES SOBRE CORAZON Y PERICARDIO,07. (35 39) OPERACIONES SOBRE EL APARATO CARDIOVASCULAR,07. (35 39) OPERACIONES SOBRE EL APARATO CARDIOVASCULAR
37.27,CHEQUEO CORAZON,37 OTRAS OPERACIONES SOBRE CORAZON Y PERICARDIO,07. (35 39) OPERACIONES SOBRE EL APARATO CARDIOVASCULAR,07. (35 39) OPERACIONES SOBRE EL APARATO CARDIOVASCULAR
37.28,ECOCARDIOGRAFIA INTRACARDIACA,37 OTRAS OPERACIONES SOBRE CORAZON Y PERICARDIO,07. (35 39) OPERACIONES SOBRE EL APARATO CARDIOVASCULAR,07. (35 39) OPERACIONES SOBRE EL APARATO CARDIOVASCULAR
37.29,PROCEDIMIENTO DIAGNOSTICO CORAZON Y PERICARDIO.OTRO,37 OTRAS OPERACIONES SOBRE CORAZON Y PERICARDIO,07. (35 39) OPERACIONES SOBRE EL APARATO CARDIOVASCULAR,07. (35 39) OPERACIONES SOBRE EL APARATO CARDIOVASCULAR
37.3,PERICARDIECTOMIA Y ESCISION LESION CORAZON,37 OTRAS OPERACIONES SOBRE CORAZON Y PERICARDIO,07. (35 39) OPERACIONES SOBRE EL APARATO CARDIOVASCULAR,07. (35 39) OPERACIONES SOBRE EL APARATO CARDIOVASCULAR
37.31,PERICARDIECTOMIA,37 OTRAS OPERACIONES SOBRE CORAZON Y PERICARDIO,07. (35 39) OPERACIONES SOBRE EL APARATO CARDIOVASCULAR,07. (35 39) OPERACIONES SOBRE EL APARATO CARDIOVASCULAR
37.32,ESCISION ANEURISMA CORAZON,37 OTRAS OPERACIONES SOBRE CORAZON Y PERICARDIO,07. (35 39) OPERACIONES SOBRE EL APARATO CARDIOVASCULAR,07. (35 39) OPERACIONES SOBRE EL APARATO CARDIOVASCULAR
37.33,ESCISION LESION CORAZON ABORDAJE ABIERTO OTRA,37 OTRAS OPERACIONES SOBRE CORAZON Y PERICARDIO,07. (35 39) OPERACIONES SOBRE EL APARATO CARDIOVASCULAR,07. (35 39) OPERACIONES SOBRE EL APARATO CARDIOVASCULAR
37.34,ESCISION LESION CORAZON ABORDAJE ENDOVASCULAR OTRA,37 OTRAS OPERACIONES SOBRE CORAZON Y PERICARDIO,07. (35 39) OPERACIONES SOBRE EL APARATO CARDIOVASCULAR,07. (35 39) OPERACIONES SOBRE EL APARATO CARDIOVASCULAR
37.35,VENTRICULECTOMIA PARCIAL,37 OTRAS OPERACIONES SOBRE CORAZON Y PERICARDIO,07. (35 39) OPERACIONES SOBRE EL APARATO CARDIOVASCULAR,07. (35 39) OPERACIONES SOBRE EL APARATO CARDIOVASCULAR
37.36,ESCISION O DESTRUCCION OREJUELA AURICULAR IZQUIERDA,37 OTRAS OPERACIONES SOBRE CORAZON Y PERICARDIO,07. (35 39) OPERACIONES SOBRE EL APARATO CARDIOVASCULAR,07. (35 39) OPERACIONES SOBRE EL APARATO CARDIOVASCULAR
37.37,ESCISION LESION O TEJIDO CORAZON ABOARAJE TORACOSCOPICO OTRA,37 OTRAS OPERACIONES SOBRE CORAZON Y PERICARDIO,07. (35 39) OPERACIONES SOBRE EL APARATO CARDIOVASCULAR,07. (35 39) OPERACIONES SOBRE EL APARATO CARDIOVASCULAR
37.4,REPARACION CORAZON Y PERICARDIO,37 OTRAS OPERACIONES SOBRE CORAZON Y PERICARDIO,07. (35 39) OPERACIONES SOBRE EL APARATO CARDIOVASCULAR,07. (35 39) OPERACIONES SOBRE EL APARATO CARDIOVASCULAR
37.41,IMPLANTACION DISPOSITIVO SOPORTE CARDIACO PROTESICO ALREDEDOR CORAZON,37 OTRAS OPERACIONES SOBRE CORAZON Y PERICARDIO,07. (35 39) OPERACIONES SOBRE EL APARATO CARDIOVASCULAR,07. (35 39) OPERACIONES SOBRE EL APARATO CARDIOVASCULAR
37.49,REPARACION CORAZON Y PERICARDIO.OTRA,37 OTRAS OPERACIONES SOBRE CORAZON Y PERICARDIO,07. (35 39) OPERACIONES SOBRE EL APARATO CARDIOVASCULAR,07. (35 39) OPERACIONES SOBRE EL APARATO CARDIOVASCULAR
37.5,SUSTITUCION CORAZON,37 OTRAS OPERACIONES SOBRE CORAZON Y PERICARDIO,07. (35 39) OPERACIONES SOBRE EL APARATO CARDIOVASCULAR,07. (35 39) OPERACIONES SOBRE EL APARATO CARDIOVASCULAR
37.51,TRASPLANTE CARDIACO,37 OTRAS OPERACIONES SOBRE CORAZON Y PERICARDIO,07. (35 39) OPERACIONES SOBRE EL APARATO CARDIOVASCULAR,07. (35 39) OPERACIONES SOBRE EL APARATO CARDIOVASCULAR
37.52,IMPLANTE SISTEMA SUSTITUCION CORAZON TOTAL,37 OTRAS OPERACIONES SOBRE CORAZON Y PERICARDIO,07. (35 39) OPERACIONES SOBRE EL APARATO CARDIOVASCULAR,07. (35 39) OPERACIONES SOBRE EL APARATO CARDIOVASCULAR
37.53,SUSTITUCION O REPARACION SISTEMA SUSTITUCION CORAZON UNIDAD TORACICA,37 OTRAS OPERACIONES SOBRE CORAZON Y PERICARDIO,07. (35 39) OPERACIONES SOBRE EL APARATO CARDIOVASCULAR,07. (35 39) OPERACIONES SOBRE EL APARATO CARDIOVASCULAR
37.54,SUSTITUCION O REPARACION SISTEMA SUSTITUCION CORAZON OTRO COMPONENTE,37 OTRAS OPERACIONES SOBRE CORAZON Y PERICARDIO,07. (35 39) OPERACIONES SOBRE EL APARATO CARDIOVASCULAR,07. (35 39) OPERACIONES SOBRE EL APARATO CARDIOVASCULAR
37.55,EXTRACCION SISTEMA INTERNO SUSTITUCION CARDIACO BIVENTRICULAR,37 OTRAS OPERACIONES SOBRE CORAZON Y PERICARDIO,07. (35 39) OPERACIONES SOBRE EL APARATO CARDIOVASCULAR,07. (35 39) OPERACIONES SOBRE EL APARATO CARDIOVASCULAR
37.6,IMPLANTACION SISTEMA ASISTENCIA CORAZON,37 OTRAS OPERACIONES SOBRE CORAZON Y PERICARDIO,07. (35 39) OPERACIONES SOBRE EL APARATO CARDIOVASCULAR,07. (35 39) OPERACIONES SOBRE EL APARATO CARDIOVASCULAR
37.60,INSERCION SISTEMA EXTERNO ASISTENCIA CARDIACA BIVENTRICULAR,37 OTRAS OPERACIONES SOBRE CORAZON Y PERICARDIO,07. (35 39) OPERACIONES SOBRE EL APARATO CARDIOVASCULAR,07. (35 39) OPERACIONES SOBRE EL APARATO CARDIOVASCULAR
37.61,IMPLANTACION BALON CONTRAPULSACION CORAZON,37 OTRAS OPERACIONES SOBRE CORAZON Y PERICARDIO,07. (35 39) OPERACIONES SOBRE EL APARATO CARDIOVASCULAR,07. (35 39) OPERACIONES SOBRE EL APARATO CARDIOVASCULAR
37.62,INSERCION DISPOSITIVO CIRCULATORIO EXTRACORPOREO TEMPORAL NO IMPLANTABLE,37 OTRAS OPERACIONES SOBRE CORAZON Y PERICARDIO,07. (35 39) OPERACIONES SOBRE EL APARATO CARDIOVASCULAR,07. (35 39) OPERACIONES SOBRE EL APARATO CARDIOVASCULAR
37.63,REPARACION SISTEMA ASISTENCIA CORAZON,37 OTRAS OPERACIONES SOBRE CORAZON Y PERICARDIO,07. (35 39) OPERACIONES SOBRE EL APARATO CARDIOVASCULAR,07. (35 39) OPERACIONES SOBRE EL APARATO CARDIOVASCULAR
37.64,EXTRACCION SISTEMA EXTERNO ASISTENCIA CORAZON,37 OTRAS OPERACIONES SOBRE CORAZON Y PERICARDIO,07. (35 39) OPERACIONES SOBRE EL APARATO CARDIOVASCULAR,07. (35 39) OPERACIONES SOBRE EL APARATO CARDIOVASCULAR
37.65,IMPLANTACION SISTEMA EXTERNO ASISTENCIA CARDIACA UNIVENTRICULAR,37 OTRAS OPERACIONES SOBRE CORAZON Y PERICARDIO,07. (35 39) OPERACIONES SOBRE EL APARATO CARDIOVASCULAR,07. (35 39) OPERACIONES SOBRE EL APARATO CARDIOVASCULAR
37.66,INSERCION SISTEMA ASISTENCIA CORAZON INTERNO,37 OTRAS OPERACIONES SOBRE CORAZON Y PERICARDIO,07. (35 39) OPERACIONES SOBRE EL APARATO CARDIOVASCULAR,07. (35 39) OPERACIONES SOBRE EL APARATO CARDIOVASCULAR
37.67,IMPLANTACION SISTEMA CARDIOESTIMULACION,37 OTRAS OPERACIONES SOBRE CORAZON Y PERICARDIO,07. (35 39) OPERACIONES SOBRE EL APARATO CARDIOVASCULAR,07. (35 39) OPERACIONES SOBRE EL APARATO CARDIOVASCULAR
37.68,INSERCION DISPOSITIVO ASISTENCIA CORAZON EXTERNO PERCUTANEO,37 OTRAS OPERACIONES SOBRE CORAZON Y PERICARDIO,07. (35 39) OPERACIONES SOBRE EL APARATO CARDIOVASCULAR,07. (35 39) OPERACIONES SOBRE EL APARATO CARDIOVASCULAR
37.7,IMPLANTACION ELECTRODO MARCAPASOS Y MARCAPASOS TEMPORAL,37 OTRAS OPERACIONES SOBRE CORAZON Y PERICARDIO,07. (35 39) OPERACIONES SOBRE EL APARATO CARDIOVASCULAR,07. (35 39) OPERACIONES SOBRE EL APARATO CARDIOVASCULAR
37.70,IMPLANTACION ELECTRODO MARCAPASOS NEOM,37 OTRAS OPERACIONES SOBRE CORAZON Y PERICARDIO,07. (35 39) OPERACIONES SOBRE EL APARATO CARDIOVASCULAR,07. (35 39) OPERACIONES SOBRE EL APARATO CARDIOVASCULAR
37.71,IMPLANTACION ELECTRODO MARCAPASOS VENTRICULO,37 OTRAS OPERACIONES SOBRE CORAZON Y PERICARDIO,07. (35 39) OPERACIONES SOBRE EL APARATO CARDIOVASCULAR,07. (35 39) OPERACIONES SOBRE EL APARATO CARDIOVASCULAR
37.72,IMPLANTACION ELECTRODO MARCAPASOS AURICULA Y VENTRICULO,37 OTRAS OPERACIONES SOBRE CORAZON Y PERICARDIO,07. (35 39) OPERACIONES SOBRE EL APARATO CARDIOVASCULAR,07. (35 39) OPERACIONES SOBRE EL APARATO CARDIOVASCULAR
37.73,IMPLANTACION ELECTRODO MARCAPASOS ATRIO,37 OTRAS OPERACIONES SOBRE CORAZON Y PERICARDIO,07. (35 39) OPERACIONES SOBRE EL APARATO CARDIOVASCULAR,07. (35 39) OPERACIONES SOBRE EL APARATO CARDIOVASCULAR
37.74,IMPLANTACION ELECTRODO MARCAPASOS EPICARDIO,37 OTRAS OPERACIONES SOBRE CORAZON Y PERICARDIO,07. (35 39) OPERACIONES SOBRE EL APARATO CARDIOVASCULAR,07. (35 39) OPERACIONES SOBRE EL APARATO CARDIOVASCULAR
37.75,REVISION ELECTRODO MARCAPASOS,37 OTRAS OPERACIONES SOBRE CORAZON Y PERICARDIO,07. (35 39) OPERACIONES SOBRE EL APARATO CARDIOVASCULAR,07. (35 39) OPERACIONES SOBRE EL APARATO CARDIOVASCULAR
37.76,SUSTITUCION ELECTRODO MARCAPASOS AURICULA Y VENTRICULO,37 OTRAS OPERACIONES SOBRE CORAZON Y PERICARDIO,07. (35 39) OPERACIONES SOBRE EL APARATO CARDIOVASCULAR,07. (35 39) OPERACIONES SOBRE EL APARATO CARDIOVASCULAR
37.77,ELIMINACION ELECTRODO MARCAPASOS SIN SUSTITUCION,37 OTRAS OPERACIONES SOBRE CORAZON Y PERICARDIO,07. (35 39) OPERACIONES SOBRE EL APARATO CARDIOVASCULAR,07. (35 39) OPERACIONES SOBRE EL APARATO CARDIOVASCULAR
37.78,IMPLANTACION MARCAPASOS TRANSVENOSO TEMPORAL,37 OTRAS OPERACIONES SOBRE CORAZON Y PERICARDIO,07. (35 39) OPERACIONES SOBRE EL APARATO CARDIOVASCULAR,07. (35 39) OPERACIONES SOBRE EL APARATO CARDIOVASCULAR
37.79,REVISION RECEPTACULO MARCAPASOS,37 OTRAS OPERACIONES SOBRE CORAZON Y PERICARDIO,07. (35 39) OPERACIONES SOBRE EL APARATO CARDIOVASCULAR,07. (35 39) OPERACIONES SOBRE EL APARATO CARDIOVASCULAR
37.8,"INSERCION,REVISION Y ELIMINACION MARCAPASOS CORAZON",37 OTRAS OPERACIONES SOBRE CORAZON Y PERICARDIO,07. (35 39) OPERACIONES SOBRE EL APARATO CARDIOVASCULAR,07. (35 39) OPERACIONES SOBRE EL APARATO CARDIOVASCULAR
37.80,IMPLANTACION MARCAPASOS PERMANENTE NEOM,37 OTRAS OPERACIONES SOBRE CORAZON Y PERICARDIO,07. (35 39) OPERACIONES SOBRE EL APARATO CARDIOVASCULAR,07. (35 39) OPERACIONES SOBRE EL APARATO CARDIOVASCULAR
37.81,IMPLANTACION MARCAPASOS CAMARA UNICA NEOM,37 OTRAS OPERACIONES SOBRE CORAZON Y PERICARDIO,07. (35 39) OPERACIONES SOBRE EL APARATO CARDIOVASCULAR,07. (35 39) OPERACIONES SOBRE EL APARATO CARDIOVASCULAR
37.82,IMPLANTACION MARCAPASOS CAMARA UNICA RITMO SENSIBLE,37 OTRAS OPERACIONES SOBRE CORAZON Y PERICARDIO,07. (35 39) OPERACIONES SOBRE EL APARATO CARDIOVASCULAR,07. (35 39) OPERACIONES SOBRE EL APARATO CARDIOVASCULAR
37.83,IMPLANTACION MARCAPASOS CAMARA DOBLE,37 OTRAS OPERACIONES SOBRE CORAZON Y PERICARDIO,07. (35 39) OPERACIONES SOBRE EL APARATO CARDIOVASCULAR,07. (35 39) OPERACIONES SOBRE EL APARATO CARDIOVASCULAR
37.85,SUSTITUCION MARCAPASOS CAMARA UNICA NEOM,37 OTRAS OPERACIONES SOBRE CORAZON Y PERICARDIO,07. (35 39) OPERACIONES SOBRE EL APARATO CARDIOVASCULAR,07. (35 39) OPERACIONES SOBRE EL APARATO CARDIOVASCULAR
37.86,SUSTITUCION MARCAPASOS CAMARA UNICA RITMO SENSIBLE,37 OTRAS OPERACIONES SOBRE CORAZON Y PERICARDIO,07. (35 39) OPERACIONES SOBRE EL APARATO CARDIOVASCULAR,07. (35 39) OPERACIONES SOBRE EL APARATO CARDIOVASCULAR
37.87,SUSTITUCION MARCAPASOS CAMARA DOBLE,37 OTRAS OPERACIONES SOBRE CORAZON Y PERICARDIO,07. (35 39) OPERACIONES SOBRE EL APARATO CARDIOVASCULAR,07. (35 39) OPERACIONES SOBRE EL APARATO CARDIOVASCULAR
37.89,REVISION O ELIMINACION MARCAPASOS CORAZON,37 OTRAS OPERACIONES SOBRE CORAZON Y PERICARDIO,07. (35 39) OPERACIONES SOBRE EL APARATO CARDIOVASCULAR,07. (35 39) OPERACIONES SOBRE EL APARATO CARDIOVASCULAR
37.9,OPERACION CORAZON Y PERICARDIO OTRA,37 OTRAS OPERACIONES SOBRE CORAZON Y PERICARDIO,07. (35 39) OPERACIONES SOBRE EL APARATO CARDIOVASCULAR,07. (35 39) OPERACIONES SOBRE EL APARATO CARDIOVASCULAR
37.90,INSERCION DISPOSITIVO APENDICE AURICULAR CORAZON,37 OTRAS OPERACIONES SOBRE CORAZON Y PERICARDIO,07. (35 39) OPERACIONES SOBRE EL APARATO CARDIOVASCULAR,07. (35 39) OPERACIONES SOBRE EL APARATO CARDIOVASCULAR
37.91,MASAJE CORAZON A TORAX ABIERTO,37 OTRAS OPERACIONES SOBRE CORAZON Y PERICARDIO,07. (35 39) OPERACIONES SOBRE EL APARATO CARDIOVASCULAR,07. (35 39) OPERACIONES SOBRE EL APARATO CARDIOVASCULAR
37.92,INYECCION SUSTANCIA TERAPEUTICA INTRACARDIACA,37 OTRAS OPERACIONES SOBRE CORAZON Y PERICARDIO,07. (35 39) OPERACIONES SOBRE EL APARATO CARDIOVASCULAR,07. (35 39) OPERACIONES SOBRE EL APARATO CARDIOVASCULAR
37.93,INYECCION SUSTANCIA TERAPEUTICA PERICARDIO,37 OTRAS OPERACIONES SOBRE CORAZON Y PERICARDIO,07. (35 39) OPERACIONES SOBRE EL APARATO CARDIOVASCULAR,07. (35 39) OPERACIONES SOBRE EL APARATO CARDIOVASCULAR
37.94,IMPLANTACION CARDIOVERSOR/DESFIBRILADOR AUTOMATICO [AICD],37 OTRAS OPERACIONES SOBRE CORAZON Y PERICARDIO,07. (35 39) OPERACIONES SOBRE EL APARATO CARDIOVASCULAR,07. (35 39) OPERACIONES SOBRE EL APARATO CARDIOVASCULAR
37.95,IMPLANTACION CARDIOVERSOR/DESFIBRILADOR AUTOMATICO ELECTRODO,37 OTRAS OPERACIONES SOBRE CORAZON Y PERICARDIO,07. (35 39) OPERACIONES SOBRE EL APARATO CARDIOVASCULAR,07. (35 39) OPERACIONES SOBRE EL APARATO CARDIOVASCULAR
37.96,IMPLANTACION CARDIOVERSOR/DESFIBRILADOR GENERADOR PULSO,37 OTRAS OPERACIONES SOBRE CORAZON Y PERICARDIO,07. (35 39) OPERACIONES SOBRE EL APARATO CARDIOVASCULAR,07. (35 39) OPERACIONES SOBRE EL APARATO CARDIOVASCULAR
37.97,SUSTITUCION CARDIOVERSOR/DESFIBRILADOR AUTOMATICO ELECTRODO,37 OTRAS OPERACIONES SOBRE CORAZON Y PERICARDIO,07. (35 39) OPERACIONES SOBRE EL APARATO CARDIOVASCULAR,07. (35 39) OPERACIONES SOBRE EL APARATO CARDIOVASCULAR
37.98,SUSTITUCION CARDIOVERSOR/DESFIBRILADOR GENERADOR DE PULSO,37 OTRAS OPERACIONES SOBRE CORAZON Y PERICARDIO,07. (35 39) OPERACIONES SOBRE EL APARATO CARDIOVASCULAR,07. (35 39) OPERACIONES SOBRE EL APARATO CARDIOVASCULAR
37.99,OPERACION CORAZON Y PERICARDIO.OTRA,37 OTRAS OPERACIONES SOBRE CORAZON Y PERICARDIO,07. (35 39) OPERACIONES SOBRE EL APARATO CARDIOVASCULAR,07. (35 39) OPERACIONES SOBRE EL APARATO CARDIOVASCULAR
38,"INCISION,ESCISION Y OCLUSION VASO SANGUINEO","38 INCISION, EXCISION Y OCLUSION DE VASOS",07. (35 39) OPERACIONES SOBRE EL APARATO CARDIOVASCULAR,07. (35 39) OPERACIONES SOBRE EL APARATO CARDIOVASCULAR
38.0,INCISION VASO SANGUINEO,"38 INCISION, EXCISION Y OCLUSION DE VASOS",07. (35 39) OPERACIONES SOBRE EL APARATO CARDIOVASCULAR,07. (35 39) OPERACIONES SOBRE EL APARATO CARDIOVASCULAR
38.00,INCISION VASO SANGUINEO.NEOM,"38 INCISION, EXCISION Y OCLUSION DE VASOS",07. (35 39) OPERACIONES SOBRE EL APARATO CARDIOVASCULAR,07. (35 39) OPERACIONES SOBRE EL APARATO CARDIOVASCULAR
38.01,INCISION VASO INTRACRANEAL,"38 INCISION, EXCISION Y OCLUSION DE VASOS",07. (35 39) OPERACIONES SOBRE EL APARATO CARDIOVASCULAR,07. (35 39) OPERACIONES SOBRE EL APARATO CARDIOVASCULAR
38.02,INCISION VASO CABEZA Y CUELLO OTRO,"38 INCISION, EXCISION Y OCLUSION DE VASOS",07. (35 39) OPERACIONES SOBRE EL APARATO CARDIOVASCULAR,07. (35 39) OPERACIONES SOBRE EL APARATO CARDIOVASCULAR
38.03,INCISION VASO MIEMBRO SUPERIOR,"38 INCISION, EXCISION Y OCLUSION DE VASOS",07. (35 39) OPERACIONES SOBRE EL APARATO CARDIOVASCULAR,07. (35 39) OPERACIONES SOBRE EL APARATO CARDIOVASCULAR
38.04,INCISION ARTERIA AORTA,"38 INCISION, EXCISION Y OCLUSION DE VASOS",07. (35 39) OPERACIONES SOBRE EL APARATO CARDIOVASCULAR,07. (35 39) OPERACIONES SOBRE EL APARATO CARDIOVASCULAR
38.05,INCISION VASO TORACICO OTRO,"38 INCISION, EXCISION Y OCLUSION DE VASOS",07. (35 39) OPERACIONES SOBRE EL APARATO CARDIOVASCULAR,07. (35 39) OPERACIONES SOBRE EL APARATO CARDIOVASCULAR
38.06,INCISION ARTERIA ABDOMINAL,"38 INCISION, EXCISION Y OCLUSION DE VASOS",07. (35 39) OPERACIONES SOBRE EL APARATO CARDIOVASCULAR,07. (35 39) OPERACIONES SOBRE EL APARATO CARDIOVASCULAR
38.07,INCISION VENA ABDOMINAL,"38 INCISION, EXCISION Y OCLUSION DE VASOS",07. (35 39) OPERACIONES SOBRE EL APARATO CARDIOVASCULAR,07. (35 39) OPERACIONES SOBRE EL APARATO CARDIOVASCULAR
38.08,INCISION ARTERIA MIEMBRO INFERIOR,"38 INCISION, EXCISION Y OCLUSION DE VASOS",07. (35 39) OPERACIONES SOBRE EL APARATO CARDIOVASCULAR,07. (35 39) OPERACIONES SOBRE EL APARATO CARDIOVASCULAR
38.09,INCISION VENA MIEMBRO INFERIOR,"38 INCISION, EXCISION Y OCLUSION DE VASOS",07. (35 39) OPERACIONES SOBRE EL APARATO CARDIOVASCULAR,07. (35 39) OPERACIONES SOBRE EL APARATO CARDIOVASCULAR
38.1,ENDARTERECTOMIA,"38 INCISION, EXCISION Y OCLUSION DE VASOS",07. (35 39) OPERACIONES SOBRE EL APARATO CARDIOVASCULAR,07. (35 39) OPERACIONES SOBRE EL APARATO CARDIOVASCULAR
38.10,ENDARTERECTOMIA ARTERIA NEOM,"38 INCISION, EXCISION Y OCLUSION DE VASOS",07. (35 39) OPERACIONES SOBRE EL APARATO CARDIOVASCULAR,07. (35 39) OPERACIONES SOBRE EL APARATO CARDIOVASCULAR
38.11,ENDARTERECTOMIA ARTERIA INTRACRANEAL,"38 INCISION, EXCISION Y OCLUSION DE VASOS",07. (35 39) OPERACIONES SOBRE EL APARATO CARDIOVASCULAR,07. (35 39) OPERACIONES SOBRE EL APARATO CARDIOVASCULAR
38.12,ENDARTERECTOMIA ARTERIA CABEZA Y CUELLO OTRA,"38 INCISION, EXCISION Y OCLUSION DE VASOS",07. (35 39) OPERACIONES SOBRE EL APARATO CARDIOVASCULAR,07. (35 39) OPERACIONES SOBRE EL APARATO CARDIOVASCULAR
38.13,ENDARTERECTOMIA ARTERIA MIEMBRO SUPERIOR,"38 INCISION, EXCISION Y OCLUSION DE VASOS",07. (35 39) OPERACIONES SOBRE EL APARATO CARDIOVASCULAR,07. (35 39) OPERACIONES SOBRE EL APARATO CARDIOVASCULAR
38.14,ENDARTERECTOMIA ARTERIA AORTA,"38 INCISION, EXCISION Y OCLUSION DE VASOS",07. (35 39) OPERACIONES SOBRE EL APARATO CARDIOVASCULAR,07. (35 39) OPERACIONES SOBRE EL APARATO CARDIOVASCULAR
38.15,ENDARTERECTOMIA ARTERIA TORACICA OTRA,"38 INCISION, EXCISION Y OCLUSION DE VASOS",07. (35 39) OPERACIONES SOBRE EL APARATO CARDIOVASCULAR,07. (35 39) OPERACIONES SOBRE EL APARATO CARDIOVASCULAR
38.16,ENDARTERECTOMIA ARTERIA ABDOMINAL,"38 INCISION, EXCISION Y OCLUSION DE VASOS",07. (35 39) OPERACIONES SOBRE EL APARATO CARDIOVASCULAR,07. (35 39) OPERACIONES SOBRE EL APARATO CARDIOVASCULAR
38.18,ENDARTERECTOMIA ARTERIA MIEMBRO INFERIOR,"38 INCISION, EXCISION Y OCLUSION DE VASOS",07. (35 39) OPERACIONES SOBRE EL APARATO CARDIOVASCULAR,07. (35 39) OPERACIONES SOBRE EL APARATO CARDIOVASCULAR
38.2,PROCEDIMIENTO DIAGNOSTICO VASO SANGUINEO,"38 INCISION, EXCISION Y OCLUSION DE VASOS",07. (35 39) OPERACIONES SOBRE EL APARATO CARDIOVASCULAR,07. (35 39) OPERACIONES SOBRE EL APARATO CARDIOVASCULAR
38.21,BIOPSIA VASO SANGUINEO,"38 INCISION, EXCISION Y OCLUSION DE VASOS",07. (35 39) OPERACIONES SOBRE EL APARATO CARDIOVASCULAR,07. (35 39) OPERACIONES SOBRE EL APARATO CARDIOVASCULAR
38.22,ANGIOSCOPIA PERCUTANEA,"38 INCISION, EXCISION Y OCLUSION DE VASOS",07. (35 39) OPERACIONES SOBRE EL APARATO CARDIOVASCULAR,07. (35 39) OPERACIONES SOBRE EL APARATO CARDIOVASCULAR
38.23,ESPECTROSCOPIA INTRAVASCULAR,"38 INCISION, EXCISION Y OCLUSION DE VASOS",07. (35 39) OPERACIONES SOBRE EL APARATO CARDIOVASCULAR,07. (35 39) OPERACIONES SOBRE EL APARATO CARDIOVASCULAR
38.24,IMAGEN INTRAVACULAR VASO CORONARIO POR TOMOGRAFIA COHERENCIA OPTICA,"38 INCISION, EXCISION Y OCLUSION DE VASOS",07. (35 39) OPERACIONES SOBRE EL APARATO CARDIOVASCULAR,07. (35 39) OPERACIONES SOBRE EL APARATO CARDIOVASCULAR
38.25,IMAGEN INTRAVACULAR VASO NO CORONARIO POR TOMOGRAFIA COHERENCIA OPTICA,"38 INCISION, EXCISION Y OCLUSION DE VASOS",07. (35 39) OPERACIONES SOBRE EL APARATO CARDIOVASCULAR,07. (35 39) OPERACIONES SOBRE EL APARATO CARDIOVASCULAR
38.26,INSERCION SENSOR PRESION IMPLANTABLE PARA MONITORIZACION CORAZON O GRANDES VASOS,"38 INCISION, EXCISION Y OCLUSION DE VASOS",07. (35 39) OPERACIONES SOBRE EL APARATO CARDIOVASCULAR,07. (35 39) OPERACIONES SOBRE EL APARATO CARDIOVASCULAR
38.29,PROCEDIMIENTO DIAGNOSTICO VASO SANGUINEO.OTRO,"38 INCISION, EXCISION Y OCLUSION DE VASOS",07. (35 39) OPERACIONES SOBRE EL APARATO CARDIOVASCULAR,07. (35 39) OPERACIONES SOBRE EL APARATO CARDIOVASCULAR
38.3,RESECCION VASO SANGUINEO CON ANASTOMOSIS,"38 INCISION, EXCISION Y OCLUSION DE VASOS",07. (35 39) OPERACIONES SOBRE EL APARATO CARDIOVASCULAR,07. (35 39) OPERACIONES SOBRE EL APARATO CARDIOVASCULAR
38.30,RESECCION VASO SANGUINEO NEOM CON ANASTOMOSIS,"38 INCISION, EXCISION Y OCLUSION DE VASOS",07. (35 39) OPERACIONES SOBRE EL APARATO CARDIOVASCULAR,07. (35 39) OPERACIONES SOBRE EL APARATO CARDIOVASCULAR
38.31,RESECCION VASO INTRACRANEAL CON ANASTOMOSIS,"38 INCISION, EXCISION Y OCLUSION DE VASOS",07. (35 39) OPERACIONES SOBRE EL APARATO CARDIOVASCULAR,07. (35 39) OPERACIONES SOBRE EL APARATO CARDIOVASCULAR
38.32,RESECCION VASO CABEZA Y CUELLO CON ANASTOMOSIS OTRA,"38 INCISION, EXCISION Y OCLUSION DE VASOS",07. (35 39) OPERACIONES SOBRE EL APARATO CARDIOVASCULAR,07. (35 39) OPERACIONES SOBRE EL APARATO CARDIOVASCULAR
38.33,RESECCION VASO MIEMBRO SUPERIOR CON ANASTOMOSIS,"38 INCISION, EXCISION Y OCLUSION DE VASOS",07. (35 39) OPERACIONES SOBRE EL APARATO CARDIOVASCULAR,07. (35 39) OPERACIONES SOBRE EL APARATO CARDIOVASCULAR
38.34,RESECCION AORTA CON ANASTOMOSIS,"38 INCISION, EXCISION Y OCLUSION DE VASOS",07. (35 39) OPERACIONES SOBRE EL APARATO CARDIOVASCULAR,07. (35 39) OPERACIONES SOBRE EL APARATO CARDIOVASCULAR
38.35,RESECCION VASO TORAX CON ANASTOMOSIS OTRA,"38 INCISION, EXCISION Y OCLUSION DE VASOS",07. (35 39) OPERACIONES SOBRE EL APARATO CARDIOVASCULAR,07. (35 39) OPERACIONES SOBRE EL APARATO CARDIOVASCULAR
38.36,RESECCION ARTERIA ABDOMEN CON ANASTOMOSIS,"38 INCISION, EXCISION Y OCLUSION DE VASOS",07. (35 39) OPERACIONES SOBRE EL APARATO CARDIOVASCULAR,07. (35 39) OPERACIONES SOBRE EL APARATO CARDIOVASCULAR
38.37,RESECCION VENA ABDOMEN CON ANASTOMOSIS,"38 INCISION, EXCISION Y OCLUSION DE VASOS",07. (35 39) OPERACIONES SOBRE EL APARATO CARDIOVASCULAR,07. (35 39) OPERACIONES SOBRE EL APARATO CARDIOVASCULAR
38.38,RESECCION ARTERIA MIEMBRO INFERIOR CON ANASTOMOSIS,"38 INCISION, EXCISION Y OCLUSION DE VASOS",07. (35 39) OPERACIONES SOBRE EL APARATO CARDIOVASCULAR,07. (35 39) OPERACIONES SOBRE EL APARATO CARDIOVASCULAR
38.39,RESECCION VENA MIEMBRO INFERIOR CON ANASTOMOSIS,"38 INCISION, EXCISION Y OCLUSION DE VASOS",07. (35 39) OPERACIONES SOBRE EL APARATO CARDIOVASCULAR,07. (35 39) OPERACIONES SOBRE EL APARATO CARDIOVASCULAR
38.4,RESECCION VASO SANGUINEO CON SUSTITUCION,"38 INCISION, EXCISION Y OCLUSION DE VASOS",07. (35 39) OPERACIONES SOBRE EL APARATO CARDIOVASCULAR,07. (35 39) OPERACIONES SOBRE EL APARATO CARDIOVASCULAR
38.40,RESECCION VASO SANGUINEO NEOM CON SUSTITUCION,"38 INCISION, EXCISION Y OCLUSION DE VASOS",07. (35 39) OPERACIONES SOBRE EL APARATO CARDIOVASCULAR,07. (35 39) OPERACIONES SOBRE EL APARATO CARDIOVASCULAR
38.41,RESECCION VASO INTRACRANEAL CON SUSTITUCION,"38 INCISION, EXCISION Y OCLUSION DE VASOS",07. (35 39) OPERACIONES SOBRE EL APARATO CARDIOVASCULAR,07. (35 39) OPERACIONES SOBRE EL APARATO CARDIOVASCULAR
38.42,RESECCION VASO CABEZA Y CUELLO CON SUSTITUCION OTRA,"38 INCISION, EXCISION Y OCLUSION DE VASOS",07. (35 39) OPERACIONES SOBRE EL APARATO CARDIOVASCULAR,07. (35 39) OPERACIONES SOBRE EL APARATO CARDIOVASCULAR
38.43,RESECCION VASO MIEMBRO SUPERIOR CON SUSTITUCION,"38 INCISION, EXCISION Y OCLUSION DE VASOS",07. (35 39) OPERACIONES SOBRE EL APARATO CARDIOVASCULAR,07. (35 39) OPERACIONES SOBRE EL APARATO CARDIOVASCULAR
38.44,RESECCION AORTA ABDOMINAL CON SUSTITUCION,"38 INCISION, EXCISION Y OCLUSION DE VASOS",07. (35 39) OPERACIONES SOBRE EL APARATO CARDIOVASCULAR,07. (35 39) OPERACIONES SOBRE EL APARATO CARDIOVASCULAR
38.45,RESECCION VASO TORAX CON SUSTITUCION,"38 INCISION, EXCISION Y OCLUSION DE VASOS",07. (35 39) OPERACIONES SOBRE EL APARATO CARDIOVASCULAR,07. (35 39) OPERACIONES SOBRE EL APARATO CARDIOVASCULAR
38.46,RESECCION ARTERIA ABDOMEN CON SUSTITUCION,"38 INCISION, EXCISION Y OCLUSION DE VASOS",07. (35 39) OPERACIONES SOBRE EL APARATO CARDIOVASCULAR,07. (35 39) OPERACIONES SOBRE EL APARATO CARDIOVASCULAR
38.47,RESECCION VENA ABDOMEN CON SUSTITUCION,"38 INCISION, EXCISION Y OCLUSION DE VASOS",07. (35 39) OPERACIONES SOBRE EL APARATO CARDIOVASCULAR,07. (35 39) OPERACIONES SOBRE EL APARATO CARDIOVASCULAR
38.48,RESECCION ARTERIA MIEMBRO INFERIOR CON SUSTITUCION,"38 INCISION, EXCISION Y OCLUSION DE VASOS",07. (35 39) OPERACIONES SOBRE EL APARATO CARDIOVASCULAR,07. (35 39) OPERACIONES SOBRE EL APARATO CARDIOVASCULAR
38.49,RESECCION VENA MIEMBRO INFERIOR CON SUSTITUCION,"38 INCISION, EXCISION Y OCLUSION DE VASOS",07. (35 39) OPERACIONES SOBRE EL APARATO CARDIOVASCULAR,07. (35 39) OPERACIONES SOBRE EL APARATO CARDIOVASCULAR
38.5,ESCISION VARIZ,"38 INCISION, EXCISION Y OCLUSION DE VASOS",07. (35 39) OPERACIONES SOBRE EL APARATO CARDIOVASCULAR,07. (35 39) OPERACIONES SOBRE EL APARATO CARDIOVASCULAR
38.50,ESCISION VARIZ NEOM,"38 INCISION, EXCISION Y OCLUSION DE VASOS",07. (35 39) OPERACIONES SOBRE EL APARATO CARDIOVASCULAR,07. (35 39) OPERACIONES SOBRE EL APARATO CARDIOVASCULAR
38.51,ESCISION VARIZ INTRACRANEAL,"38 INCISION, EXCISION Y OCLUSION DE VASOS",07. (35 39) OPERACIONES SOBRE EL APARATO CARDIOVASCULAR,07. (35 39) OPERACIONES SOBRE EL APARATO CARDIOVASCULAR
38.52,ESCISION VARIZ CABEZA Y CUELLO,"38 INCISION, EXCISION Y OCLUSION DE VASOS",07. (35 39) OPERACIONES SOBRE EL APARATO CARDIOVASCULAR,07. (35 39) OPERACIONES SOBRE EL APARATO CARDIOVASCULAR
38.53,ESCISION VARIZ MIEMBRO SUPERIOR,"38 INCISION, EXCISION Y OCLUSION DE VASOS",07. (35 39) OPERACIONES SOBRE EL APARATO CARDIOVASCULAR,07. (35 39) OPERACIONES SOBRE EL APARATO CARDIOVASCULAR
38.55,ESCISION VARIZ TORAX,"38 INCISION, EXCISION Y OCLUSION DE VASOS",07. (35 39) OPERACIONES SOBRE EL APARATO CARDIOVASCULAR,07. (35 39) OPERACIONES SOBRE EL APARATO CARDIOVASCULAR
38.57,ESCISION VARIZ ABDOMEN,"38 INCISION, EXCISION Y OCLUSION DE VASOS",07. (35 39) OPERACIONES SOBRE EL APARATO CARDIOVASCULAR,07. (35 39) OPERACIONES SOBRE EL APARATO CARDIOVASCULAR
38.59,ESCISION VARIZ MIEMBRO INFERIOR,"38 INCISION, EXCISION Y OCLUSION DE VASOS",07. (35 39) OPERACIONES SOBRE EL APARATO CARDIOVASCULAR,07. (35 39) OPERACIONES SOBRE EL APARATO CARDIOVASCULAR
38.6,ESCISION VASO SANGUINEO OTRA,"38 INCISION, EXCISION Y OCLUSION DE VASOS",07. (35 39) OPERACIONES SOBRE EL APARATO CARDIOVASCULAR,07. (35 39) OPERACIONES SOBRE EL APARATO CARDIOVASCULAR
38.60,ESCISION VASO SANGUINEO NEOM OTRA,"38 INCISION, EXCISION Y OCLUSION DE VASOS",07. (35 39) OPERACIONES SOBRE EL APARATO CARDIOVASCULAR,07. (35 39) OPERACIONES SOBRE EL APARATO CARDIOVASCULAR
38.61,ESCISION VASO INTRACRANEAL OTRA,"38 INCISION, EXCISION Y OCLUSION DE VASOS",07. (35 39) OPERACIONES SOBRE EL APARATO CARDIOVASCULAR,07. (35 39) OPERACIONES SOBRE EL APARATO CARDIOVASCULAR
38.62,ESCISION VASO CABEZA Y CUELLO OTRA,"38 INCISION, EXCISION Y OCLUSION DE VASOS",07. (35 39) OPERACIONES SOBRE EL APARATO CARDIOVASCULAR,07. (35 39) OPERACIONES SOBRE EL APARATO CARDIOVASCULAR
38.63,ESCISION VASO MIEMBRO SUPERIOR OTRA,"38 INCISION, EXCISION Y OCLUSION DE VASOS",07. (35 39) OPERACIONES SOBRE EL APARATO CARDIOVASCULAR,07. (35 39) OPERACIONES SOBRE EL APARATO CARDIOVASCULAR
38.64,ESCISION ARTERIA AORTA OTRA,"38 INCISION, EXCISION Y OCLUSION DE VASOS",07. (35 39) OPERACIONES SOBRE EL APARATO CARDIOVASCULAR,07. (35 39) OPERACIONES SOBRE EL APARATO CARDIOVASCULAR
38.65,ESCISION VASO TORAX OTRA,"38 INCISION, EXCISION Y OCLUSION DE VASOS",07. (35 39) OPERACIONES SOBRE EL APARATO CARDIOVASCULAR,07. (35 39) OPERACIONES SOBRE EL APARATO CARDIOVASCULAR
38.66,ESCISION ARTERIA ABDOMEN OTRA,"38 INCISION, EXCISION Y OCLUSION DE VASOS",07. (35 39) OPERACIONES SOBRE EL APARATO CARDIOVASCULAR,07. (35 39) OPERACIONES SOBRE EL APARATO CARDIOVASCULAR
38.67,ESCISION VENA ABDOMEN OTRA,"38 INCISION, EXCISION Y OCLUSION DE VASOS",07. (35 39) OPERACIONES SOBRE EL APARATO CARDIOVASCULAR,07. (35 39) OPERACIONES SOBRE EL APARATO CARDIOVASCULAR
38.68,ESCISION ARTERIA MIEMBRO INFERIOR OTRA,"38 INCISION, EXCISION Y OCLUSION DE VASOS",07. (35 39) OPERACIONES SOBRE EL APARATO CARDIOVASCULAR,07. (35 39) OPERACIONES SOBRE EL APARATO CARDIOVASCULAR
38.69,ESCISION VENA MIEMBRO INFERIOR OTRA,"38 INCISION, EXCISION Y OCLUSION DE VASOS",07. (35 39) OPERACIONES SOBRE EL APARATO CARDIOVASCULAR,07. (35 39) OPERACIONES SOBRE EL APARATO CARDIOVASCULAR
38.7,INTERRUPCION VENA CAVA,"38 INCISION, EXCISION Y OCLUSION DE VASOS",07. (35 39) OPERACIONES SOBRE EL APARATO CARDIOVASCULAR,07. (35 39) OPERACIONES SOBRE EL APARATO CARDIOVASCULAR
38.8,OCLUSION QUIRURGICA VASO SANGUINEO OTRA,"38 INCISION, EXCISION Y OCLUSION DE VASOS",07. (35 39) OPERACIONES SOBRE EL APARATO CARDIOVASCULAR,07. (35 39) OPERACIONES SOBRE EL APARATO CARDIOVASCULAR
38.80,OCLUSION QUIRURGICA VASO SANGUINEO NEOM OTRA,"38 INCISION, EXCISION Y OCLUSION DE VASOS",07. (35 39) OPERACIONES SOBRE EL APARATO CARDIOVASCULAR,07. (35 39) OPERACIONES SOBRE EL APARATO CARDIOVASCULAR
38.81,OCLUSION QUIRURGICA VASO INTRACRANEAL OTRA,"38 INCISION, EXCISION Y OCLUSION DE VASOS",07. (35 39) OPERACIONES SOBRE EL APARATO CARDIOVASCULAR,07. (35 39) OPERACIONES SOBRE EL APARATO CARDIOVASCULAR
38.82,OCLUSION VASO CABEZA Y CUELLO OTRA,"38 INCISION, EXCISION Y OCLUSION DE VASOS",07. (35 39) OPERACIONES SOBRE EL APARATO CARDIOVASCULAR,07. (35 39) OPERACIONES SOBRE EL APARATO CARDIOVASCULAR
38.83,OCLUSION VASO MIEMBRO SUPERIOR OTRA,"38 INCISION, EXCISION Y OCLUSION DE VASOS",07. (35 39) OPERACIONES SOBRE EL APARATO CARDIOVASCULAR,07. (35 39) OPERACIONES SOBRE EL APARATO CARDIOVASCULAR
38.84,OCLUSION ARTERIA AORTA OTRA,"38 INCISION, EXCISION Y OCLUSION DE VASOS",07. (35 39) OPERACIONES SOBRE EL APARATO CARDIOVASCULAR,07. (35 39) OPERACIONES SOBRE EL APARATO CARDIOVASCULAR
38.85,OCLUSION QUIRURGICA VASO TORACICO OTRA,"38 INCISION, EXCISION Y OCLUSION DE VASOS",07. (35 39) OPERACIONES SOBRE EL APARATO CARDIOVASCULAR,07. (35 39) OPERACIONES SOBRE EL APARATO CARDIOVASCULAR
38.86,OCLUSION ARTERIA ABDOMEN OTRA,"38 INCISION, EXCISION Y OCLUSION DE VASOS",07. (35 39) OPERACIONES SOBRE EL APARATO CARDIOVASCULAR,07. (35 39) OPERACIONES SOBRE EL APARATO CARDIOVASCULAR
38.87,OCLUSION VENA ABDOMEN OTRA,"38 INCISION, EXCISION Y OCLUSION DE VASOS",07. (35 39) OPERACIONES SOBRE EL APARATO CARDIOVASCULAR,07. (35 39) OPERACIONES SOBRE EL APARATO CARDIOVASCULAR
38.88,OCLUSION ARTERIA MIEMBRO INFERIOR OTRA,"38 INCISION, EXCISION Y OCLUSION DE VASOS",07. (35 39) OPERACIONES SOBRE EL APARATO CARDIOVASCULAR,07. (35 39) OPERACIONES SOBRE EL APARATO CARDIOVASCULAR
38.89,OCLUSION QUIRURGICA VENA MIEMBRO INFERIOR OTRA,"38 INCISION, EXCISION Y OCLUSION DE VASOS",07. (35 39) OPERACIONES SOBRE EL APARATO CARDIOVASCULAR,07. (35 39) OPERACIONES SOBRE EL APARATO CARDIOVASCULAR
38.9,PUNCION VASO SANGUINEO,"38 INCISION, EXCISION Y OCLUSION DE VASOS",07. (35 39) OPERACIONES SOBRE EL APARATO CARDIOVASCULAR,07. (35 39) OPERACIONES SOBRE EL APARATO CARDIOVASCULAR
38.91,CATETERISMO ARTERIA,"38 INCISION, EXCISION Y OCLUSION DE VASOS",07. (35 39) OPERACIONES SOBRE EL APARATO CARDIOVASCULAR,07. (35 39) OPERACIONES SOBRE EL APARATO CARDIOVASCULAR
38.92,CATETERISMO VENA UMBILICAL,"38 INCISION, EXCISION Y OCLUSION DE VASOS",07. (35 39) OPERACIONES SOBRE EL APARATO CARDIOVASCULAR,07. (35 39) OPERACIONES SOBRE EL APARATO CARDIOVASCULAR
38.93,CATETERISMO VENA OTRO,"38 INCISION, EXCISION Y OCLUSION DE VASOS",07. (35 39) OPERACIONES SOBRE EL APARATO CARDIOVASCULAR,07. (35 39) OPERACIONES SOBRE EL APARATO CARDIOVASCULAR
38.94,DISECCION VENA,"38 INCISION, EXCISION Y OCLUSION DE VASOS",07. (35 39) OPERACIONES SOBRE EL APARATO CARDIOVASCULAR,07. (35 39) OPERACIONES SOBRE EL APARATO CARDIOVASCULAR
38.95,CATETERISMO VENA PARA DIALISIS RIÑON,"38 INCISION, EXCISION Y OCLUSION DE VASOS",07. (35 39) OPERACIONES SOBRE EL APARATO CARDIOVASCULAR,07. (35 39) OPERACIONES SOBRE EL APARATO CARDIOVASCULAR
38.97,COLOCACION CATETER VENOSO CENTRAL MEDIANTE GUIADO,"38 INCISION, EXCISION Y OCLUSION DE VASOS",07. (35 39) OPERACIONES SOBRE EL APARATO CARDIOVASCULAR,07. (35 39) OPERACIONES SOBRE EL APARATO CARDIOVASCULAR
38.98,PUNCION ARTERIA OTRA,"38 INCISION, EXCISION Y OCLUSION DE VASOS",07. (35 39) OPERACIONES SOBRE EL APARATO CARDIOVASCULAR,07. (35 39) OPERACIONES SOBRE EL APARATO CARDIOVASCULAR
38.99,PUNCION VENA OTRA,"38 INCISION, EXCISION Y OCLUSION DE VASOS",07. (35 39) OPERACIONES SOBRE EL APARATO CARDIOVASCULAR,07. (35 39) OPERACIONES SOBRE EL APARATO CARDIOVASCULAR
39,OPERACION VASO SANGUINEO OTRA,39 OTRAS OPERACIONES SOBRE VASOS,07. (35 39) OPERACIONES SOBRE EL APARATO CARDIOVASCULAR,07. (35 39) OPERACIONES SOBRE EL APARATO CARDIOVASCULAR
39.0,DERIVACION ARTERIA SISTEMICA A ARTERIA PULMONAR,39 OTRAS OPERACIONES SOBRE VASOS,07. (35 39) OPERACIONES SOBRE EL APARATO CARDIOVASCULAR,07. (35 39) OPERACIONES SOBRE EL APARATO CARDIOVASCULAR
39.1,DERIVACION VENA O INTRABDOMINAL,39 OTRAS OPERACIONES SOBRE VASOS,07. (35 39) OPERACIONES SOBRE EL APARATO CARDIOVASCULAR,07. (35 39) OPERACIONES SOBRE EL APARATO CARDIOVASCULAR
39.2,DERIVACION O CONEXION VASCULAR OTRA,39 OTRAS OPERACIONES SOBRE VASOS,07. (35 39) OPERACIONES SOBRE EL APARATO CARDIOVASCULAR,07. (35 39) OPERACIONES SOBRE EL APARATO CARDIOVASCULAR
39.21,ANASTOMOSIS VENA CAVA A ARTERIA PULMONAR,39 OTRAS OPERACIONES SOBRE VASOS,07. (35 39) OPERACIONES SOBRE EL APARATO CARDIOVASCULAR,07. (35 39) OPERACIONES SOBRE EL APARATO CARDIOVASCULAR
39.22,DERIVACION AORTA-SUBCLAVIA-CAROTIDA,39 OTRAS OPERACIONES SOBRE VASOS,07. (35 39) OPERACIONES SOBRE EL APARATO CARDIOVASCULAR,07. (35 39) OPERACIONES SOBRE EL APARATO CARDIOVASCULAR
39.23,DERIVACION VASCULAR INTRATORACICA OTRA,39 OTRAS OPERACIONES SOBRE VASOS,07. (35 39) OPERACIONES SOBRE EL APARATO CARDIOVASCULAR,07. (35 39) OPERACIONES SOBRE EL APARATO CARDIOVASCULAR
39.24,DERIVACION AORTO-RENAL,39 OTRAS OPERACIONES SOBRE VASOS,07. (35 39) OPERACIONES SOBRE EL APARATO CARDIOVASCULAR,07. (35 39) OPERACIONES SOBRE EL APARATO CARDIOVASCULAR
39.25,DERIVACION AORTO-ILIACO-FEMORAL,39 OTRAS OPERACIONES SOBRE VASOS,07. (35 39) OPERACIONES SOBRE EL APARATO CARDIOVASCULAR,07. (35 39) OPERACIONES SOBRE EL APARATO CARDIOVASCULAR
39.26,DERIVACION VASCULAR INTRABDOMINAL OTRA,39 OTRAS OPERACIONES SOBRE VASOS,07. (35 39) OPERACIONES SOBRE EL APARATO CARDIOVASCULAR,07. (35 39) OPERACIONES SOBRE EL APARATO CARDIOVASCULAR
39.27,FISTULA ARTERIOVENOSA PARA DIALISIS,39 OTRAS OPERACIONES SOBRE VASOS,07. (35 39) OPERACIONES SOBRE EL APARATO CARDIOVASCULAR,07. (35 39) OPERACIONES SOBRE EL APARATO CARDIOVASCULAR
39.28,DESVIACION VASCULAR EXTRACRACEAL-INTRACRANEAL (EC-IC),39 OTRAS OPERACIONES SOBRE VASOS,07. (35 39) OPERACIONES SOBRE EL APARATO CARDIOVASCULAR,07. (35 39) OPERACIONES SOBRE EL APARATO CARDIOVASCULAR
39.29,DERIVACION VASCULAR (PERIFERICA) OTRA,39 OTRAS OPERACIONES SOBRE VASOS,07. (35 39) OPERACIONES SOBRE EL APARATO CARDIOVASCULAR,07. (35 39) OPERACIONES SOBRE EL APARATO CARDIOVASCULAR
39.3,SUTURA VASO SANGUINEO,39 OTRAS OPERACIONES SOBRE VASOS,07. (35 39) OPERACIONES SOBRE EL APARATO CARDIOVASCULAR,07. (35 39) OPERACIONES SOBRE EL APARATO CARDIOVASCULAR
39.30,SUTURA VASO SANGUINEO.NEOM,39 OTRAS OPERACIONES SOBRE VASOS,07. (35 39) OPERACIONES SOBRE EL APARATO CARDIOVASCULAR,07. (35 39) OPERACIONES SOBRE EL APARATO CARDIOVASCULAR
39.31,SUTURA ARTERIA,39 OTRAS OPERACIONES SOBRE VASOS,07. (35 39) OPERACIONES SOBRE EL APARATO CARDIOVASCULAR,07. (35 39) OPERACIONES SOBRE EL APARATO CARDIOVASCULAR
39.32,SUTURA VENA,39 OTRAS OPERACIONES SOBRE VASOS,07. (35 39) OPERACIONES SOBRE EL APARATO CARDIOVASCULAR,07. (35 39) OPERACIONES SOBRE EL APARATO CARDIOVASCULAR
39.4,REVISION PROCEDIMIENTO VASCULAR,39 OTRAS OPERACIONES SOBRE VASOS,07. (35 39) OPERACIONES SOBRE EL APARATO CARDIOVASCULAR,07. (35 39) OPERACIONES SOBRE EL APARATO CARDIOVASCULAR
39.41,CONTROL HEMORRAGIA POSCIRUGIA VASCULAR,39 OTRAS OPERACIONES SOBRE VASOS,07. (35 39) OPERACIONES SOBRE EL APARATO CARDIOVASCULAR,07. (35 39) OPERACIONES SOBRE EL APARATO CARDIOVASCULAR
39.42,REVISION FISTULA ARTERIOVENOSA PARA DIALISIS RIÑON,39 OTRAS OPERACIONES SOBRE VASOS,07. (35 39) OPERACIONES SOBRE EL APARATO CARDIOVASCULAR,07. (35 39) OPERACIONES SOBRE EL APARATO CARDIOVASCULAR
39.43,EXTRACCION FISTULA ARTERIOVENOSA PARA DIALISIS RIÑON,39 OTRAS OPERACIONES SOBRE VASOS,07. (35 39) OPERACIONES SOBRE EL APARATO CARDIOVASCULAR,07. (35 39) OPERACIONES SOBRE EL APARATO CARDIOVASCULAR
39.49,REVISION PROCEDIMIENTO VASCULAR.OTRA,39 OTRAS OPERACIONES SOBRE VASOS,07. (35 39) OPERACIONES SOBRE EL APARATO CARDIOVASCULAR,07. (35 39) OPERACIONES SOBRE EL APARATO CARDIOVASCULAR
39.5,REPARACION VASO SANGUINEO OTRA,39 OTRAS OPERACIONES SOBRE VASOS,07. (35 39) OPERACIONES SOBRE EL APARATO CARDIOVASCULAR,07. (35 39) OPERACIONES SOBRE EL APARATO CARDIOVASCULAR
39.50,ANGIOPLASTIA VASO NO CORONARIO,39 OTRAS OPERACIONES SOBRE VASOS,07. (35 39) OPERACIONES SOBRE EL APARATO CARDIOVASCULAR,07. (35 39) OPERACIONES SOBRE EL APARATO CARDIOVASCULAR
39.51,INTERRUPCION ANEURISMA,39 OTRAS OPERACIONES SOBRE VASOS,07. (35 39) OPERACIONES SOBRE EL APARATO CARDIOVASCULAR,07. (35 39) OPERACIONES SOBRE EL APARATO CARDIOVASCULAR
39.52,REPARACION ANEURISMA OTRA,39 OTRAS OPERACIONES SOBRE VASOS,07. (35 39) OPERACIONES SOBRE EL APARATO CARDIOVASCULAR,07. (35 39) OPERACIONES SOBRE EL APARATO CARDIOVASCULAR
39.53,REPARACION FISTULA ARTERIOVENOSA,39 OTRAS OPERACIONES SOBRE VASOS,07. (35 39) OPERACIONES SOBRE EL APARATO CARDIOVASCULAR,07. (35 39) OPERACIONES SOBRE EL APARATO CARDIOVASCULAR
39.54,OPERACION REENTRADA AORTA,39 OTRAS OPERACIONES SOBRE VASOS,07. (35 39) OPERACIONES SOBRE EL APARATO CARDIOVASCULAR,07. (35 39) OPERACIONES SOBRE EL APARATO CARDIOVASCULAR
39.55,REIMPLANTACION VASO RIÑON ABERRANTE,39 OTRAS OPERACIONES SOBRE VASOS,07. (35 39) OPERACIONES SOBRE EL APARATO CARDIOVASCULAR,07. (35 39) OPERACIONES SOBRE EL APARATO CARDIOVASCULAR
39.56,REPARACION VASO SANGUINEO CON PARCHE TEJIDO,39 OTRAS OPERACIONES SOBRE VASOS,07. (35 39) OPERACIONES SOBRE EL APARATO CARDIOVASCULAR,07. (35 39) OPERACIONES SOBRE EL APARATO CARDIOVASCULAR
39.57,REPARACION VASO SANGUINEO CON PARCHE SINTETICO,39 OTRAS OPERACIONES SOBRE VASOS,07. (35 39) OPERACIONES SOBRE EL APARATO CARDIOVASCULAR,07. (35 39) OPERACIONES SOBRE EL APARATO CARDIOVASCULAR
39.58,REPARACION VASO SANGUINEO CON PARCHE NEOM,39 OTRAS OPERACIONES SOBRE VASOS,07. (35 39) OPERACIONES SOBRE EL APARATO CARDIOVASCULAR,07. (35 39) OPERACIONES SOBRE EL APARATO CARDIOVASCULAR
39.59,REPARACION VASO SANGUINEO.OTRA,39 OTRAS OPERACIONES SOBRE VASOS,07. (35 39) OPERACIONES SOBRE EL APARATO CARDIOVASCULAR,07. (35 39) OPERACIONES SOBRE EL APARATO CARDIOVASCULAR
39.6,CIRCULACION EXTRACORPOREA Y PROCEDIMIENTO CIRUGIA CORAZON,39 OTRAS OPERACIONES SOBRE VASOS,07. (35 39) OPERACIONES SOBRE EL APARATO CARDIOVASCULAR,07. (35 39) OPERACIONES SOBRE EL APARATO CARDIOVASCULAR
39.61,CIRCULACION EXTRACORPOREA PARA CIRUGIA CORAZON ABIERTA,39 OTRAS OPERACIONES SOBRE VASOS,07. (35 39) OPERACIONES SOBRE EL APARATO CARDIOVASCULAR,07. (35 39) OPERACIONES SOBRE EL APARATO CARDIOVASCULAR
39.62,HIPOTERMIA ACCESORIA PARA CIRUGIA CORAZON ABIERTA,39 OTRAS OPERACIONES SOBRE VASOS,07. (35 39) OPERACIONES SOBRE EL APARATO CARDIOVASCULAR,07. (35 39) OPERACIONES SOBRE EL APARATO CARDIOVASCULAR
39.63,CARDIOPLEJIA,39 OTRAS OPERACIONES SOBRE VASOS,07. (35 39) OPERACIONES SOBRE EL APARATO CARDIOVASCULAR,07. (35 39) OPERACIONES SOBRE EL APARATO CARDIOVASCULAR
39.64,MARCAPASOS CORAZON INTRAOPERATORIO,39 OTRAS OPERACIONES SOBRE VASOS,07. (35 39) OPERACIONES SOBRE EL APARATO CARDIOVASCULAR,07. (35 39) OPERACIONES SOBRE EL APARATO CARDIOVASCULAR
39.65,OXIGENACION EXTRACORPOREA MEMBRANA,39 OTRAS OPERACIONES SOBRE VASOS,07. (35 39) OPERACIONES SOBRE EL APARATO CARDIOVASCULAR,07. (35 39) OPERACIONES SOBRE EL APARATO CARDIOVASCULAR
39.66,DESVIACION CARDIOPULMONAR PERCUTANEA,39 OTRAS OPERACIONES SOBRE VASOS,07. (35 39) OPERACIONES SOBRE EL APARATO CARDIOVASCULAR,07. (35 39) OPERACIONES SOBRE EL APARATO CARDIOVASCULAR
39.7,REPARACION ENDOVASCULAR VASO,39 OTRAS OPERACIONES SOBRE VASOS,07. (35 39) OPERACIONES SOBRE EL APARATO CARDIOVASCULAR,07. (35 39) OPERACIONES SOBRE EL APARATO CARDIOVASCULAR
39.71,REPARACION ENDOVASCULAR AORTA ABDOMINAL CON INJERTO,39 OTRAS OPERACIONES SOBRE VASOS,07. (35 39) OPERACIONES SOBRE EL APARATO CARDIOVASCULAR,07. (35 39) OPERACIONES SOBRE EL APARATO CARDIOVASCULAR
39.72,REPARACION ENDOVASCULAR OCLUSION VASO CABEZA Y CUELLO,39 OTRAS OPERACIONES SOBRE VASOS,07. (35 39) OPERACIONES SOBRE EL APARATO CARDIOVASCULAR,07. (35 39) OPERACIONES SOBRE EL APARATO CARDIOVASCULAR
39.73,IMPLANTE ENDOVASCULAR INJERTO AORTA TORACICA,39 OTRAS OPERACIONES SOBRE VASOS,07. (35 39) OPERACIONES SOBRE EL APARATO CARDIOVASCULAR,07. (35 39) OPERACIONES SOBRE EL APARATO CARDIOVASCULAR
39.74,RETIRADA ENDOVASCULAR OBSTRUCCION VASO CABEZA Y CUELLO,39 OTRAS OPERACIONES SOBRE VASOS,07. (35 39) OPERACIONES SOBRE EL APARATO CARDIOVASCULAR,07. (35 39) OPERACIONES SOBRE EL APARATO CARDIOVASCULAR
39.75,EMBOLIZACION ENDOVASCULAR VASO CABEZA O CUELLO CON ESPIRAL DESCUBIERTA,39 OTRAS OPERACIONES SOBRE VASOS,07. (35 39) OPERACIONES SOBRE EL APARATO CARDIOVASCULAR,07. (35 39) OPERACIONES SOBRE EL APARATO CARDIOVASCULAR
39.76,EMBOLIZACION ENDOVASCULAR VASO CABEZA O CUELLO CON ESPIRAL BIOACTIVA,39 OTRAS OPERACIONES SOBRE VASOS,07. (35 39) OPERACIONES SOBRE EL APARATO CARDIOVASCULAR,07. (35 39) OPERACIONES SOBRE EL APARATO CARDIOVASCULAR
39.77,OCLUSION INTRAVASCULAR TEMPORAL (PARCIAL) TERAPEUTICA,39 OTRAS OPERACIONES SOBRE VASOS,07. (35 39) OPERACIONES SOBRE EL APARATO CARDIOVASCULAR,07. (35 39) OPERACIONES SOBRE EL APARATO CARDIOVASCULAR
39.78,IMPLANTACION INTRAVASCULAR INJERTO RAMIFICADO O FENESTRADO AORTA,39 OTRAS OPERACIONES SOBRE VASOS,07. (35 39) OPERACIONES SOBRE EL APARATO CARDIOVASCULAR,07. (35 39) OPERACIONES SOBRE EL APARATO CARDIOVASCULAR
39.79,REPARACION ENDOVASCULAR CON INJERTO OTRA,39 OTRAS OPERACIONES SOBRE VASOS,07. (35 39) OPERACIONES SOBRE EL APARATO CARDIOVASCULAR,07. (35 39) OPERACIONES SOBRE EL APARATO CARDIOVASCULAR
39.8,OPERACION GLOMUS CAROTIDEO Y CUERPO VASCULAR OTRO,39 OTRAS OPERACIONES SOBRE VASOS,07. (35 39) OPERACIONES SOBRE EL APARATO CARDIOVASCULAR,07. (35 39) OPERACIONES SOBRE EL APARATO CARDIOVASCULAR
39.81,IMPLANTACION DISPOSITIVO ESTIMULACION SENO CAROTIDEO.SISTEMA COMPLETO,39 OTRAS OPERACIONES SOBRE VASOS,07. (35 39) OPERACIONES SOBRE EL APARATO CARDIOVASCULAR,07. (35 39) OPERACIONES SOBRE EL APARATO CARDIOVASCULAR
39.82,IMPLANTACION CABLE ESTIMULACION SENO CAROTIDEO SOLO,39 OTRAS OPERACIONES SOBRE VASOS,07. (35 39) OPERACIONES SOBRE EL APARATO CARDIOVASCULAR,07. (35 39) OPERACIONES SOBRE EL APARATO CARDIOVASCULAR
39.83,IMPLANTACION GENERADOR PULSO ESTIMULACION SENO CAROTIDEO SOLO,39 OTRAS OPERACIONES SOBRE VASOS,07. (35 39) OPERACIONES SOBRE EL APARATO CARDIOVASCULAR,07. (35 39) OPERACIONES SOBRE EL APARATO CARDIOVASCULAR
39.84,REVISION CABLE ESTIMULACION SENO CAROTIDEO SOLO,39 OTRAS OPERACIONES SOBRE VASOS,07. (35 39) OPERACIONES SOBRE EL APARATO CARDIOVASCULAR,07. (35 39) OPERACIONES SOBRE EL APARATO CARDIOVASCULAR
39.85,REVISION GENERADOR PULSO ESTIMULACION SENO CAROTIDEO SOLO,39 OTRAS OPERACIONES SOBRE VASOS,07. (35 39) OPERACIONES SOBRE EL APARATO CARDIOVASCULAR,07. (35 39) OPERACIONES SOBRE EL APARATO CARDIOVASCULAR
39.86,RETIRADA DISPOSITIVO ESTIMULACION SENO CAROTIDEO.SISTEMA COMPLETO,39 OTRAS OPERACIONES SOBRE VASOS,07. (35 39) OPERACIONES SOBRE EL APARATO CARDIOVASCULAR,07. (35 39) OPERACIONES SOBRE EL APARATO CARDIOVASCULAR
39.87,RETIRADA CABLE ESTIMULACION SENO CAROTIDEO SOLO,39 OTRAS OPERACIONES SOBRE VASOS,07. (35 39) OPERACIONES SOBRE EL APARATO CARDIOVASCULAR,07. (35 39) OPERACIONES SOBRE EL APARATO CARDIOVASCULAR
39.88,RETIRADA GENERADOR PULSO ESTIMULACION SENO CAROTIDEO SOLO,39 OTRAS OPERACIONES SOBRE VASOS,07. (35 39) OPERACIONES SOBRE EL APARATO CARDIOVASCULAR,07. (35 39) OPERACIONES SOBRE EL APARATO CARDIOVASCULAR
39.89,OPERACION GLOMUS CAROTIDEO Y CUERPO VASCULAR.OTRO,39 OTRAS OPERACIONES SOBRE VASOS,07. (35 39) OPERACIONES SOBRE EL APARATO CARDIOVASCULAR,07. (35 39) OPERACIONES SOBRE EL APARATO CARDIOVASCULAR
39.9,OPERACION VASO SANGUINEO OTRA,39 OTRAS OPERACIONES SOBRE VASOS,07. (35 39) OPERACIONES SOBRE EL APARATO CARDIOVASCULAR,07. (35 39) OPERACIONES SOBRE EL APARATO CARDIOVASCULAR
39.90,INSERCION STENT ARTERIAL NO CORONARIA SIN LIBERACION MEDICAMENTO,39 OTRAS OPERACIONES SOBRE VASOS,07. (35 39) OPERACIONES SOBRE EL APARATO CARDIOVASCULAR,07. (35 39) OPERACIONES SOBRE EL APARATO CARDIOVASCULAR
39.91,LIBERACION VASO SANGUINEO,39 OTRAS OPERACIONES SOBRE VASOS,07. (35 39) OPERACIONES SOBRE EL APARATO CARDIOVASCULAR,07. (35 39) OPERACIONES SOBRE EL APARATO CARDIOVASCULAR
39.92,INYECCION AGENTE ESCLEROSANTE VENA,39 OTRAS OPERACIONES SOBRE VASOS,07. (35 39) OPERACIONES SOBRE EL APARATO CARDIOVASCULAR,07. (35 39) OPERACIONES SOBRE EL APARATO CARDIOVASCULAR
39.93,INSERCION CANULA VASO A VASO,39 OTRAS OPERACIONES SOBRE VASOS,07. (35 39) OPERACIONES SOBRE EL APARATO CARDIOVASCULAR,07. (35 39) OPERACIONES SOBRE EL APARATO CARDIOVASCULAR
39.94,SUSTITUCION CANULA VASO A VASO,39 OTRAS OPERACIONES SOBRE VASOS,07. (35 39) OPERACIONES SOBRE EL APARATO CARDIOVASCULAR,07. (35 39) OPERACIONES SOBRE EL APARATO CARDIOVASCULAR
39.95,HEMODIALISIS,39 OTRAS OPERACIONES SOBRE VASOS,07. (35 39) OPERACIONES SOBRE EL APARATO CARDIOVASCULAR,07. (35 39) OPERACIONES SOBRE EL APARATO CARDIOVASCULAR
39.96,PERFUSION CORPORAL TOTAL,39 OTRAS OPERACIONES SOBRE VASOS,07. (35 39) OPERACIONES SOBRE EL APARATO CARDIOVASCULAR,07. (35 39) OPERACIONES SOBRE EL APARATO CARDIOVASCULAR
39.97,PERFUSION OTRA,39 OTRAS OPERACIONES SOBRE VASOS,07. (35 39) OPERACIONES SOBRE EL APARATO CARDIOVASCULAR,07. (35 39) OPERACIONES SOBRE EL APARATO CARDIOVASCULAR
39.98,CONTROL HEMORRAGIA NEOM,39 OTRAS OPERACIONES SOBRE VASOS,07. (35 39) OPERACIONES SOBRE EL APARATO CARDIOVASCULAR,07. (35 39) OPERACIONES SOBRE EL APARATO CARDIOVASCULAR
39.99,OPERACION VASO SANGUINEO.OTRA,39 OTRAS OPERACIONES SOBRE VASOS,07. (35 39) OPERACIONES SOBRE EL APARATO CARDIOVASCULAR,07. (35 39) OPERACIONES SOBRE EL APARATO CARDIOVASCULAR
40,OPERACION SISTEMA LINFATICO,40 OPERACIONES SOBRE EL SISTEMA LINFATICO,08. (40 41) OPERACIONES SOBRE EL SISTEMA HEMATICO Y LINFATICO,08. (40 41) OPERACIONES SOBRE EL SISTEMA HEMATICO Y LINFATICO
40.0,INCISION GANGLIO Y VASO LINFATICO,40 OPERACIONES SOBRE EL SISTEMA LINFATICO,08. (40 41) OPERACIONES SOBRE EL SISTEMA HEMATICO Y LINFATICO,08. (40 41) OPERACIONES SOBRE EL SISTEMA HEMATICO Y LINFATICO
40.1,PROCEDIMIENTO DIAGNOSTICO GANGLIO Y VASO LINFATICO,40 OPERACIONES SOBRE EL SISTEMA LINFATICO,08. (40 41) OPERACIONES SOBRE EL SISTEMA HEMATICO Y LINFATICO,08. (40 41) OPERACIONES SOBRE EL SISTEMA HEMATICO Y LINFATICO
40.11,BIOPSIA GANGLIO Y VASO LINFATICO,40 OPERACIONES SOBRE EL SISTEMA LINFATICO,08. (40 41) OPERACIONES SOBRE EL SISTEMA HEMATICO Y LINFATICO,08. (40 41) OPERACIONES SOBRE EL SISTEMA HEMATICO Y LINFATICO
40.19,PROCEDIMIENTO DIAGNOSTICO GANGLIO Y VASO LINFATICO.OTRO,40 OPERACIONES SOBRE EL SISTEMA LINFATICO,08. (40 41) OPERACIONES SOBRE EL SISTEMA HEMATICO Y LINFATICO,08. (40 41) OPERACIONES SOBRE EL SISTEMA HEMATICO Y LINFATICO
40.2,ESCISION GANGLIO Y VASO LINFATICO,40 OPERACIONES SOBRE EL SISTEMA LINFATICO,08. (40 41) OPERACIONES SOBRE EL SISTEMA HEMATICO Y LINFATICO,08. (40 41) OPERACIONES SOBRE EL SISTEMA HEMATICO Y LINFATICO
40.21,ESCISION GANGLIO LINFATICO CERVICAL PROFUNDO,40 OPERACIONES SOBRE EL SISTEMA LINFATICO,08. (40 41) OPERACIONES SOBRE EL SISTEMA HEMATICO Y LINFATICO,08. (40 41) OPERACIONES SOBRE EL SISTEMA HEMATICO Y LINFATICO
40.22,ESCISION GANGLIO LINFATICO MAMARIO INTERNO,40 OPERACIONES SOBRE EL SISTEMA LINFATICO,08. (40 41) OPERACIONES SOBRE EL SISTEMA HEMATICO Y LINFATICO,08. (40 41) OPERACIONES SOBRE EL SISTEMA HEMATICO Y LINFATICO
40.23,ESCISION GANGLIO LINFATICO AXILAR,40 OPERACIONES SOBRE EL SISTEMA LINFATICO,08. (40 41) OPERACIONES SOBRE EL SISTEMA HEMATICO Y LINFATICO,08. (40 41) OPERACIONES SOBRE EL SISTEMA HEMATICO Y LINFATICO
40.24,ESCISION GANGLIO LINFATICO INGUINAL,40 OPERACIONES SOBRE EL SISTEMA LINFATICO,08. (40 41) OPERACIONES SOBRE EL SISTEMA HEMATICO Y LINFATICO,08. (40 41) OPERACIONES SOBRE EL SISTEMA HEMATICO Y LINFATICO
40.29,ESCISION GANGLIO Y VASO LINFATICO.OTRA,40 OPERACIONES SOBRE EL SISTEMA LINFATICO,08. (40 41) OPERACIONES SOBRE EL SISTEMA HEMATICO Y LINFATICO,08. (40 41) OPERACIONES SOBRE EL SISTEMA HEMATICO Y LINFATICO
40.3,ESCISION GANGLIO LINFATICO REGIONAL,40 OPERACIONES SOBRE EL SISTEMA LINFATICO,08. (40 41) OPERACIONES SOBRE EL SISTEMA HEMATICO Y LINFATICO,08. (40 41) OPERACIONES SOBRE EL SISTEMA HEMATICO Y LINFATICO
40.4,ESCISION GANGLIO LINFATICO CERVICAL RADICAL,40 OPERACIONES SOBRE EL SISTEMA LINFATICO,08. (40 41) OPERACIONES SOBRE EL SISTEMA HEMATICO Y LINFATICO,08. (40 41) OPERACIONES SOBRE EL SISTEMA HEMATICO Y LINFATICO
40.40,DISECCION RADICAL CUELLO NEOM,40 OPERACIONES SOBRE EL SISTEMA LINFATICO,08. (40 41) OPERACIONES SOBRE EL SISTEMA HEMATICO Y LINFATICO,08. (40 41) OPERACIONES SOBRE EL SISTEMA HEMATICO Y LINFATICO
40.41,DISECCION RADICAL CUELLO UNILATERAL,40 OPERACIONES SOBRE EL SISTEMA LINFATICO,08. (40 41) OPERACIONES SOBRE EL SISTEMA HEMATICO Y LINFATICO,08. (40 41) OPERACIONES SOBRE EL SISTEMA HEMATICO Y LINFATICO
40.42,DISECCION RADICAL CUELLO BILATERAL,40 OPERACIONES SOBRE EL SISTEMA LINFATICO,08. (40 41) OPERACIONES SOBRE EL SISTEMA HEMATICO Y LINFATICO,08. (40 41) OPERACIONES SOBRE EL SISTEMA HEMATICO Y LINFATICO
40.5,ESCISION GANGLIO LINFATICO OTRO RADICAL,40 OPERACIONES SOBRE EL SISTEMA LINFATICO,08. (40 41) OPERACIONES SOBRE EL SISTEMA HEMATICO Y LINFATICO,08. (40 41) OPERACIONES SOBRE EL SISTEMA HEMATICO Y LINFATICO
40.50,ESCISION GANGLIO LINFATICO NEOM RADICAL,40 OPERACIONES SOBRE EL SISTEMA LINFATICO,08. (40 41) OPERACIONES SOBRE EL SISTEMA HEMATICO Y LINFATICO,08. (40 41) OPERACIONES SOBRE EL SISTEMA HEMATICO Y LINFATICO
40.51,ESCISION GANGLIO LINFATICO AXILAR RADICAL,40 OPERACIONES SOBRE EL SISTEMA LINFATICO,08. (40 41) OPERACIONES SOBRE EL SISTEMA HEMATICO Y LINFATICO,08. (40 41) OPERACIONES SOBRE EL SISTEMA HEMATICO Y LINFATICO
40.52,ESCISION GANGLIO LINFATICO PERIAORTICO RADICAL,40 OPERACIONES SOBRE EL SISTEMA LINFATICO,08. (40 41) OPERACIONES SOBRE EL SISTEMA HEMATICO Y LINFATICO,08. (40 41) OPERACIONES SOBRE EL SISTEMA HEMATICO Y LINFATICO
40.53,ESCISION GANGLIO LINFATICO ILIACO RADICAL,40 OPERACIONES SOBRE EL SISTEMA LINFATICO,08. (40 41) OPERACIONES SOBRE EL SISTEMA HEMATICO Y LINFATICO,08. (40 41) OPERACIONES SOBRE EL SISTEMA HEMATICO Y LINFATICO
40.54,ESCISION GANGLIO LINFATICO INGUINAL RADICAL,40 OPERACIONES SOBRE EL SISTEMA LINFATICO,08. (40 41) OPERACIONES SOBRE EL SISTEMA HEMATICO Y LINFATICO,08. (40 41) OPERACIONES SOBRE EL SISTEMA HEMATICO Y LINFATICO
40.59,ESCISION GANGLIO LINFATICO RADICAL.OTRO,40 OPERACIONES SOBRE EL SISTEMA LINFATICO,08. (40 41) OPERACIONES SOBRE EL SISTEMA HEMATICO Y LINFATICO,08. (40 41) OPERACIONES SOBRE EL SISTEMA HEMATICO Y LINFATICO
40.6,OPERACION CONDUCTO TORACICO,40 OPERACIONES SOBRE EL SISTEMA LINFATICO,08. (40 41) OPERACIONES SOBRE EL SISTEMA HEMATICO Y LINFATICO,08. (40 41) OPERACIONES SOBRE EL SISTEMA HEMATICO Y LINFATICO
40.61,CANULACION CONDUCTO TORACICO,40 OPERACIONES SOBRE EL SISTEMA LINFATICO,08. (40 41) OPERACIONES SOBRE EL SISTEMA HEMATICO Y LINFATICO,08. (40 41) OPERACIONES SOBRE EL SISTEMA HEMATICO Y LINFATICO
40.62,FISTULIZACION CONDUCTO TORACICO,40 OPERACIONES SOBRE EL SISTEMA LINFATICO,08. (40 41) OPERACIONES SOBRE EL SISTEMA HEMATICO Y LINFATICO,08. (40 41) OPERACIONES SOBRE EL SISTEMA HEMATICO Y LINFATICO
40.63,CIERRE FISTULA CONDUCTO TORACICO,40 OPERACIONES SOBRE EL SISTEMA LINFATICO,08. (40 41) OPERACIONES SOBRE EL SISTEMA HEMATICO Y LINFATICO,08. (40 41) OPERACIONES SOBRE EL SISTEMA HEMATICO Y LINFATICO
40.64,LIGADURA CONDUCTO TORACICO,40 OPERACIONES SOBRE EL SISTEMA LINFATICO,08. (40 41) OPERACIONES SOBRE EL SISTEMA HEMATICO Y LINFATICO,08. (40 41) OPERACIONES SOBRE EL SISTEMA HEMATICO Y LINFATICO
40.69,OPERACION CONDUCTO TORACICO.OTRA,40 OPERACIONES SOBRE EL SISTEMA LINFATICO,08. (40 41) OPERACIONES SOBRE EL SISTEMA HEMATICO Y LINFATICO,08. (40 41) OPERACIONES SOBRE EL SISTEMA HEMATICO Y LINFATICO
40.9,OPERACION GANGLIO Y VASO LINFATICO OTRA,40 OPERACIONES SOBRE EL SISTEMA LINFATICO,08. (40 41) OPERACIONES SOBRE EL SISTEMA HEMATICO Y LINFATICO,08. (40 41) OPERACIONES SOBRE EL SISTEMA HEMATICO Y LINFATICO
41,OPERACION MEDULA OSEA Y BAZO,41 OPERACIONES SOBRE MEDULA OSEA Y BAZO,08. (40 41) OPERACIONES SOBRE EL SISTEMA HEMATICO Y LINFATICO,08. (40 41) OPERACIONES SOBRE EL SISTEMA HEMATICO Y LINFATICO
41.0,TRASPLANTE MEDULA OSEA,41 OPERACIONES SOBRE MEDULA OSEA Y BAZO,08. (40 41) OPERACIONES SOBRE EL SISTEMA HEMATICO Y LINFATICO,08. (40 41) OPERACIONES SOBRE EL SISTEMA HEMATICO Y LINFATICO
41.00,TRASPLANTE MEDULA OSEA NEOM,41 OPERACIONES SOBRE MEDULA OSEA Y BAZO,08. (40 41) OPERACIONES SOBRE EL SISTEMA HEMATICO Y LINFATICO,08. (40 41) OPERACIONES SOBRE EL SISTEMA HEMATICO Y LINFATICO
41.01,TRASPLANTE MEDULA OSEA AUTOLOGO SIN PURIFICACION,41 OPERACIONES SOBRE MEDULA OSEA Y BAZO,08. (40 41) OPERACIONES SOBRE EL SISTEMA HEMATICO Y LINFATICO,08. (40 41) OPERACIONES SOBRE EL SISTEMA HEMATICO Y LINFATICO
41.02,TRASPLANTE MEDULA OSEA ALOGENICO CON PURIFICACION,41 OPERACIONES SOBRE MEDULA OSEA Y BAZO,08. (40 41) OPERACIONES SOBRE EL SISTEMA HEMATICO Y LINFATICO,08. (40 41) OPERACIONES SOBRE EL SISTEMA HEMATICO Y LINFATICO
41.03,TRASPLANTE MEDULA OSEA ALOGENICO SIN PURIFICACION,41 OPERACIONES SOBRE MEDULA OSEA Y BAZO,08. (40 41) OPERACIONES SOBRE EL SISTEMA HEMATICO Y LINFATICO,08. (40 41) OPERACIONES SOBRE EL SISTEMA HEMATICO Y LINFATICO
41.04,TRASPLANTE CELULA MADRE AUTOLOGO SIN PURIFICACION,41 OPERACIONES SOBRE MEDULA OSEA Y BAZO,08. (40 41) OPERACIONES SOBRE EL SISTEMA HEMATICO Y LINFATICO,08. (40 41) OPERACIONES SOBRE EL SISTEMA HEMATICO Y LINFATICO
41.05,TRASPLANTE CELULA MADRE ALOGENICO SIN PURIFICACION,41 OPERACIONES SOBRE MEDULA OSEA Y BAZO,08. (40 41) OPERACIONES SOBRE EL SISTEMA HEMATICO Y LINFATICO,08. (40 41) OPERACIONES SOBRE EL SISTEMA HEMATICO Y LINFATICO
41.06,TRASPLANTE CELULA MADRE CORDON UMBILICAL,41 OPERACIONES SOBRE MEDULA OSEA Y BAZO,08. (40 41) OPERACIONES SOBRE EL SISTEMA HEMATICO Y LINFATICO,08. (40 41) OPERACIONES SOBRE EL SISTEMA HEMATICO Y LINFATICO
41.07,TRASPLANTE CELULA MADRE AUTOLOGO CON PURIFICACION,41 OPERACIONES SOBRE MEDULA OSEA Y BAZO,08. (40 41) OPERACIONES SOBRE EL SISTEMA HEMATICO Y LINFATICO,08. (40 41) OPERACIONES SOBRE EL SISTEMA HEMATICO Y LINFATICO
41.08,TRASPLANTE CELULA MADRE ALOGENICO CON PURIFICACION,41 OPERACIONES SOBRE MEDULA OSEA Y BAZO,08. (40 41) OPERACIONES SOBRE EL SISTEMA HEMATICO Y LINFATICO,08. (40 41) OPERACIONES SOBRE EL SISTEMA HEMATICO Y LINFATICO
41.09,TRASPLANTE MEDULA OSEA AUTOLOGO CON PURIFICACION,41 OPERACIONES SOBRE MEDULA OSEA Y BAZO,08. (40 41) OPERACIONES SOBRE EL SISTEMA HEMATICO Y LINFATICO,08. (40 41) OPERACIONES SOBRE EL SISTEMA HEMATICO Y LINFATICO
41.1,PUNCION BAZO,41 OPERACIONES SOBRE MEDULA OSEA Y BAZO,08. (40 41) OPERACIONES SOBRE EL SISTEMA HEMATICO Y LINFATICO,08. (40 41) OPERACIONES SOBRE EL SISTEMA HEMATICO Y LINFATICO
41.2,ESPLENOTOMIA,41 OPERACIONES SOBRE MEDULA OSEA Y BAZO,08. (40 41) OPERACIONES SOBRE EL SISTEMA HEMATICO Y LINFATICO,08. (40 41) OPERACIONES SOBRE EL SISTEMA HEMATICO Y LINFATICO
41.3,PROCEDIMIENTO DIAGNOSTICO MEDULA OSEA Y BAZO,41 OPERACIONES SOBRE MEDULA OSEA Y BAZO,08. (40 41) OPERACIONES SOBRE EL SISTEMA HEMATICO Y LINFATICO,08. (40 41) OPERACIONES SOBRE EL SISTEMA HEMATICO Y LINFATICO
41.31,BIOPSIA MEDULA OSEA,41 OPERACIONES SOBRE MEDULA OSEA Y BAZO,08. (40 41) OPERACIONES SOBRE EL SISTEMA HEMATICO Y LINFATICO,08. (40 41) OPERACIONES SOBRE EL SISTEMA HEMATICO Y LINFATICO
41.32,BIOPSIA BAZO POR ASPIRACION,41 OPERACIONES SOBRE MEDULA OSEA Y BAZO,08. (40 41) OPERACIONES SOBRE EL SISTEMA HEMATICO Y LINFATICO,08. (40 41) OPERACIONES SOBRE EL SISTEMA HEMATICO Y LINFATICO
41.33,BIOPSIA BAZO OTRA,41 OPERACIONES SOBRE MEDULA OSEA Y BAZO,08. (40 41) OPERACIONES SOBRE EL SISTEMA HEMATICO Y LINFATICO,08. (40 41) OPERACIONES SOBRE EL SISTEMA HEMATICO Y LINFATICO
41.38,PROCEDIMIENTO DIAGNOSTICO MEDULA OSEA OTRO,41 OPERACIONES SOBRE MEDULA OSEA Y BAZO,08. (40 41) OPERACIONES SOBRE EL SISTEMA HEMATICO Y LINFATICO,08. (40 41) OPERACIONES SOBRE EL SISTEMA HEMATICO Y LINFATICO
41.39,PROCEDIMIENTO DIAGNOSTICO BAZO OTRO,41 OPERACIONES SOBRE MEDULA OSEA Y BAZO,08. (40 41) OPERACIONES SOBRE EL SISTEMA HEMATICO Y LINFATICO,08. (40 41) OPERACIONES SOBRE EL SISTEMA HEMATICO Y LINFATICO
41.4,ESCISION BAZO LOCAL,41 OPERACIONES SOBRE MEDULA OSEA Y BAZO,08. (40 41) OPERACIONES SOBRE EL SISTEMA HEMATICO Y LINFATICO,08. (40 41) OPERACIONES SOBRE EL SISTEMA HEMATICO Y LINFATICO
41.41,MARSUPIALIZACION QUISTE BAZO,41 OPERACIONES SOBRE MEDULA OSEA Y BAZO,08. (40 41) OPERACIONES SOBRE EL SISTEMA HEMATICO Y LINFATICO,08. (40 41) OPERACIONES SOBRE EL SISTEMA HEMATICO Y LINFATICO
41.42,ESCISION BAZO LOCAL,41 OPERACIONES SOBRE MEDULA OSEA Y BAZO,08. (40 41) OPERACIONES SOBRE EL SISTEMA HEMATICO Y LINFATICO,08. (40 41) OPERACIONES SOBRE EL SISTEMA HEMATICO Y LINFATICO
41.43,ESPLENECTOMIA PARCIAL,41 OPERACIONES SOBRE MEDULA OSEA Y BAZO,08. (40 41) OPERACIONES SOBRE EL SISTEMA HEMATICO Y LINFATICO,08. (40 41) OPERACIONES SOBRE EL SISTEMA HEMATICO Y LINFATICO
41.5,ESPLENECTOMIA TOTAL,41 OPERACIONES SOBRE MEDULA OSEA Y BAZO,08. (40 41) OPERACIONES SOBRE EL SISTEMA HEMATICO Y LINFATICO,08. (40 41) OPERACIONES SOBRE EL SISTEMA HEMATICO Y LINFATICO
41.9,OPERACION BAZO Y MEDULA OSEA OTRA,41 OPERACIONES SOBRE MEDULA OSEA Y BAZO,08. (40 41) OPERACIONES SOBRE EL SISTEMA HEMATICO Y LINFATICO,08. (40 41) OPERACIONES SOBRE EL SISTEMA HEMATICO Y LINFATICO
41.91,ASPIRACION MEDULA OSEA DONANTE PARA TRASPLANTE,41 OPERACIONES SOBRE MEDULA OSEA Y BAZO,08. (40 41) OPERACIONES SOBRE EL SISTEMA HEMATICO Y LINFATICO,08. (40 41) OPERACIONES SOBRE EL SISTEMA HEMATICO Y LINFATICO
41.92,INYECCION MEDULA OSEA,41 OPERACIONES SOBRE MEDULA OSEA Y BAZO,08. (40 41) OPERACIONES SOBRE EL SISTEMA HEMATICO Y LINFATICO,08. (40 41) OPERACIONES SOBRE EL SISTEMA HEMATICO Y LINFATICO
41.93,ESCISION BAZO ACCESORIO,41 OPERACIONES SOBRE MEDULA OSEA Y BAZO,08. (40 41) OPERACIONES SOBRE EL SISTEMA HEMATICO Y LINFATICO,08. (40 41) OPERACIONES SOBRE EL SISTEMA HEMATICO Y LINFATICO
41.94,TRASPLANTE BAZO,41 OPERACIONES SOBRE MEDULA OSEA Y BAZO,08. (40 41) OPERACIONES SOBRE EL SISTEMA HEMATICO Y LINFATICO,08. (40 41) OPERACIONES SOBRE EL SISTEMA HEMATICO Y LINFATICO
41.95,REPARACION BAZO,41 OPERACIONES SOBRE MEDULA OSEA Y BAZO,08. (40 41) OPERACIONES SOBRE EL SISTEMA HEMATICO Y LINFATICO,08. (40 41) OPERACIONES SOBRE EL SISTEMA HEMATICO Y LINFATICO
41.98,OPERACION MEDULA OSEA OTRA,41 OPERACIONES SOBRE MEDULA OSEA Y BAZO,08. (40 41) OPERACIONES SOBRE EL SISTEMA HEMATICO Y LINFATICO,08. (40 41) OPERACIONES SOBRE EL SISTEMA HEMATICO Y LINFATICO
41.99,OPERACION BAZO OTRA,41 OPERACIONES SOBRE MEDULA OSEA Y BAZO,08. (40 41) OPERACIONES SOBRE EL SISTEMA HEMATICO Y LINFATICO,08. (40 41) OPERACIONES SOBRE EL SISTEMA HEMATICO Y LINFATICO
42,OPERACION ESOFAGO,42 OPERACIONES SOBRE ESOFAGO,09. (42 54) OPERACIONES SOBRE EL APARATO DIGESTIVO,09. (42 54) OPERACIONES SOBRE EL APARATO DIGESTIVO
42.0,ESOFAGOTOMIA,42 OPERACIONES SOBRE ESOFAGO,09. (42 54) OPERACIONES SOBRE EL APARATO DIGESTIVO,09. (42 54) OPERACIONES SOBRE EL APARATO DIGESTIVO
42.01,INCISION MEMBRANA ESOFAGICA,42 OPERACIONES SOBRE ESOFAGO,09. (42 54) OPERACIONES SOBRE EL APARATO DIGESTIVO,09. (42 54) OPERACIONES SOBRE EL APARATO DIGESTIVO
42.09,ESOFAGOTOMIA,42 OPERACIONES SOBRE ESOFAGO,09. (42 54) OPERACIONES SOBRE EL APARATO DIGESTIVO,09. (42 54) OPERACIONES SOBRE EL APARATO DIGESTIVO
42.1,ESOFAGOSTOMIA,42 OPERACIONES SOBRE ESOFAGO,09. (42 54) OPERACIONES SOBRE EL APARATO DIGESTIVO,09. (42 54) OPERACIONES SOBRE EL APARATO DIGESTIVO
42.10,ESOFAGOSTOMIA.NEOM,42 OPERACIONES SOBRE ESOFAGO,09. (42 54) OPERACIONES SOBRE EL APARATO DIGESTIVO,09. (42 54) OPERACIONES SOBRE EL APARATO DIGESTIVO
42.11,ESOFAGOSTOMIA.CERVICAL,42 OPERACIONES SOBRE ESOFAGO,09. (42 54) OPERACIONES SOBRE EL APARATO DIGESTIVO,09. (42 54) OPERACIONES SOBRE EL APARATO DIGESTIVO
42.12,EXTERIORIZACION DIVERTICULO ESOFAGICO,42 OPERACIONES SOBRE ESOFAGO,09. (42 54) OPERACIONES SOBRE EL APARATO DIGESTIVO,09. (42 54) OPERACIONES SOBRE EL APARATO DIGESTIVO
42.19,FISTULIZACION EXTERNA ESOFAGO OTRA,42 OPERACIONES SOBRE ESOFAGO,09. (42 54) OPERACIONES SOBRE EL APARATO DIGESTIVO,09. (42 54) OPERACIONES SOBRE EL APARATO DIGESTIVO
42.2,PROCEDIMIENTO DIAGNOSTICO ESOFAGO,42 OPERACIONES SOBRE ESOFAGO,09. (42 54) OPERACIONES SOBRE EL APARATO DIGESTIVO,09. (42 54) OPERACIONES SOBRE EL APARATO DIGESTIVO
42.21,ESOFAGOSCOPIA OPERATORIA POR INCISION,42 OPERACIONES SOBRE ESOFAGO,09. (42 54) OPERACIONES SOBRE EL APARATO DIGESTIVO,09. (42 54) OPERACIONES SOBRE EL APARATO DIGESTIVO
42.22,ESOFAGOSCOPIA POR ESTOMA ARTIFICIAL,42 OPERACIONES SOBRE ESOFAGO,09. (42 54) OPERACIONES SOBRE EL APARATO DIGESTIVO,09. (42 54) OPERACIONES SOBRE EL APARATO DIGESTIVO
42.23,ESOFAGOSCOPIA OTRA,42 OPERACIONES SOBRE ESOFAGO,09. (42 54) OPERACIONES SOBRE EL APARATO DIGESTIVO,09. (42 54) OPERACIONES SOBRE EL APARATO DIGESTIVO
42.24,BIOPSIA ESOFAGO CERRADA [ENDOSCOPICA],42 OPERACIONES SOBRE ESOFAGO,09. (42 54) OPERACIONES SOBRE EL APARATO DIGESTIVO,09. (42 54) OPERACIONES SOBRE EL APARATO DIGESTIVO
42.25,BIOPSIA ESOFAGO ABIERTA,42 OPERACIONES SOBRE ESOFAGO,09. (42 54) OPERACIONES SOBRE EL APARATO DIGESTIVO,09. (42 54) OPERACIONES SOBRE EL APARATO DIGESTIVO
42.29,PROCEDIMIENTO DIAGNOSTICO ESOFAGO OTRO,42 OPERACIONES SOBRE ESOFAGO,09. (42 54) OPERACIONES SOBRE EL APARATO DIGESTIVO,09. (42 54) OPERACIONES SOBRE EL APARATO DIGESTIVO
42.3,ESCISION ESOFAGO LOCAL,42 OPERACIONES SOBRE ESOFAGO,09. (42 54) OPERACIONES SOBRE EL APARATO DIGESTIVO,09. (42 54) OPERACIONES SOBRE EL APARATO DIGESTIVO
42.31,ESCISION DIVERTICULO ESOFAGO LOCAL,42 OPERACIONES SOBRE ESOFAGO,09. (42 54) OPERACIONES SOBRE EL APARATO DIGESTIVO,09. (42 54) OPERACIONES SOBRE EL APARATO DIGESTIVO
42.32,ESCISION ESOFAGO LOCAL.OTRA,42 OPERACIONES SOBRE ESOFAGO,09. (42 54) OPERACIONES SOBRE EL APARATO DIGESTIVO,09. (42 54) OPERACIONES SOBRE EL APARATO DIGESTIVO
42.33,ESCISION ESOFAGO LOCAL ENDOSCOPICA,42 OPERACIONES SOBRE ESOFAGO,09. (42 54) OPERACIONES SOBRE EL APARATO DIGESTIVO,09. (42 54) OPERACIONES SOBRE EL APARATO DIGESTIVO
42.39,ESCISION ESOFAGO LOCAL OTRA,42 OPERACIONES SOBRE ESOFAGO,09. (42 54) OPERACIONES SOBRE EL APARATO DIGESTIVO,09. (42 54) OPERACIONES SOBRE EL APARATO DIGESTIVO
42.4,ESCISION ESOFAGO,42 OPERACIONES SOBRE ESOFAGO,09. (42 54) OPERACIONES SOBRE EL APARATO DIGESTIVO,09. (42 54) OPERACIONES SOBRE EL APARATO DIGESTIVO
42.40,ESOFAGECTOMIA NEOM,42 OPERACIONES SOBRE ESOFAGO,09. (42 54) OPERACIONES SOBRE EL APARATO DIGESTIVO,09. (42 54) OPERACIONES SOBRE EL APARATO DIGESTIVO
42.41,ESOFAGECTOMIA PARCIAL,42 OPERACIONES SOBRE ESOFAGO,09. (42 54) OPERACIONES SOBRE EL APARATO DIGESTIVO,09. (42 54) OPERACIONES SOBRE EL APARATO DIGESTIVO
42.42,ESOFAGECTOMIA TOTAL,42 OPERACIONES SOBRE ESOFAGO,09. (42 54) OPERACIONES SOBRE EL APARATO DIGESTIVO,09. (42 54) OPERACIONES SOBRE EL APARATO DIGESTIVO
42.5,ANASTOMOSIS ESOFAGO INTRATORACICA,42 OPERACIONES SOBRE ESOFAGO,09. (42 54) OPERACIONES SOBRE EL APARATO DIGESTIVO,09. (42 54) OPERACIONES SOBRE EL APARATO DIGESTIVO
42.51,ESOFAGOESOFAGOSTOMIA INTRATORACICA,42 OPERACIONES SOBRE ESOFAGO,09. (42 54) OPERACIONES SOBRE EL APARATO DIGESTIVO,09. (42 54) OPERACIONES SOBRE EL APARATO DIGESTIVO
42.52,ESOFAGOGASTROSTOMIA INTRATORACICA,42 OPERACIONES SOBRE ESOFAGO,09. (42 54) OPERACIONES SOBRE EL APARATO DIGESTIVO,09. (42 54) OPERACIONES SOBRE EL APARATO DIGESTIVO
42.53,ANASTOMOSIS ESOFAGO INTRATORACICA CON INTESTINO DELGADO,42 OPERACIONES SOBRE ESOFAGO,09. (42 54) OPERACIONES SOBRE EL APARATO DIGESTIVO,09. (42 54) OPERACIONES SOBRE EL APARATO DIGESTIVO
42.54,ESOFAGOENTEROSTOMIA INTRATORACICA OTRA,42 OPERACIONES SOBRE ESOFAGO,09. (42 54) OPERACIONES SOBRE EL APARATO DIGESTIVO,09. (42 54) OPERACIONES SOBRE EL APARATO DIGESTIVO
42.55,ANASTOMOSIS ESOFAGO INTRATORACICA CON COLON,42 OPERACIONES SOBRE ESOFAGO,09. (42 54) OPERACIONES SOBRE EL APARATO DIGESTIVO,09. (42 54) OPERACIONES SOBRE EL APARATO DIGESTIVO
42.56,ESOFAGOCOLOSTOMIA INTRATORACICA OTRA,42 OPERACIONES SOBRE ESOFAGO,09. (42 54) OPERACIONES SOBRE EL APARATO DIGESTIVO,09. (42 54) OPERACIONES SOBRE EL APARATO DIGESTIVO
42.58,ANASTOMOSIS ESOFAGO INTRATORACICA CON OTRA INTERPOSICION,42 OPERACIONES SOBRE ESOFAGO,09. (42 54) OPERACIONES SOBRE EL APARATO DIGESTIVO,09. (42 54) OPERACIONES SOBRE EL APARATO DIGESTIVO
42.59,ANASTOMOSIS ESOFAGO INTRATORACICA.OTRA,42 OPERACIONES SOBRE ESOFAGO,09. (42 54) OPERACIONES SOBRE EL APARATO DIGESTIVO,09. (42 54) OPERACIONES SOBRE EL APARATO DIGESTIVO
42.6,ANASTOMOSIS ESOFAGO PREESTERNAL,42 OPERACIONES SOBRE ESOFAGO,09. (42 54) OPERACIONES SOBRE EL APARATO DIGESTIVO,09. (42 54) OPERACIONES SOBRE EL APARATO DIGESTIVO
42.61,ESOFAGOESOFAGOSTOMIA PREESTERNAL,42 OPERACIONES SOBRE ESOFAGO,09. (42 54) OPERACIONES SOBRE EL APARATO DIGESTIVO,09. (42 54) OPERACIONES SOBRE EL APARATO DIGESTIVO
42.62,ESOFAGOGASTROSTOMIA PREESTERNAL,42 OPERACIONES SOBRE ESOFAGO,09. (42 54) OPERACIONES SOBRE EL APARATO DIGESTIVO,09. (42 54) OPERACIONES SOBRE EL APARATO DIGESTIVO
42.63,ANASTOMOSIS ESOFAGO PREESTARNAL CON INTESTINO DELGADO,42 OPERACIONES SOBRE ESOFAGO,09. (42 54) OPERACIONES SOBRE EL APARATO DIGESTIVO,09. (42 54) OPERACIONES SOBRE EL APARATO DIGESTIVO
42.64,ESOFAGOENTEROSTOMIA PREESTERNAL OTRA,42 OPERACIONES SOBRE ESOFAGO,09. (42 54) OPERACIONES SOBRE EL APARATO DIGESTIVO,09. (42 54) OPERACIONES SOBRE EL APARATO DIGESTIVO
42.65,ANASTOMOSIS ESOFAGO PREESTERNAL CON COLON,42 OPERACIONES SOBRE ESOFAGO,09. (42 54) OPERACIONES SOBRE EL APARATO DIGESTIVO,09. (42 54) OPERACIONES SOBRE EL APARATO DIGESTIVO
42.66,ESOFAGOCOLOSTOMIA PREESTERNAL OTRA,42 OPERACIONES SOBRE ESOFAGO,09. (42 54) OPERACIONES SOBRE EL APARATO DIGESTIVO,09. (42 54) OPERACIONES SOBRE EL APARATO DIGESTIVO
42.68,ANASTOMOSIS ESOFAGO PREESTERNAL CON INTERPOSICION OTRA,42 OPERACIONES SOBRE ESOFAGO,09. (42 54) OPERACIONES SOBRE EL APARATO DIGESTIVO,09. (42 54) OPERACIONES SOBRE EL APARATO DIGESTIVO
42.69,ANASTOMOSIS ESOFAGO PREESTERNAL.OTRA,42 OPERACIONES SOBRE ESOFAGO,09. (42 54) OPERACIONES SOBRE EL APARATO DIGESTIVO,09. (42 54) OPERACIONES SOBRE EL APARATO DIGESTIVO
42.7,ESOFAGOMIOTOMIA (HELLER),42 OPERACIONES SOBRE ESOFAGO,09. (42 54) OPERACIONES SOBRE EL APARATO DIGESTIVO,09. (42 54) OPERACIONES SOBRE EL APARATO DIGESTIVO
42.8,REPARACION ESOFAGO OTRA,42 OPERACIONES SOBRE ESOFAGO,09. (42 54) OPERACIONES SOBRE EL APARATO DIGESTIVO,09. (42 54) OPERACIONES SOBRE EL APARATO DIGESTIVO
42.81,INTUBACION ESOFAGO PERMANENTE,42 OPERACIONES SOBRE ESOFAGO,09. (42 54) OPERACIONES SOBRE EL APARATO DIGESTIVO,09. (42 54) OPERACIONES SOBRE EL APARATO DIGESTIVO
42.82,SUTURA ESOFAGO,42 OPERACIONES SOBRE ESOFAGO,09. (42 54) OPERACIONES SOBRE EL APARATO DIGESTIVO,09. (42 54) OPERACIONES SOBRE EL APARATO DIGESTIVO
42.83,CIERRE ESOFAGOSTOMIA,42 OPERACIONES SOBRE ESOFAGO,09. (42 54) OPERACIONES SOBRE EL APARATO DIGESTIVO,09. (42 54) OPERACIONES SOBRE EL APARATO DIGESTIVO
42.84,REPARACION FISTULA ESOFAGO NCOC,42 OPERACIONES SOBRE ESOFAGO,09. (42 54) OPERACIONES SOBRE EL APARATO DIGESTIVO,09. (42 54) OPERACIONES SOBRE EL APARATO DIGESTIVO
42.85,REPARACION ESTENOSIS ESOFAGO,42 OPERACIONES SOBRE ESOFAGO,09. (42 54) OPERACIONES SOBRE EL APARATO DIGESTIVO,09. (42 54) OPERACIONES SOBRE EL APARATO DIGESTIVO
42.86,CREACION TUNEL SUBCUTANEO SIN ANASTOMOSIS ESOFAGO,42 OPERACIONES SOBRE ESOFAGO,09. (42 54) OPERACIONES SOBRE EL APARATO DIGESTIVO,09. (42 54) OPERACIONES SOBRE EL APARATO DIGESTIVO
42.87,INJERTO ESOFAGO OTRO,42 OPERACIONES SOBRE ESOFAGO,09. (42 54) OPERACIONES SOBRE EL APARATO DIGESTIVO,09. (42 54) OPERACIONES SOBRE EL APARATO DIGESTIVO
42.89,REPARACION ESOFAGO.OTRA,42 OPERACIONES SOBRE ESOFAGO,09. (42 54) OPERACIONES SOBRE EL APARATO DIGESTIVO,09. (42 54) OPERACIONES SOBRE EL APARATO DIGESTIVO
42.9,OPERACION ESOFAGO OTRA,42 OPERACIONES SOBRE ESOFAGO,09. (42 54) OPERACIONES SOBRE EL APARATO DIGESTIVO,09. (42 54) OPERACIONES SOBRE EL APARATO DIGESTIVO
42.91,ESCLEROSIS O LIGADURA VARIZ ESOFAGO,42 OPERACIONES SOBRE ESOFAGO,09. (42 54) OPERACIONES SOBRE EL APARATO DIGESTIVO,09. (42 54) OPERACIONES SOBRE EL APARATO DIGESTIVO
42.92,DILATACION ESOFAGO,42 OPERACIONES SOBRE ESOFAGO,09. (42 54) OPERACIONES SOBRE EL APARATO DIGESTIVO,09. (42 54) OPERACIONES SOBRE EL APARATO DIGESTIVO
42.99,OPERACION ESOFAGO.OTRA,42 OPERACIONES SOBRE ESOFAGO,09. (42 54) OPERACIONES SOBRE EL APARATO DIGESTIVO,09. (42 54) OPERACIONES SOBRE EL APARATO DIGESTIVO
43,INCISION ESTOMAGO,43 INCISION Y EXCISION DE ESTOMAGO,09. (42 54) OPERACIONES SOBRE EL APARATO DIGESTIVO,09. (42 54) OPERACIONES SOBRE EL APARATO DIGESTIVO
43.0,GASTROTOMIA,43 INCISION Y EXCISION DE ESTOMAGO,09. (42 54) OPERACIONES SOBRE EL APARATO DIGESTIVO,09. (42 54) OPERACIONES SOBRE EL APARATO DIGESTIVO
43.1,GASTROSTOMIA,43 INCISION Y EXCISION DE ESTOMAGO,09. (42 54) OPERACIONES SOBRE EL APARATO DIGESTIVO,09. (42 54) OPERACIONES SOBRE EL APARATO DIGESTIVO
43.11,GASTROSTOMIA PERCUTANEA ENDOSCOPICA [PEG],43 INCISION Y EXCISION DE ESTOMAGO,09. (42 54) OPERACIONES SOBRE EL APARATO DIGESTIVO,09. (42 54) OPERACIONES SOBRE EL APARATO DIGESTIVO
43.19,GASTROSTOMIA.OTRA,43 INCISION Y EXCISION DE ESTOMAGO,09. (42 54) OPERACIONES SOBRE EL APARATO DIGESTIVO,09. (42 54) OPERACIONES SOBRE EL APARATO DIGESTIVO
43.3,PILOROMIOTOMIA,43 INCISION Y EXCISION DE ESTOMAGO,09. (42 54) OPERACIONES SOBRE EL APARATO DIGESTIVO,09. (42 54) OPERACIONES SOBRE EL APARATO DIGESTIVO
43.4,ESCISION ESTOMAGO LOCAL,43 INCISION Y EXCISION DE ESTOMAGO,09. (42 54) OPERACIONES SOBRE EL APARATO DIGESTIVO,09. (42 54) OPERACIONES SOBRE EL APARATO DIGESTIVO
43.41,ESCISION ESTOMAGO LOCAL.ENDOSCOPICA,43 INCISION Y EXCISION DE ESTOMAGO,09. (42 54) OPERACIONES SOBRE EL APARATO DIGESTIVO,09. (42 54) OPERACIONES SOBRE EL APARATO DIGESTIVO
43.42,ESCISION ESTOMAGO LOCAL.OTRA,43 INCISION Y EXCISION DE ESTOMAGO,09. (42 54) OPERACIONES SOBRE EL APARATO DIGESTIVO,09. (42 54) OPERACIONES SOBRE EL APARATO DIGESTIVO
43.49,ELIMINACION ESTOMAGO LOCAL.OTRA,43 INCISION Y EXCISION DE ESTOMAGO,09. (42 54) OPERACIONES SOBRE EL APARATO DIGESTIVO,09. (42 54) OPERACIONES SOBRE EL APARATO DIGESTIVO
43.5,GASTRECTOMIA PARCIAL CON ANASTOMOSIS A ESOFAGO,43 INCISION Y EXCISION DE ESTOMAGO,09. (42 54) OPERACIONES SOBRE EL APARATO DIGESTIVO,09. (42 54) OPERACIONES SOBRE EL APARATO DIGESTIVO
43.6,GASTRECTOMIA PARCIAL CON ANASTOMOSIS A DUODENO,43 INCISION Y EXCISION DE ESTOMAGO,09. (42 54) OPERACIONES SOBRE EL APARATO DIGESTIVO,09. (42 54) OPERACIONES SOBRE EL APARATO DIGESTIVO
43.7,GASTRECTOMIA PARCIAL CON ANASTOMOSIS A YEYUNO,43 INCISION Y EXCISION DE ESTOMAGO,09. (42 54) OPERACIONES SOBRE EL APARATO DIGESTIVO,09. (42 54) OPERACIONES SOBRE EL APARATO DIGESTIVO
43.8,GASTRECTOMIA PARCIAL OTRA,43 INCISION Y EXCISION DE ESTOMAGO,09. (42 54) OPERACIONES SOBRE EL APARATO DIGESTIVO,09. (42 54) OPERACIONES SOBRE EL APARATO DIGESTIVO
43.81,GASTRECTOMIA PARCIAL CON TRANSPOSICION YEYUNO,43 INCISION Y EXCISION DE ESTOMAGO,09. (42 54) OPERACIONES SOBRE EL APARATO DIGESTIVO,09. (42 54) OPERACIONES SOBRE EL APARATO DIGESTIVO
43.82,GASTRECTOMIA LAPAROSCOPICA VERTICAL (TUBULAR),43 INCISION Y EXCISION DE ESTOMAGO,09. (42 54) OPERACIONES SOBRE EL APARATO DIGESTIVO,09. (42 54) OPERACIONES SOBRE EL APARATO DIGESTIVO
43.89,GASTRECTOMIA PARCIAL ABIERTA Y OTRA,43 INCISION Y EXCISION DE ESTOMAGO,09. (42 54) OPERACIONES SOBRE EL APARATO DIGESTIVO,09. (42 54) OPERACIONES SOBRE EL APARATO DIGESTIVO
43.9,GASTRECTOMIA TOTAL,43 INCISION Y EXCISION DE ESTOMAGO,09. (42 54) OPERACIONES SOBRE EL APARATO DIGESTIVO,09. (42 54) OPERACIONES SOBRE EL APARATO DIGESTIVO
43.91,GASTRECTOMIA TOTAL CON INTERPOSICION INTESTINO,43 INCISION Y EXCISION DE ESTOMAGO,09. (42 54) OPERACIONES SOBRE EL APARATO DIGESTIVO,09. (42 54) OPERACIONES SOBRE EL APARATO DIGESTIVO
43.99,GASTRECTOMIA TOTAL.OTRA,43 INCISION Y EXCISION DE ESTOMAGO,09. (42 54) OPERACIONES SOBRE EL APARATO DIGESTIVO,09. (42 54) OPERACIONES SOBRE EL APARATO DIGESTIVO
44,OPERACION ESTOMAGO OTRA,44 OTRAS OPERACIONES SOBRE EL ESTOMAGO,09. (42 54) OPERACIONES SOBRE EL APARATO DIGESTIVO,09. (42 54) OPERACIONES SOBRE EL APARATO DIGESTIVO
44.0,VAGOTOMIA,44 OTRAS OPERACIONES SOBRE EL ESTOMAGO,09. (42 54) OPERACIONES SOBRE EL APARATO DIGESTIVO,09. (42 54) OPERACIONES SOBRE EL APARATO DIGESTIVO
44.00,VAGOTOMIA.NEOM,44 OTRAS OPERACIONES SOBRE EL ESTOMAGO,09. (42 54) OPERACIONES SOBRE EL APARATO DIGESTIVO,09. (42 54) OPERACIONES SOBRE EL APARATO DIGESTIVO
44.01,VAGOTOMIA.TRONCULAR,44 OTRAS OPERACIONES SOBRE EL ESTOMAGO,09. (42 54) OPERACIONES SOBRE EL APARATO DIGESTIVO,09. (42 54) OPERACIONES SOBRE EL APARATO DIGESTIVO
44.02,VAGOTOMIA.SUPRASELECTIVA,44 OTRAS OPERACIONES SOBRE EL ESTOMAGO,09. (42 54) OPERACIONES SOBRE EL APARATO DIGESTIVO,09. (42 54) OPERACIONES SOBRE EL APARATO DIGESTIVO
44.03,VAGOTOMIA.SELECTIVA OTRA,44 OTRAS OPERACIONES SOBRE EL ESTOMAGO,09. (42 54) OPERACIONES SOBRE EL APARATO DIGESTIVO,09. (42 54) OPERACIONES SOBRE EL APARATO DIGESTIVO
44.1,PROCEDIMIENTO DIAGNOSTICO ESTOMAGO,44 OTRAS OPERACIONES SOBRE EL ESTOMAGO,09. (42 54) OPERACIONES SOBRE EL APARATO DIGESTIVO,09. (42 54) OPERACIONES SOBRE EL APARATO DIGESTIVO
44.11,GASTROSCOPIA TRANSABDOMINAL,44 OTRAS OPERACIONES SOBRE EL ESTOMAGO,09. (42 54) OPERACIONES SOBRE EL APARATO DIGESTIVO,09. (42 54) OPERACIONES SOBRE EL APARATO DIGESTIVO
44.12,GASTROSCOPIA POR ESTOMA ARTIFICIAL,44 OTRAS OPERACIONES SOBRE EL ESTOMAGO,09. (42 54) OPERACIONES SOBRE EL APARATO DIGESTIVO,09. (42 54) OPERACIONES SOBRE EL APARATO DIGESTIVO
44.13,GASTROSCOPIA OTRA,44 OTRAS OPERACIONES SOBRE EL ESTOMAGO,09. (42 54) OPERACIONES SOBRE EL APARATO DIGESTIVO,09. (42 54) OPERACIONES SOBRE EL APARATO DIGESTIVO
44.14,BIOPSIA ESTOMAGO ENDOSCOPICA POR CEPILLADO,44 OTRAS OPERACIONES SOBRE EL ESTOMAGO,09. (42 54) OPERACIONES SOBRE EL APARATO DIGESTIVO,09. (42 54) OPERACIONES SOBRE EL APARATO DIGESTIVO
44.15,BIOPSIA ESTOMAGO OTRA,44 OTRAS OPERACIONES SOBRE EL ESTOMAGO,09. (42 54) OPERACIONES SOBRE EL APARATO DIGESTIVO,09. (42 54) OPERACIONES SOBRE EL APARATO DIGESTIVO
44.19,PROCEDIMIENTO DIAGNOSTICO ESTOMAGO.OTRO,44 OTRAS OPERACIONES SOBRE EL ESTOMAGO,09. (42 54) OPERACIONES SOBRE EL APARATO DIGESTIVO,09. (42 54) OPERACIONES SOBRE EL APARATO DIGESTIVO
44.2,PILOROPLASTIA,44 OTRAS OPERACIONES SOBRE EL ESTOMAGO,09. (42 54) OPERACIONES SOBRE EL APARATO DIGESTIVO,09. (42 54) OPERACIONES SOBRE EL APARATO DIGESTIVO
44.21,PILOROPLASTIA POR INCISION,44 OTRAS OPERACIONES SOBRE EL ESTOMAGO,09. (42 54) OPERACIONES SOBRE EL APARATO DIGESTIVO,09. (42 54) OPERACIONES SOBRE EL APARATO DIGESTIVO
44.22,PILOROPLASTIA ENDOSCOPICA,44 OTRAS OPERACIONES SOBRE EL ESTOMAGO,09. (42 54) OPERACIONES SOBRE EL APARATO DIGESTIVO,09. (42 54) OPERACIONES SOBRE EL APARATO DIGESTIVO
44.29,PILOROPLASTIA OTRA,44 OTRAS OPERACIONES SOBRE EL ESTOMAGO,09. (42 54) OPERACIONES SOBRE EL APARATO DIGESTIVO,09. (42 54) OPERACIONES SOBRE EL APARATO DIGESTIVO
44.3,GASTROENTEROSTOMIA SIN GASTRECTOMIA,44 OTRAS OPERACIONES SOBRE EL ESTOMAGO,09. (42 54) OPERACIONES SOBRE EL APARATO DIGESTIVO,09. (42 54) OPERACIONES SOBRE EL APARATO DIGESTIVO
44.31,DERIVACION ESTOMAGO PROXIMAL,44 OTRAS OPERACIONES SOBRE EL ESTOMAGO,09. (42 54) OPERACIONES SOBRE EL APARATO DIGESTIVO,09. (42 54) OPERACIONES SOBRE EL APARATO DIGESTIVO
44.32,GATROYEYUNOSTOMIA PERCUTANEA [ENDOSCOPICA],44 OTRAS OPERACIONES SOBRE EL ESTOMAGO,09. (42 54) OPERACIONES SOBRE EL APARATO DIGESTIVO,09. (42 54) OPERACIONES SOBRE EL APARATO DIGESTIVO
44.38,GASTROENTEROSTOMIA LAPAROSCOPICA,44 OTRAS OPERACIONES SOBRE EL ESTOMAGO,09. (42 54) OPERACIONES SOBRE EL APARATO DIGESTIVO,09. (42 54) OPERACIONES SOBRE EL APARATO DIGESTIVO
44.39,GASTROENTEROSTOMIA.OTRA,44 OTRAS OPERACIONES SOBRE EL ESTOMAGO,09. (42 54) OPERACIONES SOBRE EL APARATO DIGESTIVO,09. (42 54) OPERACIONES SOBRE EL APARATO DIGESTIVO
44.4,CONTROL HEMORRAGIA ESTOMAGO O DUODENO,44 OTRAS OPERACIONES SOBRE EL ESTOMAGO,09. (42 54) OPERACIONES SOBRE EL APARATO DIGESTIVO,09. (42 54) OPERACIONES SOBRE EL APARATO DIGESTIVO
44.40,SUTURA ULCERA PEPTICA NEOM,44 OTRAS OPERACIONES SOBRE EL ESTOMAGO,09. (42 54) OPERACIONES SOBRE EL APARATO DIGESTIVO,09. (42 54) OPERACIONES SOBRE EL APARATO DIGESTIVO
44.41,SUTURA ULCERA ESTOMAGO,44 OTRAS OPERACIONES SOBRE EL ESTOMAGO,09. (42 54) OPERACIONES SOBRE EL APARATO DIGESTIVO,09. (42 54) OPERACIONES SOBRE EL APARATO DIGESTIVO
44.42,SUTURA ULCERA DUODENO,44 OTRAS OPERACIONES SOBRE EL ESTOMAGO,09. (42 54) OPERACIONES SOBRE EL APARATO DIGESTIVO,09. (42 54) OPERACIONES SOBRE EL APARATO DIGESTIVO
44.43,CONTROL ENDOSCOPICO HEMORRAGIA ESTOMAGO O DUODENO,44 OTRAS OPERACIONES SOBRE EL ESTOMAGO,09. (42 54) OPERACIONES SOBRE EL APARATO DIGESTIVO,09. (42 54) OPERACIONES SOBRE EL APARATO DIGESTIVO
44.44,EMBOLIZACION HEMORRAGIA ESTOMAGO O DUODENO,44 OTRAS OPERACIONES SOBRE EL ESTOMAGO,09. (42 54) OPERACIONES SOBRE EL APARATO DIGESTIVO,09. (42 54) OPERACIONES SOBRE EL APARATO DIGESTIVO
44.49,CONTROL HEMORRAGIA ESTOMAGO O DUODENO.OTRO,44 OTRAS OPERACIONES SOBRE EL ESTOMAGO,09. (42 54) OPERACIONES SOBRE EL APARATO DIGESTIVO,09. (42 54) OPERACIONES SOBRE EL APARATO DIGESTIVO
44.5,REVISION ANASTOMOSIS ESTOMAGO,44 OTRAS OPERACIONES SOBRE EL ESTOMAGO,09. (42 54) OPERACIONES SOBRE EL APARATO DIGESTIVO,09. (42 54) OPERACIONES SOBRE EL APARATO DIGESTIVO
44.6,REPARACION ESTOMAGO OTRA,44 OTRAS OPERACIONES SOBRE EL ESTOMAGO,09. (42 54) OPERACIONES SOBRE EL APARATO DIGESTIVO,09. (42 54) OPERACIONES SOBRE EL APARATO DIGESTIVO
44.61,SUTURA ESTOMAGO,44 OTRAS OPERACIONES SOBRE EL ESTOMAGO,09. (42 54) OPERACIONES SOBRE EL APARATO DIGESTIVO,09. (42 54) OPERACIONES SOBRE EL APARATO DIGESTIVO
44.62,CIERRE GASTROSTOMIA,44 OTRAS OPERACIONES SOBRE EL ESTOMAGO,09. (42 54) OPERACIONES SOBRE EL APARATO DIGESTIVO,09. (42 54) OPERACIONES SOBRE EL APARATO DIGESTIVO
44.63,CIERRE FISTULA ESTOMAGO OTRO,44 OTRAS OPERACIONES SOBRE EL ESTOMAGO,09. (42 54) OPERACIONES SOBRE EL APARATO DIGESTIVO,09. (42 54) OPERACIONES SOBRE EL APARATO DIGESTIVO
44.64,GASTROPEXIA,44 OTRAS OPERACIONES SOBRE EL ESTOMAGO,09. (42 54) OPERACIONES SOBRE EL APARATO DIGESTIVO,09. (42 54) OPERACIONES SOBRE EL APARATO DIGESTIVO
44.65,ESOFAGOGASTROPLASTIA,44 OTRAS OPERACIONES SOBRE EL ESTOMAGO,09. (42 54) OPERACIONES SOBRE EL APARATO DIGESTIVO,09. (42 54) OPERACIONES SOBRE EL APARATO DIGESTIVO
44.66,CARDIOPLASTIA Y FUNDUPLICATURA,44 OTRAS OPERACIONES SOBRE EL ESTOMAGO,09. (42 54) OPERACIONES SOBRE EL APARATO DIGESTIVO,09. (42 54) OPERACIONES SOBRE EL APARATO DIGESTIVO
44.67,CREACION COMPETENCIA ESFINTER GASTROESOFAGICO LAPAROSCOPICA,44 OTRAS OPERACIONES SOBRE EL ESTOMAGO,09. (42 54) OPERACIONES SOBRE EL APARATO DIGESTIVO,09. (42 54) OPERACIONES SOBRE EL APARATO DIGESTIVO
44.68,GASTROPLASTIA LAPAROSCOPICA,44 OTRAS OPERACIONES SOBRE EL ESTOMAGO,09. (42 54) OPERACIONES SOBRE EL APARATO DIGESTIVO,09. (42 54) OPERACIONES SOBRE EL APARATO DIGESTIVO
44.69,REPARACION ESTOMAGO.OTRA,44 OTRAS OPERACIONES SOBRE EL ESTOMAGO,09. (42 54) OPERACIONES SOBRE EL APARATO DIGESTIVO,09. (42 54) OPERACIONES SOBRE EL APARATO DIGESTIVO
44.9,OPERACION ESTOMAGO OTRA,44 OTRAS OPERACIONES SOBRE EL ESTOMAGO,09. (42 54) OPERACIONES SOBRE EL APARATO DIGESTIVO,09. (42 54) OPERACIONES SOBRE EL APARATO DIGESTIVO
44.91,LIGADURA VARIZ ESTOMAGO,44 OTRAS OPERACIONES SOBRE EL ESTOMAGO,09. (42 54) OPERACIONES SOBRE EL APARATO DIGESTIVO,09. (42 54) OPERACIONES SOBRE EL APARATO DIGESTIVO
44.92,MANIPULACION INTRAOPERATORIA ESTOMAGO,44 OTRAS OPERACIONES SOBRE EL ESTOMAGO,09. (42 54) OPERACIONES SOBRE EL APARATO DIGESTIVO,09. (42 54) OPERACIONES SOBRE EL APARATO DIGESTIVO
44.93,INSERCION BURBUJA ESTOMAGO (BALON),44 OTRAS OPERACIONES SOBRE EL ESTOMAGO,09. (42 54) OPERACIONES SOBRE EL APARATO DIGESTIVO,09. (42 54) OPERACIONES SOBRE EL APARATO DIGESTIVO
44.94,EXTRACCION BURBUJA ESTOMAGO (BALON),44 OTRAS OPERACIONES SOBRE EL ESTOMAGO,09. (42 54) OPERACIONES SOBRE EL APARATO DIGESTIVO,09. (42 54) OPERACIONES SOBRE EL APARATO DIGESTIVO
44.95,PROCEDIMIENTO GASTRICO RESTRICTIVO LAPAROSCOPICO,44 OTRAS OPERACIONES SOBRE EL ESTOMAGO,09. (42 54) OPERACIONES SOBRE EL APARATO DIGESTIVO,09. (42 54) OPERACIONES SOBRE EL APARATO DIGESTIVO
44.96,REVISION PROCEDIMIENTO GASTRICO RESTRICTIVO LAPAROSCOPICA,44 OTRAS OPERACIONES SOBRE EL ESTOMAGO,09. (42 54) OPERACIONES SOBRE EL APARATO DIGESTIVO,09. (42 54) OPERACIONES SOBRE EL APARATO DIGESTIVO
44.97,RETIRADA DISPOSITIVO GASTRICO RESTRICTIVO LAPAROSCOPICA,44 OTRAS OPERACIONES SOBRE EL ESTOMAGO,09. (42 54) OPERACIONES SOBRE EL APARATO DIGESTIVO,09. (42 54) OPERACIONES SOBRE EL APARATO DIGESTIVO
44.98,AJUSTE TAMAÑO DISPOSITIVO GASTRICO RESTRICTIVO LAPAROSCOPICO,44 OTRAS OPERACIONES SOBRE EL ESTOMAGO,09. (42 54) OPERACIONES SOBRE EL APARATO DIGESTIVO,09. (42 54) OPERACIONES SOBRE EL APARATO DIGESTIVO
44.99,OPERACION ESTOMAGO.OTRA,44 OTRAS OPERACIONES SOBRE EL ESTOMAGO,09. (42 54) OPERACIONES SOBRE EL APARATO DIGESTIVO,09. (42 54) OPERACIONES SOBRE EL APARATO DIGESTIVO
45,"INCISION,ESCISION Y ANASTOMOSIS INTESTINO","45 INCISION, EXCISION Y ANASTOMOSIS DE INTESTINO",09. (42 54) OPERACIONES SOBRE EL APARATO DIGESTIVO,09. (42 54) OPERACIONES SOBRE EL APARATO DIGESTIVO
45.0,INCISION INTESTINO,"45 INCISION, EXCISION Y ANASTOMOSIS DE INTESTINO",09. (42 54) OPERACIONES SOBRE EL APARATO DIGESTIVO,09. (42 54) OPERACIONES SOBRE EL APARATO DIGESTIVO
45.00,INCISION INTESTINO.NEOM,"45 INCISION, EXCISION Y ANASTOMOSIS DE INTESTINO",09. (42 54) OPERACIONES SOBRE EL APARATO DIGESTIVO,09. (42 54) OPERACIONES SOBRE EL APARATO DIGESTIVO
45.01,INCISION DUODENO,"45 INCISION, EXCISION Y ANASTOMOSIS DE INTESTINO",09. (42 54) OPERACIONES SOBRE EL APARATO DIGESTIVO,09. (42 54) OPERACIONES SOBRE EL APARATO DIGESTIVO
45.02,INCISION INTESTINO DELGADO OTRA,"45 INCISION, EXCISION Y ANASTOMOSIS DE INTESTINO",09. (42 54) OPERACIONES SOBRE EL APARATO DIGESTIVO,09. (42 54) OPERACIONES SOBRE EL APARATO DIGESTIVO
45.03,INCISION INTESTINO GRUESO,"45 INCISION, EXCISION Y ANASTOMOSIS DE INTESTINO",09. (42 54) OPERACIONES SOBRE EL APARATO DIGESTIVO,09. (42 54) OPERACIONES SOBRE EL APARATO DIGESTIVO
45.1,PROCEDIMIENTO DIAGNOSTICO INTESTINO DELGADO,"45 INCISION, EXCISION Y ANASTOMOSIS DE INTESTINO",09. (42 54) OPERACIONES SOBRE EL APARATO DIGESTIVO,09. (42 54) OPERACIONES SOBRE EL APARATO DIGESTIVO
45.11,ENDOSCOPIA TRANSABDOMINAL INTESTINO DELGADO,"45 INCISION, EXCISION Y ANASTOMOSIS DE INTESTINO",09. (42 54) OPERACIONES SOBRE EL APARATO DIGESTIVO,09. (42 54) OPERACIONES SOBRE EL APARATO DIGESTIVO
45.12,ENDOSCOPIA INTESTINO DELGADO POR ESTOMA ARTIFICIAL,"45 INCISION, EXCISION Y ANASTOMOSIS DE INTESTINO",09. (42 54) OPERACIONES SOBRE EL APARATO DIGESTIVO,09. (42 54) OPERACIONES SOBRE EL APARATO DIGESTIVO
45.13,ESOFAGOGASTRODUODENOSCOPIA [EGD],"45 INCISION, EXCISION Y ANASTOMOSIS DE INTESTINO",09. (42 54) OPERACIONES SOBRE EL APARATO DIGESTIVO,09. (42 54) OPERACIONES SOBRE EL APARATO DIGESTIVO
45.14,BIOPSIA INTESTINO DELGADO CERRADA [ENDOSCOPICA],"45 INCISION, EXCISION Y ANASTOMOSIS DE INTESTINO",09. (42 54) OPERACIONES SOBRE EL APARATO DIGESTIVO,09. (42 54) OPERACIONES SOBRE EL APARATO DIGESTIVO
45.15,BIOPSIA INTESTINO DELGADO ABIERTA,"45 INCISION, EXCISION Y ANASTOMOSIS DE INTESTINO",09. (42 54) OPERACIONES SOBRE EL APARATO DIGESTIVO,09. (42 54) OPERACIONES SOBRE EL APARATO DIGESTIVO
45.16,ESOFAGOGASTRODUODENOSCOPIA [EGD] CON BIOPSIA,"45 INCISION, EXCISION Y ANASTOMOSIS DE INTESTINO",09. (42 54) OPERACIONES SOBRE EL APARATO DIGESTIVO,09. (42 54) OPERACIONES SOBRE EL APARATO DIGESTIVO
45.19,PROCEDIMIENTO DIAGNOSTICO INTESTINO DELGADO.OTRO,"45 INCISION, EXCISION Y ANASTOMOSIS DE INTESTINO",09. (42 54) OPERACIONES SOBRE EL APARATO DIGESTIVO,09. (42 54) OPERACIONES SOBRE EL APARATO DIGESTIVO
45.2,PROCEDIMIENTO DIAGNOSTICO INTESTINO GRUESO,"45 INCISION, EXCISION Y ANASTOMOSIS DE INTESTINO",09. (42 54) OPERACIONES SOBRE EL APARATO DIGESTIVO,09. (42 54) OPERACIONES SOBRE EL APARATO DIGESTIVO
45.21,ENDOSCOPIA TRANSABDOMINAL INTESTINO GRUESO,"45 INCISION, EXCISION Y ANASTOMOSIS DE INTESTINO",09. (42 54) OPERACIONES SOBRE EL APARATO DIGESTIVO,09. (42 54) OPERACIONES SOBRE EL APARATO DIGESTIVO
45.22,ENDOSCOPIA INTESTINO GRUESO POR ESTOMA ARTIFICIAL,"45 INCISION, EXCISION Y ANASTOMOSIS DE INTESTINO",09. (42 54) OPERACIONES SOBRE EL APARATO DIGESTIVO,09. (42 54) OPERACIONES SOBRE EL APARATO DIGESTIVO
45.23,COLONOSCOPIA FLEXIBLE,"45 INCISION, EXCISION Y ANASTOMOSIS DE INTESTINO",09. (42 54) OPERACIONES SOBRE EL APARATO DIGESTIVO,09. (42 54) OPERACIONES SOBRE EL APARATO DIGESTIVO
45.24,SIGMOIDOSCOPIA FLEXIBLE,"45 INCISION, EXCISION Y ANASTOMOSIS DE INTESTINO",09. (42 54) OPERACIONES SOBRE EL APARATO DIGESTIVO,09. (42 54) OPERACIONES SOBRE EL APARATO DIGESTIVO
45.25,BIOPSIA INTESTINO GRUESO CERRADA [ENDOSCOPICA],"45 INCISION, EXCISION Y ANASTOMOSIS DE INTESTINO",09. (42 54) OPERACIONES SOBRE EL APARATO DIGESTIVO,09. (42 54) OPERACIONES SOBRE EL APARATO DIGESTIVO
45.26,BIOPSIA INTESTINO GRUESO ABIERTA,"45 INCISION, EXCISION Y ANASTOMOSIS DE INTESTINO",09. (42 54) OPERACIONES SOBRE EL APARATO DIGESTIVO,09. (42 54) OPERACIONES SOBRE EL APARATO DIGESTIVO
45.27,BIOPSIA INTESTINO NEOM,"45 INCISION, EXCISION Y ANASTOMOSIS DE INTESTINO",09. (42 54) OPERACIONES SOBRE EL APARATO DIGESTIVO,09. (42 54) OPERACIONES SOBRE EL APARATO DIGESTIVO
45.28,PROCEDIMIENTO DIAGNOSTICO INTESTINO GRUESO.OTRO,"45 INCISION, EXCISION Y ANASTOMOSIS DE INTESTINO",09. (42 54) OPERACIONES SOBRE EL APARATO DIGESTIVO,09. (42 54) OPERACIONES SOBRE EL APARATO DIGESTIVO
45.29,PROCEDIMIENTO DIAGNOSTICO INTESTINO NEOM,"45 INCISION, EXCISION Y ANASTOMOSIS DE INTESTINO",09. (42 54) OPERACIONES SOBRE EL APARATO DIGESTIVO,09. (42 54) OPERACIONES SOBRE EL APARATO DIGESTIVO
45.3,ESCISION INTESTINO DELGADO LOCAL,"45 INCISION, EXCISION Y ANASTOMOSIS DE INTESTINO",09. (42 54) OPERACIONES SOBRE EL APARATO DIGESTIVO,09. (42 54) OPERACIONES SOBRE EL APARATO DIGESTIVO
45.30,ESCISION DUODENO LOCAL ENDOSCOPICA,"45 INCISION, EXCISION Y ANASTOMOSIS DE INTESTINO",09. (42 54) OPERACIONES SOBRE EL APARATO DIGESTIVO,09. (42 54) OPERACIONES SOBRE EL APARATO DIGESTIVO
45.31,ESCISION DUODENO LOCAL OTRA,"45 INCISION, EXCISION Y ANASTOMOSIS DE INTESTINO",09. (42 54) OPERACIONES SOBRE EL APARATO DIGESTIVO,09. (42 54) OPERACIONES SOBRE EL APARATO DIGESTIVO
45.32,DESTRUCCION DUODENO LOCAL OTRA,"45 INCISION, EXCISION Y ANASTOMOSIS DE INTESTINO",09. (42 54) OPERACIONES SOBRE EL APARATO DIGESTIVO,09. (42 54) OPERACIONES SOBRE EL APARATO DIGESTIVO
45.33,ESCISION INTESTINO DELGADO LOCAL SALVO DUODENO,"45 INCISION, EXCISION Y ANASTOMOSIS DE INTESTINO",09. (42 54) OPERACIONES SOBRE EL APARATO DIGESTIVO,09. (42 54) OPERACIONES SOBRE EL APARATO DIGESTIVO
45.34,ESCISION INTESTINO DELGADO LOCAL SALVO DUODENO OTRA,"45 INCISION, EXCISION Y ANASTOMOSIS DE INTESTINO",09. (42 54) OPERACIONES SOBRE EL APARATO DIGESTIVO,09. (42 54) OPERACIONES SOBRE EL APARATO DIGESTIVO
45.4,ESCISION INTESTINO GRUESO LOCAL,"45 INCISION, EXCISION Y ANASTOMOSIS DE INTESTINO",09. (42 54) OPERACIONES SOBRE EL APARATO DIGESTIVO,09. (42 54) OPERACIONES SOBRE EL APARATO DIGESTIVO
45.41,ESCISION INTESTINO GRUESO LOCAL,"45 INCISION, EXCISION Y ANASTOMOSIS DE INTESTINO",09. (42 54) OPERACIONES SOBRE EL APARATO DIGESTIVO,09. (42 54) OPERACIONES SOBRE EL APARATO DIGESTIVO
45.42,POLIPECTOMIA INTESTINO GRUESO ENDOSCOPICA,"45 INCISION, EXCISION Y ANASTOMOSIS DE INTESTINO",09. (42 54) OPERACIONES SOBRE EL APARATO DIGESTIVO,09. (42 54) OPERACIONES SOBRE EL APARATO DIGESTIVO
45.43,ESCISION INTESTINO GRUESO LOCAL ENDOSCOPICA OTRA,"45 INCISION, EXCISION Y ANASTOMOSIS DE INTESTINO",09. (42 54) OPERACIONES SOBRE EL APARATO DIGESTIVO,09. (42 54) OPERACIONES SOBRE EL APARATO DIGESTIVO
45.49,ESCISION INTESTINO GRUESO LOCAL.OTRA,"45 INCISION, EXCISION Y ANASTOMOSIS DE INTESTINO",09. (42 54) OPERACIONES SOBRE EL APARATO DIGESTIVO,09. (42 54) OPERACIONES SOBRE EL APARATO DIGESTIVO
45.5,AISLAMIENTO SEGMENTO INTESTINO,"45 INCISION, EXCISION Y ANASTOMOSIS DE INTESTINO",09. (42 54) OPERACIONES SOBRE EL APARATO DIGESTIVO,09. (42 54) OPERACIONES SOBRE EL APARATO DIGESTIVO
45.50,AISLAMIENTO SEGMENTO INTESTINO.NEOM,"45 INCISION, EXCISION Y ANASTOMOSIS DE INTESTINO",09. (42 54) OPERACIONES SOBRE EL APARATO DIGESTIVO,09. (42 54) OPERACIONES SOBRE EL APARATO DIGESTIVO
45.51,AISLAMIENTO SEGMENTO INTESTINO DELGADO,"45 INCISION, EXCISION Y ANASTOMOSIS DE INTESTINO",09. (42 54) OPERACIONES SOBRE EL APARATO DIGESTIVO,09. (42 54) OPERACIONES SOBRE EL APARATO DIGESTIVO
45.52,AISLAMIENTO SEGMENTO INTESTINO GRUESO,"45 INCISION, EXCISION Y ANASTOMOSIS DE INTESTINO",09. (42 54) OPERACIONES SOBRE EL APARATO DIGESTIVO,09. (42 54) OPERACIONES SOBRE EL APARATO DIGESTIVO
45.6,ESCISION INTESTINO DELGADO OTRA,"45 INCISION, EXCISION Y ANASTOMOSIS DE INTESTINO",09. (42 54) OPERACIONES SOBRE EL APARATO DIGESTIVO,09. (42 54) OPERACIONES SOBRE EL APARATO DIGESTIVO
45.61,RESECCION INTESTINO DELGADO SEGMENTARIA MULTIPLE,"45 INCISION, EXCISION Y ANASTOMOSIS DE INTESTINO",09. (42 54) OPERACIONES SOBRE EL APARATO DIGESTIVO,09. (42 54) OPERACIONES SOBRE EL APARATO DIGESTIVO
45.62,RESECCION INTESTINO DELGADO PARCIAL OTRA,"45 INCISION, EXCISION Y ANASTOMOSIS DE INTESTINO",09. (42 54) OPERACIONES SOBRE EL APARATO DIGESTIVO,09. (42 54) OPERACIONES SOBRE EL APARATO DIGESTIVO
45.63,RESECCION INTESTINO DELGADO TOTAL,"45 INCISION, EXCISION Y ANASTOMOSIS DE INTESTINO",09. (42 54) OPERACIONES SOBRE EL APARATO DIGESTIVO,09. (42 54) OPERACIONES SOBRE EL APARATO DIGESTIVO
45.7,RESECCION INTESTINO GRUESO PARCIAL,"45 INCISION, EXCISION Y ANASTOMOSIS DE INTESTINO",09. (42 54) OPERACIONES SOBRE EL APARATO DIGESTIVO,09. (42 54) OPERACIONES SOBRE EL APARATO DIGESTIVO
45.71,RESECCION INTESTINO GRUESO SEGMENTARIA MULTIPLE,"45 INCISION, EXCISION Y ANASTOMOSIS DE INTESTINO",09. (42 54) OPERACIONES SOBRE EL APARATO DIGESTIVO,09. (42 54) OPERACIONES SOBRE EL APARATO DIGESTIVO
45.72,CECECTOMIA,"45 INCISION, EXCISION Y ANASTOMOSIS DE INTESTINO",09. (42 54) OPERACIONES SOBRE EL APARATO DIGESTIVO,09. (42 54) OPERACIONES SOBRE EL APARATO DIGESTIVO
45.73,HEMICOLECTOMIA DERECHA,"45 INCISION, EXCISION Y ANASTOMOSIS DE INTESTINO",09. (42 54) OPERACIONES SOBRE EL APARATO DIGESTIVO,09. (42 54) OPERACIONES SOBRE EL APARATO DIGESTIVO
45.74,RESECCION COLON TRANSVERSO,"45 INCISION, EXCISION Y ANASTOMOSIS DE INTESTINO",09. (42 54) OPERACIONES SOBRE EL APARATO DIGESTIVO,09. (42 54) OPERACIONES SOBRE EL APARATO DIGESTIVO
45.75,HEMICOLECTOMIA IZQUIERDA,"45 INCISION, EXCISION Y ANASTOMOSIS DE INTESTINO",09. (42 54) OPERACIONES SOBRE EL APARATO DIGESTIVO,09. (42 54) OPERACIONES SOBRE EL APARATO DIGESTIVO
45.76,SIGMOIDECTOMIA,"45 INCISION, EXCISION Y ANASTOMOSIS DE INTESTINO",09. (42 54) OPERACIONES SOBRE EL APARATO DIGESTIVO,09. (42 54) OPERACIONES SOBRE EL APARATO DIGESTIVO
45.79,RESECCION INTESTINO GRUESO PARCIAL.OTRA,"45 INCISION, EXCISION Y ANASTOMOSIS DE INTESTINO",09. (42 54) OPERACIONES SOBRE EL APARATO DIGESTIVO,09. (42 54) OPERACIONES SOBRE EL APARATO DIGESTIVO
45.8,COLECTOMIA TOTAL INTRAABDOMINAL,"45 INCISION, EXCISION Y ANASTOMOSIS DE INTESTINO",09. (42 54) OPERACIONES SOBRE EL APARATO DIGESTIVO,09. (42 54) OPERACIONES SOBRE EL APARATO DIGESTIVO
45.81,COLECTOMIA TOTAL INTRAABDOMINAL.LAPAROSCOPICA,"45 INCISION, EXCISION Y ANASTOMOSIS DE INTESTINO",09. (42 54) OPERACIONES SOBRE EL APARATO DIGESTIVO,09. (42 54) OPERACIONES SOBRE EL APARATO DIGESTIVO
45.82,COLECTOMIA TOTAL INTRAABDOMINAL.ABIERTA,"45 INCISION, EXCISION Y ANASTOMOSIS DE INTESTINO",09. (42 54) OPERACIONES SOBRE EL APARATO DIGESTIVO,09. (42 54) OPERACIONES SOBRE EL APARATO DIGESTIVO
45.83,COLECTOMIA TOTAL INTRAABDOMINAL.OTRA Y NEOM,"45 INCISION, EXCISION Y ANASTOMOSIS DE INTESTINO",09. (42 54) OPERACIONES SOBRE EL APARATO DIGESTIVO,09. (42 54) OPERACIONES SOBRE EL APARATO DIGESTIVO
45.9,ANASTOMOSIS INTESTINO,"45 INCISION, EXCISION Y ANASTOMOSIS DE INTESTINO",09. (42 54) OPERACIONES SOBRE EL APARATO DIGESTIVO,09. (42 54) OPERACIONES SOBRE EL APARATO DIGESTIVO
45.90,ANASTOMOSIS INTESTINO.NEOM,"45 INCISION, EXCISION Y ANASTOMOSIS DE INTESTINO",09. (42 54) OPERACIONES SOBRE EL APARATO DIGESTIVO,09. (42 54) OPERACIONES SOBRE EL APARATO DIGESTIVO
45.91,ANASTOMOSIS INTESTINO DELGADO A INTESTINO DELGADO,"45 INCISION, EXCISION Y ANASTOMOSIS DE INTESTINO",09. (42 54) OPERACIONES SOBRE EL APARATO DIGESTIVO,09. (42 54) OPERACIONES SOBRE EL APARATO DIGESTIVO
45.92,ANASTOMOSIS INTESTINO DELGADO A MUÑON RECTO,"45 INCISION, EXCISION Y ANASTOMOSIS DE INTESTINO",09. (42 54) OPERACIONES SOBRE EL APARATO DIGESTIVO,09. (42 54) OPERACIONES SOBRE EL APARATO DIGESTIVO
45.93,ANASTOMOSIS INTESTINO DELGADO A INTESTINO GRUESO,"45 INCISION, EXCISION Y ANASTOMOSIS DE INTESTINO",09. (42 54) OPERACIONES SOBRE EL APARATO DIGESTIVO,09. (42 54) OPERACIONES SOBRE EL APARATO DIGESTIVO
45.94,ANASTOMOSIS INTESTINO GRUESO A INTESTINO GRUESO,"45 INCISION, EXCISION Y ANASTOMOSIS DE INTESTINO",09. (42 54) OPERACIONES SOBRE EL APARATO DIGESTIVO,09. (42 54) OPERACIONES SOBRE EL APARATO DIGESTIVO
45.95,ANASTOMOSIS INTESTINO DELGADO A ANO,"45 INCISION, EXCISION Y ANASTOMOSIS DE INTESTINO",09. (42 54) OPERACIONES SOBRE EL APARATO DIGESTIVO,09. (42 54) OPERACIONES SOBRE EL APARATO DIGESTIVO
46,OPERACION INTESTINO OTRA,46 OTRAS OPERACIONES SOBRE INTESTINO,09. (42 54) OPERACIONES SOBRE EL APARATO DIGESTIVO,09. (42 54) OPERACIONES SOBRE EL APARATO DIGESTIVO
46.0,EXTERIORIZACION INTESTINO,46 OTRAS OPERACIONES SOBRE INTESTINO,09. (42 54) OPERACIONES SOBRE EL APARATO DIGESTIVO,09. (42 54) OPERACIONES SOBRE EL APARATO DIGESTIVO
46.01,EXTERIORIZACION INTESTINO DELGADO,46 OTRAS OPERACIONES SOBRE INTESTINO,09. (42 54) OPERACIONES SOBRE EL APARATO DIGESTIVO,09. (42 54) OPERACIONES SOBRE EL APARATO DIGESTIVO
46.02,RESECCION INTESTINO DELGADO SEGMENTO EXTERIORIZADO,46 OTRAS OPERACIONES SOBRE INTESTINO,09. (42 54) OPERACIONES SOBRE EL APARATO DIGESTIVO,09. (42 54) OPERACIONES SOBRE EL APARATO DIGESTIVO
46.03,EXTERIORIZACION INTESTINO GRUESO,46 OTRAS OPERACIONES SOBRE INTESTINO,09. (42 54) OPERACIONES SOBRE EL APARATO DIGESTIVO,09. (42 54) OPERACIONES SOBRE EL APARATO DIGESTIVO
46.04,RESECCION INTESTINO GRUESO SEGMENTO EXTERIORIZADO,46 OTRAS OPERACIONES SOBRE INTESTINO,09. (42 54) OPERACIONES SOBRE EL APARATO DIGESTIVO,09. (42 54) OPERACIONES SOBRE EL APARATO DIGESTIVO
46.1,COLOSTOMIA,46 OTRAS OPERACIONES SOBRE INTESTINO,09. (42 54) OPERACIONES SOBRE EL APARATO DIGESTIVO,09. (42 54) OPERACIONES SOBRE EL APARATO DIGESTIVO
46.10,COLOSTOMIA.NEOM,46 OTRAS OPERACIONES SOBRE INTESTINO,09. (42 54) OPERACIONES SOBRE EL APARATO DIGESTIVO,09. (42 54) OPERACIONES SOBRE EL APARATO DIGESTIVO
46.11,COLOSTOMIA.TEMPORAL,46 OTRAS OPERACIONES SOBRE INTESTINO,09. (42 54) OPERACIONES SOBRE EL APARATO DIGESTIVO,09. (42 54) OPERACIONES SOBRE EL APARATO DIGESTIVO
46.13,COLOSTOMIA.PERMANENTE,46 OTRAS OPERACIONES SOBRE INTESTINO,09. (42 54) OPERACIONES SOBRE EL APARATO DIGESTIVO,09. (42 54) OPERACIONES SOBRE EL APARATO DIGESTIVO
46.14,APERTURA RETARDADA COLOSTOMIA,46 OTRAS OPERACIONES SOBRE INTESTINO,09. (42 54) OPERACIONES SOBRE EL APARATO DIGESTIVO,09. (42 54) OPERACIONES SOBRE EL APARATO DIGESTIVO
46.2,ILEOSTOMIA,46 OTRAS OPERACIONES SOBRE INTESTINO,09. (42 54) OPERACIONES SOBRE EL APARATO DIGESTIVO,09. (42 54) OPERACIONES SOBRE EL APARATO DIGESTIVO
46.20,ILEOSTOMIA.NEOM,46 OTRAS OPERACIONES SOBRE INTESTINO,09. (42 54) OPERACIONES SOBRE EL APARATO DIGESTIVO,09. (42 54) OPERACIONES SOBRE EL APARATO DIGESTIVO
46.21,ILEOSTOMIA.TEMPORAL,46 OTRAS OPERACIONES SOBRE INTESTINO,09. (42 54) OPERACIONES SOBRE EL APARATO DIGESTIVO,09. (42 54) OPERACIONES SOBRE EL APARATO DIGESTIVO
46.22,ILEOSTOMIA.CONTINENTE,46 OTRAS OPERACIONES SOBRE INTESTINO,09. (42 54) OPERACIONES SOBRE EL APARATO DIGESTIVO,09. (42 54) OPERACIONES SOBRE EL APARATO DIGESTIVO
46.23,ILEOSTOMIA.PERMANENTE OTRA,46 OTRAS OPERACIONES SOBRE INTESTINO,09. (42 54) OPERACIONES SOBRE EL APARATO DIGESTIVO,09. (42 54) OPERACIONES SOBRE EL APARATO DIGESTIVO
46.24,APERTURA RETARDADA ILEOSTOMIA,46 OTRAS OPERACIONES SOBRE INTESTINO,09. (42 54) OPERACIONES SOBRE EL APARATO DIGESTIVO,09. (42 54) OPERACIONES SOBRE EL APARATO DIGESTIVO
46.3,ENTEROSTOMIA OTRA,46 OTRAS OPERACIONES SOBRE INTESTINO,09. (42 54) OPERACIONES SOBRE EL APARATO DIGESTIVO,09. (42 54) OPERACIONES SOBRE EL APARATO DIGESTIVO
46.31,APERTURA RETARDADA ENTEROSTOMIA OTRA,46 OTRAS OPERACIONES SOBRE INTESTINO,09. (42 54) OPERACIONES SOBRE EL APARATO DIGESTIVO,09. (42 54) OPERACIONES SOBRE EL APARATO DIGESTIVO
46.32,YEYUNOSTOMIA PERCUTANEA ENDOSCOPICA [PEJ],46 OTRAS OPERACIONES SOBRE INTESTINO,09. (42 54) OPERACIONES SOBRE EL APARATO DIGESTIVO,09. (42 54) OPERACIONES SOBRE EL APARATO DIGESTIVO
46.39,ENTEROSTOMIA.OTRA,46 OTRAS OPERACIONES SOBRE INTESTINO,09. (42 54) OPERACIONES SOBRE EL APARATO DIGESTIVO,09. (42 54) OPERACIONES SOBRE EL APARATO DIGESTIVO
46.4,REVISION ESTOMA INTESTINO,46 OTRAS OPERACIONES SOBRE INTESTINO,09. (42 54) OPERACIONES SOBRE EL APARATO DIGESTIVO,09. (42 54) OPERACIONES SOBRE EL APARATO DIGESTIVO
46.40,REVISION ESTOMA INTESTINO.NEOM,46 OTRAS OPERACIONES SOBRE INTESTINO,09. (42 54) OPERACIONES SOBRE EL APARATO DIGESTIVO,09. (42 54) OPERACIONES SOBRE EL APARATO DIGESTIVO
46.41,REVISION ESTOMA INTESTINO DELGADO,46 OTRAS OPERACIONES SOBRE INTESTINO,09. (42 54) OPERACIONES SOBRE EL APARATO DIGESTIVO,09. (42 54) OPERACIONES SOBRE EL APARATO DIGESTIVO
46.42,REPARACION HERNIA PARACOLOSTOMICA,46 OTRAS OPERACIONES SOBRE INTESTINO,09. (42 54) OPERACIONES SOBRE EL APARATO DIGESTIVO,09. (42 54) OPERACIONES SOBRE EL APARATO DIGESTIVO
46.43,REVISION ESTOMA INTESTINO GRUESO OTRA,46 OTRAS OPERACIONES SOBRE INTESTINO,09. (42 54) OPERACIONES SOBRE EL APARATO DIGESTIVO,09. (42 54) OPERACIONES SOBRE EL APARATO DIGESTIVO
46.5,CIERRE ESTOMA INTESTINO,46 OTRAS OPERACIONES SOBRE INTESTINO,09. (42 54) OPERACIONES SOBRE EL APARATO DIGESTIVO,09. (42 54) OPERACIONES SOBRE EL APARATO DIGESTIVO
46.50,CIERRE ESTOMA INTESTINO.NEOM,46 OTRAS OPERACIONES SOBRE INTESTINO,09. (42 54) OPERACIONES SOBRE EL APARATO DIGESTIVO,09. (42 54) OPERACIONES SOBRE EL APARATO DIGESTIVO
46.51,CIERRE ESTOMA INTESTINO DELGADO,46 OTRAS OPERACIONES SOBRE INTESTINO,09. (42 54) OPERACIONES SOBRE EL APARATO DIGESTIVO,09. (42 54) OPERACIONES SOBRE EL APARATO DIGESTIVO
46.52,CIERRE ESTOMA INTESTINO GRUESO,46 OTRAS OPERACIONES SOBRE INTESTINO,09. (42 54) OPERACIONES SOBRE EL APARATO DIGESTIVO,09. (42 54) OPERACIONES SOBRE EL APARATO DIGESTIVO
46.6,FIJACION INTESTINO,46 OTRAS OPERACIONES SOBRE INTESTINO,09. (42 54) OPERACIONES SOBRE EL APARATO DIGESTIVO,09. (42 54) OPERACIONES SOBRE EL APARATO DIGESTIVO
46.60,FIJACION INTESTINO.NEOM,46 OTRAS OPERACIONES SOBRE INTESTINO,09. (42 54) OPERACIONES SOBRE EL APARATO DIGESTIVO,09. (42 54) OPERACIONES SOBRE EL APARATO DIGESTIVO
46.61,FIJACION INTESTINO DELGADO A PARED ABDOMEN,46 OTRAS OPERACIONES SOBRE INTESTINO,09. (42 54) OPERACIONES SOBRE EL APARATO DIGESTIVO,09. (42 54) OPERACIONES SOBRE EL APARATO DIGESTIVO
46.62,FIJACION INTESTINO DELGADO OTRA,46 OTRAS OPERACIONES SOBRE INTESTINO,09. (42 54) OPERACIONES SOBRE EL APARATO DIGESTIVO,09. (42 54) OPERACIONES SOBRE EL APARATO DIGESTIVO
46.63,FIJACION INTESTINO GRUESO A PARED ABDOMEN,46 OTRAS OPERACIONES SOBRE INTESTINO,09. (42 54) OPERACIONES SOBRE EL APARATO DIGESTIVO,09. (42 54) OPERACIONES SOBRE EL APARATO DIGESTIVO
46.64,FIJACION INTESTINO GRUESO OTRA,46 OTRAS OPERACIONES SOBRE INTESTINO,09. (42 54) OPERACIONES SOBRE EL APARATO DIGESTIVO,09. (42 54) OPERACIONES SOBRE EL APARATO DIGESTIVO
46.7,REPARACION INTESTINO OTRA,46 OTRAS OPERACIONES SOBRE INTESTINO,09. (42 54) OPERACIONES SOBRE EL APARATO DIGESTIVO,09. (42 54) OPERACIONES SOBRE EL APARATO DIGESTIVO
46.71,SUTURA DUODENO,46 OTRAS OPERACIONES SOBRE INTESTINO,09. (42 54) OPERACIONES SOBRE EL APARATO DIGESTIVO,09. (42 54) OPERACIONES SOBRE EL APARATO DIGESTIVO
46.72,CIERRE FISTULA DUODENO,46 OTRAS OPERACIONES SOBRE INTESTINO,09. (42 54) OPERACIONES SOBRE EL APARATO DIGESTIVO,09. (42 54) OPERACIONES SOBRE EL APARATO DIGESTIVO
46.73,SUTURA INTESTINO DELGADO SALVO DUODENO,46 OTRAS OPERACIONES SOBRE INTESTINO,09. (42 54) OPERACIONES SOBRE EL APARATO DIGESTIVO,09. (42 54) OPERACIONES SOBRE EL APARATO DIGESTIVO
46.74,CIERRE FISTULA INTESTINO DELGADO SALVO DUODENO,46 OTRAS OPERACIONES SOBRE INTESTINO,09. (42 54) OPERACIONES SOBRE EL APARATO DIGESTIVO,09. (42 54) OPERACIONES SOBRE EL APARATO DIGESTIVO
46.75,SUTURA INTESTINO GRUESO,46 OTRAS OPERACIONES SOBRE INTESTINO,09. (42 54) OPERACIONES SOBRE EL APARATO DIGESTIVO,09. (42 54) OPERACIONES SOBRE EL APARATO DIGESTIVO
46.76,CIERRE FISTULA INTESTINO GRUESO,46 OTRAS OPERACIONES SOBRE INTESTINO,09. (42 54) OPERACIONES SOBRE EL APARATO DIGESTIVO,09. (42 54) OPERACIONES SOBRE EL APARATO DIGESTIVO
46.79,REPARACION INTESTINO.OTRA,46 OTRAS OPERACIONES SOBRE INTESTINO,09. (42 54) OPERACIONES SOBRE EL APARATO DIGESTIVO,09. (42 54) OPERACIONES SOBRE EL APARATO DIGESTIVO
46.8,MANIPULACION INTRABDOMINAL INTESTINO,46 OTRAS OPERACIONES SOBRE INTESTINO,09. (42 54) OPERACIONES SOBRE EL APARATO DIGESTIVO,09. (42 54) OPERACIONES SOBRE EL APARATO DIGESTIVO
46.80,MANIPULACION INTRABDOMINAL INTESTINO.NEOM,46 OTRAS OPERACIONES SOBRE INTESTINO,09. (42 54) OPERACIONES SOBRE EL APARATO DIGESTIVO,09. (42 54) OPERACIONES SOBRE EL APARATO DIGESTIVO
46.81,MANIPULACION INTRABDOMINAL INTESTINO DELGADO,46 OTRAS OPERACIONES SOBRE INTESTINO,09. (42 54) OPERACIONES SOBRE EL APARATO DIGESTIVO,09. (42 54) OPERACIONES SOBRE EL APARATO DIGESTIVO
46.82,MANIPULACION INTRABDOMINAL INTESTINO GRUESO,46 OTRAS OPERACIONES SOBRE INTESTINO,09. (42 54) OPERACIONES SOBRE EL APARATO DIGESTIVO,09. (42 54) OPERACIONES SOBRE EL APARATO DIGESTIVO
46.85,DILATACION INTESTINO,46 OTRAS OPERACIONES SOBRE INTESTINO,09. (42 54) OPERACIONES SOBRE EL APARATO DIGESTIVO,09. (42 54) OPERACIONES SOBRE EL APARATO DIGESTIVO
46.86,INSERCION ENDOPROTESIS COLON ENDOSCOPICA,46 OTRAS OPERACIONES SOBRE INTESTINO,09. (42 54) OPERACIONES SOBRE EL APARATO DIGESTIVO,09. (42 54) OPERACIONES SOBRE EL APARATO DIGESTIVO
46.87,INSERCION ENDOPROTESIS COLON OTRA,46 OTRAS OPERACIONES SOBRE INTESTINO,09. (42 54) OPERACIONES SOBRE EL APARATO DIGESTIVO,09. (42 54) OPERACIONES SOBRE EL APARATO DIGESTIVO
46.9,OPERACION INTESTINO OTRA,46 OTRAS OPERACIONES SOBRE INTESTINO,09. (42 54) OPERACIONES SOBRE EL APARATO DIGESTIVO,09. (42 54) OPERACIONES SOBRE EL APARATO DIGESTIVO
46.91,MIOTOMIA COLON SIGMOIDE,46 OTRAS OPERACIONES SOBRE INTESTINO,09. (42 54) OPERACIONES SOBRE EL APARATO DIGESTIVO,09. (42 54) OPERACIONES SOBRE EL APARATO DIGESTIVO
46.92,MIOTOMIA COLON OTRA,46 OTRAS OPERACIONES SOBRE INTESTINO,09. (42 54) OPERACIONES SOBRE EL APARATO DIGESTIVO,09. (42 54) OPERACIONES SOBRE EL APARATO DIGESTIVO
46.93,REVISION ANASTOMOSIS INTESTINO DELGADO,46 OTRAS OPERACIONES SOBRE INTESTINO,09. (42 54) OPERACIONES SOBRE EL APARATO DIGESTIVO,09. (42 54) OPERACIONES SOBRE EL APARATO DIGESTIVO
46.94,REVISION ANASTOMOSIS INTESTINO GRUESO,46 OTRAS OPERACIONES SOBRE INTESTINO,09. (42 54) OPERACIONES SOBRE EL APARATO DIGESTIVO,09. (42 54) OPERACIONES SOBRE EL APARATO DIGESTIVO
46.95,PERFUSION LOCAL INTESTINO DELGADO,46 OTRAS OPERACIONES SOBRE INTESTINO,09. (42 54) OPERACIONES SOBRE EL APARATO DIGESTIVO,09. (42 54) OPERACIONES SOBRE EL APARATO DIGESTIVO
46.96,PERFUSION LOCAL INTESTINO GRUESO,46 OTRAS OPERACIONES SOBRE INTESTINO,09. (42 54) OPERACIONES SOBRE EL APARATO DIGESTIVO,09. (42 54) OPERACIONES SOBRE EL APARATO DIGESTIVO
46.97,TRASPLANTE INTESTINO,46 OTRAS OPERACIONES SOBRE INTESTINO,09. (42 54) OPERACIONES SOBRE EL APARATO DIGESTIVO,09. (42 54) OPERACIONES SOBRE EL APARATO DIGESTIVO
46.99,OPERACION INESTINO.OTRA,46 OTRAS OPERACIONES SOBRE INTESTINO,09. (42 54) OPERACIONES SOBRE EL APARATO DIGESTIVO,09. (42 54) OPERACIONES SOBRE EL APARATO DIGESTIVO
47,OPERACION APENDICE,47 OPERACIONES SOBRE APENDICE,09. (42 54) OPERACIONES SOBRE EL APARATO DIGESTIVO,09. (42 54) OPERACIONES SOBRE EL APARATO DIGESTIVO
47.0,APENDICECTOMIA,47 OPERACIONES SOBRE APENDICE,09. (42 54) OPERACIONES SOBRE EL APARATO DIGESTIVO,09. (42 54) OPERACIONES SOBRE EL APARATO DIGESTIVO
47.01,APENDICECTOMIA.LAPAROSCOPICA,47 OPERACIONES SOBRE APENDICE,09. (42 54) OPERACIONES SOBRE EL APARATO DIGESTIVO,09. (42 54) OPERACIONES SOBRE EL APARATO DIGESTIVO
47.09,APENDICECTOMIA.OTRA,47 OPERACIONES SOBRE APENDICE,09. (42 54) OPERACIONES SOBRE EL APARATO DIGESTIVO,09. (42 54) OPERACIONES SOBRE EL APARATO DIGESTIVO
47.1,APENDICECTOMIA INCIDENTAL,47 OPERACIONES SOBRE APENDICE,09. (42 54) OPERACIONES SOBRE EL APARATO DIGESTIVO,09. (42 54) OPERACIONES SOBRE EL APARATO DIGESTIVO
47.11,APENDICECTOMIA INCIDENTAL.LAPAROSCOPICA,47 OPERACIONES SOBRE APENDICE,09. (42 54) OPERACIONES SOBRE EL APARATO DIGESTIVO,09. (42 54) OPERACIONES SOBRE EL APARATO DIGESTIVO
47.19,APENDICECTOMIA INCIDENTAL.OTRA,47 OPERACIONES SOBRE APENDICE,09. (42 54) OPERACIONES SOBRE EL APARATO DIGESTIVO,09. (42 54) OPERACIONES SOBRE EL APARATO DIGESTIVO
47.2,DRENAJE ABSCESO APENDICE,47 OPERACIONES SOBRE APENDICE,09. (42 54) OPERACIONES SOBRE EL APARATO DIGESTIVO,09. (42 54) OPERACIONES SOBRE EL APARATO DIGESTIVO
47.9,OPERACION APENDICE OTRA,47 OPERACIONES SOBRE APENDICE,09. (42 54) OPERACIONES SOBRE EL APARATO DIGESTIVO,09. (42 54) OPERACIONES SOBRE EL APARATO DIGESTIVO
47.91,APENDICOSTOMIA,47 OPERACIONES SOBRE APENDICE,09. (42 54) OPERACIONES SOBRE EL APARATO DIGESTIVO,09. (42 54) OPERACIONES SOBRE EL APARATO DIGESTIVO
47.92,CIERRE FISTULA APENDICE,47 OPERACIONES SOBRE APENDICE,09. (42 54) OPERACIONES SOBRE EL APARATO DIGESTIVO,09. (42 54) OPERACIONES SOBRE EL APARATO DIGESTIVO
47.99,OPERACION APENDICE.OTRA,47 OPERACIONES SOBRE APENDICE,09. (42 54) OPERACIONES SOBRE EL APARATO DIGESTIVO,09. (42 54) OPERACIONES SOBRE EL APARATO DIGESTIVO
48,"OPERACION RECTO,RECTOSIGMOIDE Y PERIRRECTAL","48 OPERACIONES SOBRE RECTO, RECTOSIGMOIDE Y TEJIDO PERIRRECTAL",09. (42 54) OPERACIONES SOBRE EL APARATO DIGESTIVO,09. (42 54) OPERACIONES SOBRE EL APARATO DIGESTIVO
48.0,RECTOTOMIA,"48 OPERACIONES SOBRE RECTO, RECTOSIGMOIDE Y TEJIDO PERIRRECTAL",09. (42 54) OPERACIONES SOBRE EL APARATO DIGESTIVO,09. (42 54) OPERACIONES SOBRE EL APARATO DIGESTIVO
48.1,RECTOSTOMIA,"48 OPERACIONES SOBRE RECTO, RECTOSIGMOIDE Y TEJIDO PERIRRECTAL",09. (42 54) OPERACIONES SOBRE EL APARATO DIGESTIVO,09. (42 54) OPERACIONES SOBRE EL APARATO DIGESTIVO
48.2,PROCEDIMIENTO DIAGNOSTICO RECTO Y RECTOSIGMOIDE,"48 OPERACIONES SOBRE RECTO, RECTOSIGMOIDE Y TEJIDO PERIRRECTAL",09. (42 54) OPERACIONES SOBRE EL APARATO DIGESTIVO,09. (42 54) OPERACIONES SOBRE EL APARATO DIGESTIVO
48.21,RECTOSIGMOIDOSCOPIA TRANSABDOMINAL,"48 OPERACIONES SOBRE RECTO, RECTOSIGMOIDE Y TEJIDO PERIRRECTAL",09. (42 54) OPERACIONES SOBRE EL APARATO DIGESTIVO,09. (42 54) OPERACIONES SOBRE EL APARATO DIGESTIVO
48.22,RECTOSIGMOIDOSCOPIA POR ESTOMA ARTIFICIAL,"48 OPERACIONES SOBRE RECTO, RECTOSIGMOIDE Y TEJIDO PERIRRECTAL",09. (42 54) OPERACIONES SOBRE EL APARATO DIGESTIVO,09. (42 54) OPERACIONES SOBRE EL APARATO DIGESTIVO
48.23,RECTOSIGMOIDOSCOPIA RIGIDA,"48 OPERACIONES SOBRE RECTO, RECTOSIGMOIDE Y TEJIDO PERIRRECTAL",09. (42 54) OPERACIONES SOBRE EL APARATO DIGESTIVO,09. (42 54) OPERACIONES SOBRE EL APARATO DIGESTIVO
48.24,BIOPSIA RECTO CERRADA ENDOSCOPICA,"48 OPERACIONES SOBRE RECTO, RECTOSIGMOIDE Y TEJIDO PERIRRECTAL",09. (42 54) OPERACIONES SOBRE EL APARATO DIGESTIVO,09. (42 54) OPERACIONES SOBRE EL APARATO DIGESTIVO
48.25,BIOPSIA RECTO OTRA,"48 OPERACIONES SOBRE RECTO, RECTOSIGMOIDE Y TEJIDO PERIRRECTAL",09. (42 54) OPERACIONES SOBRE EL APARATO DIGESTIVO,09. (42 54) OPERACIONES SOBRE EL APARATO DIGESTIVO
48.26,BIOPSIA TEJIDO PERIRRECTAL,"48 OPERACIONES SOBRE RECTO, RECTOSIGMOIDE Y TEJIDO PERIRRECTAL",09. (42 54) OPERACIONES SOBRE EL APARATO DIGESTIVO,09. (42 54) OPERACIONES SOBRE EL APARATO DIGESTIVO
48.29,PROCEDIMIENTO DIAGNOSTICO RECTO  Y RECTOSIGMOIDE.OTRO,"48 OPERACIONES SOBRE RECTO, RECTOSIGMOIDE Y TEJIDO PERIRRECTAL",09. (42 54) OPERACIONES SOBRE EL APARATO DIGESTIVO,09. (42 54) OPERACIONES SOBRE EL APARATO DIGESTIVO
48.3,ESCISION RECTO LOCAL,"48 OPERACIONES SOBRE RECTO, RECTOSIGMOIDE Y TEJIDO PERIRRECTAL",09. (42 54) OPERACIONES SOBRE EL APARATO DIGESTIVO,09. (42 54) OPERACIONES SOBRE EL APARATO DIGESTIVO
48.31,ELECTROCOAGULACION RADICAL LESION O TEJIDO RECTO,"48 OPERACIONES SOBRE RECTO, RECTOSIGMOIDE Y TEJIDO PERIRRECTAL",09. (42 54) OPERACIONES SOBRE EL APARATO DIGESTIVO,09. (42 54) OPERACIONES SOBRE EL APARATO DIGESTIVO
48.32,ELECTROCOAGULACION LESION O TEJIDO RECTO OTRA,"48 OPERACIONES SOBRE RECTO, RECTOSIGMOIDE Y TEJIDO PERIRRECTAL",09. (42 54) OPERACIONES SOBRE EL APARATO DIGESTIVO,09. (42 54) OPERACIONES SOBRE EL APARATO DIGESTIVO
48.33,ESCISION RECTO LOCAL POR LASER,"48 OPERACIONES SOBRE RECTO, RECTOSIGMOIDE Y TEJIDO PERIRRECTAL",09. (42 54) OPERACIONES SOBRE EL APARATO DIGESTIVO,09. (42 54) OPERACIONES SOBRE EL APARATO DIGESTIVO
48.34,ESCISION RECTO LOCAL POR CRIOCIRUGIA,"48 OPERACIONES SOBRE RECTO, RECTOSIGMOIDE Y TEJIDO PERIRRECTAL",09. (42 54) OPERACIONES SOBRE EL APARATO DIGESTIVO,09. (42 54) OPERACIONES SOBRE EL APARATO DIGESTIVO
48.35,ESCISION RECTO LOCAL,"48 OPERACIONES SOBRE RECTO, RECTOSIGMOIDE Y TEJIDO PERIRRECTAL",09. (42 54) OPERACIONES SOBRE EL APARATO DIGESTIVO,09. (42 54) OPERACIONES SOBRE EL APARATO DIGESTIVO
48.36,POLIPECTOMIA RECTO ENDOSCOPICA,"48 OPERACIONES SOBRE RECTO, RECTOSIGMOIDE Y TEJIDO PERIRRECTAL",09. (42 54) OPERACIONES SOBRE EL APARATO DIGESTIVO,09. (42 54) OPERACIONES SOBRE EL APARATO DIGESTIVO
48.4,RESECCION RECTO CON RECONSTRUCCION PULL-THROUGH,"48 OPERACIONES SOBRE RECTO, RECTOSIGMOIDE Y TEJIDO PERIRRECTAL",09. (42 54) OPERACIONES SOBRE EL APARATO DIGESTIVO,09. (42 54) OPERACIONES SOBRE EL APARATO DIGESTIVO
48.40,RESECCION RECTO PULL-THROUGH NEOM,"48 OPERACIONES SOBRE RECTO, RECTOSIGMOIDE Y TEJIDO PERIRRECTAL",09. (42 54) OPERACIONES SOBRE EL APARATO DIGESTIVO,09. (42 54) OPERACIONES SOBRE EL APARATO DIGESTIVO
48.41,RESECCION RECTO SUBMUCOSA DE SOAVE,"48 OPERACIONES SOBRE RECTO, RECTOSIGMOIDE Y TEJIDO PERIRRECTAL",09. (42 54) OPERACIONES SOBRE EL APARATO DIGESTIVO,09. (42 54) OPERACIONES SOBRE EL APARATO DIGESTIVO
48.42,RESECCION RECTO PULL-THROUGH LAPAROSCOPICA,"48 OPERACIONES SOBRE RECTO, RECTOSIGMOIDE Y TEJIDO PERIRRECTAL",09. (42 54) OPERACIONES SOBRE EL APARATO DIGESTIVO,09. (42 54) OPERACIONES SOBRE EL APARATO DIGESTIVO
48.43,RESECCION RECTO PULL-THROUGH ABIERTA,"48 OPERACIONES SOBRE RECTO, RECTOSIGMOIDE Y TEJIDO PERIRRECTAL",09. (42 54) OPERACIONES SOBRE EL APARATO DIGESTIVO,09. (42 54) OPERACIONES SOBRE EL APARATO DIGESTIVO
48.49,RESECCION RECTO CON RECONSTRUCCION PULL-THROUGH OTRA,"48 OPERACIONES SOBRE RECTO, RECTOSIGMOIDE Y TEJIDO PERIRRECTAL",09. (42 54) OPERACIONES SOBRE EL APARATO DIGESTIVO,09. (42 54) OPERACIONES SOBRE EL APARATO DIGESTIVO
48.5,RESECCION RECTO ABDOMINOPERINEAL,"48 OPERACIONES SOBRE RECTO, RECTOSIGMOIDE Y TEJIDO PERIRRECTAL",09. (42 54) OPERACIONES SOBRE EL APARATO DIGESTIVO,09. (42 54) OPERACIONES SOBRE EL APARATO DIGESTIVO
48.50,RESECCION RECTO ABDOMINOPERINEAL.NEOM,"48 OPERACIONES SOBRE RECTO, RECTOSIGMOIDE Y TEJIDO PERIRRECTAL",09. (42 54) OPERACIONES SOBRE EL APARATO DIGESTIVO,09. (42 54) OPERACIONES SOBRE EL APARATO DIGESTIVO
48.51,RESECCION RECTO ABDOMINOPERINEAL.LAPAROSCOPICA,"48 OPERACIONES SOBRE RECTO, RECTOSIGMOIDE Y TEJIDO PERIRRECTAL",09. (42 54) OPERACIONES SOBRE EL APARATO DIGESTIVO,09. (42 54) OPERACIONES SOBRE EL APARATO DIGESTIVO
48.52,RESECCION RECTO ABDOMINOPERINEAL.ABIERTA,"48 OPERACIONES SOBRE RECTO, RECTOSIGMOIDE Y TEJIDO PERIRRECTAL",09. (42 54) OPERACIONES SOBRE EL APARATO DIGESTIVO,09. (42 54) OPERACIONES SOBRE EL APARATO DIGESTIVO
48.59,RESECCION RECTO ABDOMINOPERINEAL.OTRA,"48 OPERACIONES SOBRE RECTO, RECTOSIGMOIDE Y TEJIDO PERIRRECTAL",09. (42 54) OPERACIONES SOBRE EL APARATO DIGESTIVO,09. (42 54) OPERACIONES SOBRE EL APARATO DIGESTIVO
48.6,RESECCION RECTO OTRA,"48 OPERACIONES SOBRE RECTO, RECTOSIGMOIDE Y TEJIDO PERIRRECTAL",09. (42 54) OPERACIONES SOBRE EL APARATO DIGESTIVO,09. (42 54) OPERACIONES SOBRE EL APARATO DIGESTIVO
48.61,RECTOSIGMOIDECTOMIA TRANSACRA,"48 OPERACIONES SOBRE RECTO, RECTOSIGMOIDE Y TEJIDO PERIRRECTAL",09. (42 54) OPERACIONES SOBRE EL APARATO DIGESTIVO,09. (42 54) OPERACIONES SOBRE EL APARATO DIGESTIVO
48.62,RESECCION RECTO ANTERIOR CON COLOSTOMIA SIMULTANEA,"48 OPERACIONES SOBRE RECTO, RECTOSIGMOIDE Y TEJIDO PERIRRECTAL",09. (42 54) OPERACIONES SOBRE EL APARATO DIGESTIVO,09. (42 54) OPERACIONES SOBRE EL APARATO DIGESTIVO
48.63,RESECCION RECTO ANTERIOR OTRA,"48 OPERACIONES SOBRE RECTO, RECTOSIGMOIDE Y TEJIDO PERIRRECTAL",09. (42 54) OPERACIONES SOBRE EL APARATO DIGESTIVO,09. (42 54) OPERACIONES SOBRE EL APARATO DIGESTIVO
48.64,RESECCION RECTO POSTERIOR,"48 OPERACIONES SOBRE RECTO, RECTOSIGMOIDE Y TEJIDO PERIRRECTAL",09. (42 54) OPERACIONES SOBRE EL APARATO DIGESTIVO,09. (42 54) OPERACIONES SOBRE EL APARATO DIGESTIVO
48.65,RESECCION RECTO DE DUHAMEL,"48 OPERACIONES SOBRE RECTO, RECTOSIGMOIDE Y TEJIDO PERIRRECTAL",09. (42 54) OPERACIONES SOBRE EL APARATO DIGESTIVO,09. (42 54) OPERACIONES SOBRE EL APARATO DIGESTIVO
48.69,RESECCION RECTO.OTRA,"48 OPERACIONES SOBRE RECTO, RECTOSIGMOIDE Y TEJIDO PERIRRECTAL",09. (42 54) OPERACIONES SOBRE EL APARATO DIGESTIVO,09. (42 54) OPERACIONES SOBRE EL APARATO DIGESTIVO
48.7,REPARACION RECTO,"48 OPERACIONES SOBRE RECTO, RECTOSIGMOIDE Y TEJIDO PERIRRECTAL",09. (42 54) OPERACIONES SOBRE EL APARATO DIGESTIVO,09. (42 54) OPERACIONES SOBRE EL APARATO DIGESTIVO
48.71,SUTURA RECTO,"48 OPERACIONES SOBRE RECTO, RECTOSIGMOIDE Y TEJIDO PERIRRECTAL",09. (42 54) OPERACIONES SOBRE EL APARATO DIGESTIVO,09. (42 54) OPERACIONES SOBRE EL APARATO DIGESTIVO
48.72,CIERRE PROCTOSTOMIA,"48 OPERACIONES SOBRE RECTO, RECTOSIGMOIDE Y TEJIDO PERIRRECTAL",09. (42 54) OPERACIONES SOBRE EL APARATO DIGESTIVO,09. (42 54) OPERACIONES SOBRE EL APARATO DIGESTIVO
48.73,CIERRE FISTULA RECTO OTRO,"48 OPERACIONES SOBRE RECTO, RECTOSIGMOIDE Y TEJIDO PERIRRECTAL",09. (42 54) OPERACIONES SOBRE EL APARATO DIGESTIVO,09. (42 54) OPERACIONES SOBRE EL APARATO DIGESTIVO
48.74,RECTO-RECTOSTOMIA,"48 OPERACIONES SOBRE RECTO, RECTOSIGMOIDE Y TEJIDO PERIRRECTAL",09. (42 54) OPERACIONES SOBRE EL APARATO DIGESTIVO,09. (42 54) OPERACIONES SOBRE EL APARATO DIGESTIVO
48.75,RECTOPEXIA ABDOMINAL,"48 OPERACIONES SOBRE RECTO, RECTOSIGMOIDE Y TEJIDO PERIRRECTAL",09. (42 54) OPERACIONES SOBRE EL APARATO DIGESTIVO,09. (42 54) OPERACIONES SOBRE EL APARATO DIGESTIVO
48.76,RECTOPEXIA OTRA,"48 OPERACIONES SOBRE RECTO, RECTOSIGMOIDE Y TEJIDO PERIRRECTAL",09. (42 54) OPERACIONES SOBRE EL APARATO DIGESTIVO,09. (42 54) OPERACIONES SOBRE EL APARATO DIGESTIVO
48.79,REPARACION RECTO.OTRA,"48 OPERACIONES SOBRE RECTO, RECTOSIGMOIDE Y TEJIDO PERIRRECTAL",09. (42 54) OPERACIONES SOBRE EL APARATO DIGESTIVO,09. (42 54) OPERACIONES SOBRE EL APARATO DIGESTIVO
48.8,ESCISION TEJIDO PERIRRECTAL LOCAL,"48 OPERACIONES SOBRE RECTO, RECTOSIGMOIDE Y TEJIDO PERIRRECTAL",09. (42 54) OPERACIONES SOBRE EL APARATO DIGESTIVO,09. (42 54) OPERACIONES SOBRE EL APARATO DIGESTIVO
48.81,INCISION TEJIDO PERIRRECTAL,"48 OPERACIONES SOBRE RECTO, RECTOSIGMOIDE Y TEJIDO PERIRRECTAL",09. (42 54) OPERACIONES SOBRE EL APARATO DIGESTIVO,09. (42 54) OPERACIONES SOBRE EL APARATO DIGESTIVO
48.82,ESCISION TEJIDO PERIRRECTAL,"48 OPERACIONES SOBRE RECTO, RECTOSIGMOIDE Y TEJIDO PERIRRECTAL",09. (42 54) OPERACIONES SOBRE EL APARATO DIGESTIVO,09. (42 54) OPERACIONES SOBRE EL APARATO DIGESTIVO
48.9,OPERACION RECTO Y TEJIDO PERIRRECTAL OTRA,"48 OPERACIONES SOBRE RECTO, RECTOSIGMOIDE Y TEJIDO PERIRRECTAL",09. (42 54) OPERACIONES SOBRE EL APARATO DIGESTIVO,09. (42 54) OPERACIONES SOBRE EL APARATO DIGESTIVO
48.91,INCISION ESTENOSIS RECTO,"48 OPERACIONES SOBRE RECTO, RECTOSIGMOIDE Y TEJIDO PERIRRECTAL",09. (42 54) OPERACIONES SOBRE EL APARATO DIGESTIVO,09. (42 54) OPERACIONES SOBRE EL APARATO DIGESTIVO
48.92,MIECTOMIA ANORRECTAL,"48 OPERACIONES SOBRE RECTO, RECTOSIGMOIDE Y TEJIDO PERIRRECTAL",09. (42 54) OPERACIONES SOBRE EL APARATO DIGESTIVO,09. (42 54) OPERACIONES SOBRE EL APARATO DIGESTIVO
48.93,REPARACION FISTULA PERIRRECTAL,"48 OPERACIONES SOBRE RECTO, RECTOSIGMOIDE Y TEJIDO PERIRRECTAL",09. (42 54) OPERACIONES SOBRE EL APARATO DIGESTIVO,09. (42 54) OPERACIONES SOBRE EL APARATO DIGESTIVO
48.99,OPERACION RECTO Y TEJIDO PERIRRECTAL.OTRA,"48 OPERACIONES SOBRE RECTO, RECTOSIGMOIDE Y TEJIDO PERIRRECTAL",09. (42 54) OPERACIONES SOBRE EL APARATO DIGESTIVO,09. (42 54) OPERACIONES SOBRE EL APARATO DIGESTIVO
49,OPERACION ANO,49 OPERACIONES SOBRE ANO,09. (42 54) OPERACIONES SOBRE EL APARATO DIGESTIVO,09. (42 54) OPERACIONES SOBRE EL APARATO DIGESTIVO
49.0,ESCISION TEJIDO PERIANAL,49 OPERACIONES SOBRE ANO,09. (42 54) OPERACIONES SOBRE EL APARATO DIGESTIVO,09. (42 54) OPERACIONES SOBRE EL APARATO DIGESTIVO
49.01,DRENAJE ABSCESO PERIANAL,49 OPERACIONES SOBRE ANO,09. (42 54) OPERACIONES SOBRE EL APARATO DIGESTIVO,09. (42 54) OPERACIONES SOBRE EL APARATO DIGESTIVO
49.02,INCISION TEJIDO PERIANAL OTRA,49 OPERACIONES SOBRE ANO,09. (42 54) OPERACIONES SOBRE EL APARATO DIGESTIVO,09. (42 54) OPERACIONES SOBRE EL APARATO DIGESTIVO
49.03,ESCISION COLGAJO CUTANEO PERIANAL,49 OPERACIONES SOBRE ANO,09. (42 54) OPERACIONES SOBRE EL APARATO DIGESTIVO,09. (42 54) OPERACIONES SOBRE EL APARATO DIGESTIVO
49.04,ESCISION TEJIDO PERIANAL.OTRA,49 OPERACIONES SOBRE ANO,09. (42 54) OPERACIONES SOBRE EL APARATO DIGESTIVO,09. (42 54) OPERACIONES SOBRE EL APARATO DIGESTIVO
49.1,ESCISION FISTULA PERIANAL,49 OPERACIONES SOBRE ANO,09. (42 54) OPERACIONES SOBRE EL APARATO DIGESTIVO,09. (42 54) OPERACIONES SOBRE EL APARATO DIGESTIVO
49.11,FISTULOTOMIA ANO,49 OPERACIONES SOBRE ANO,09. (42 54) OPERACIONES SOBRE EL APARATO DIGESTIVO,09. (42 54) OPERACIONES SOBRE EL APARATO DIGESTIVO
49.12,FISTULECTOMIA ANO,49 OPERACIONES SOBRE ANO,09. (42 54) OPERACIONES SOBRE EL APARATO DIGESTIVO,09. (42 54) OPERACIONES SOBRE EL APARATO DIGESTIVO
49.2,PROCEDIMIENTO DIAGNOSTICO ANO Y TEJIDO PERIANAL,49 OPERACIONES SOBRE ANO,09. (42 54) OPERACIONES SOBRE EL APARATO DIGESTIVO,09. (42 54) OPERACIONES SOBRE EL APARATO DIGESTIVO
49.21,ANOSCOPIA,49 OPERACIONES SOBRE ANO,09. (42 54) OPERACIONES SOBRE EL APARATO DIGESTIVO,09. (42 54) OPERACIONES SOBRE EL APARATO DIGESTIVO
49.22,BIOPSIA TEJIDO PERIANAL,49 OPERACIONES SOBRE ANO,09. (42 54) OPERACIONES SOBRE EL APARATO DIGESTIVO,09. (42 54) OPERACIONES SOBRE EL APARATO DIGESTIVO
49.23,BIOPSIA ANO,49 OPERACIONES SOBRE ANO,09. (42 54) OPERACIONES SOBRE EL APARATO DIGESTIVO,09. (42 54) OPERACIONES SOBRE EL APARATO DIGESTIVO
49.29,PROCEDIMIENTO DIAGNOSTICO ANO Y TEJIDO PERIANAL.OTRO,49 OPERACIONES SOBRE ANO,09. (42 54) OPERACIONES SOBRE EL APARATO DIGESTIVO,09. (42 54) OPERACIONES SOBRE EL APARATO DIGESTIVO
49.3,ESCISION ANO LOCAL OTRA,49 OPERACIONES SOBRE ANO,09. (42 54) OPERACIONES SOBRE EL APARATO DIGESTIVO,09. (42 54) OPERACIONES SOBRE EL APARATO DIGESTIVO
49.31,ESCISION ANO LOCAL ENDOSCOPICA,49 OPERACIONES SOBRE ANO,09. (42 54) OPERACIONES SOBRE EL APARATO DIGESTIVO,09. (42 54) OPERACIONES SOBRE EL APARATO DIGESTIVO
49.39,ESCISION ANO LOCAL.OTRA,49 OPERACIONES SOBRE ANO,09. (42 54) OPERACIONES SOBRE EL APARATO DIGESTIVO,09. (42 54) OPERACIONES SOBRE EL APARATO DIGESTIVO
49.4,OPERACION HEMORROIDES,49 OPERACIONES SOBRE ANO,09. (42 54) OPERACIONES SOBRE EL APARATO DIGESTIVO,09. (42 54) OPERACIONES SOBRE EL APARATO DIGESTIVO
49.41,REDUCCION HEMORROIDES,49 OPERACIONES SOBRE ANO,09. (42 54) OPERACIONES SOBRE EL APARATO DIGESTIVO,09. (42 54) OPERACIONES SOBRE EL APARATO DIGESTIVO
49.42,ESCLEROSIS HEMORROIDES,49 OPERACIONES SOBRE ANO,09. (42 54) OPERACIONES SOBRE EL APARATO DIGESTIVO,09. (42 54) OPERACIONES SOBRE EL APARATO DIGESTIVO
49.43,CAUTERIZACION HEMORROIDES,49 OPERACIONES SOBRE ANO,09. (42 54) OPERACIONES SOBRE EL APARATO DIGESTIVO,09. (42 54) OPERACIONES SOBRE EL APARATO DIGESTIVO
49.44,CRIOTERAPIA HEMORROIDES,49 OPERACIONES SOBRE ANO,09. (42 54) OPERACIONES SOBRE EL APARATO DIGESTIVO,09. (42 54) OPERACIONES SOBRE EL APARATO DIGESTIVO
49.45,LIGADURA HEMORROIDES,49 OPERACIONES SOBRE ANO,09. (42 54) OPERACIONES SOBRE EL APARATO DIGESTIVO,09. (42 54) OPERACIONES SOBRE EL APARATO DIGESTIVO
49.46,HEMORROIDECTOMIA,49 OPERACIONES SOBRE ANO,09. (42 54) OPERACIONES SOBRE EL APARATO DIGESTIVO,09. (42 54) OPERACIONES SOBRE EL APARATO DIGESTIVO
49.47,EVACUACION HEMORROIDES TROMBOSADA,49 OPERACIONES SOBRE ANO,09. (42 54) OPERACIONES SOBRE EL APARATO DIGESTIVO,09. (42 54) OPERACIONES SOBRE EL APARATO DIGESTIVO
49.49,OPERACION HEMORROIDES.OTRA,49 OPERACIONES SOBRE ANO,09. (42 54) OPERACIONES SOBRE EL APARATO DIGESTIVO,09. (42 54) OPERACIONES SOBRE EL APARATO DIGESTIVO
49.5,ESFINTEROTOMIA ANO,49 OPERACIONES SOBRE ANO,09. (42 54) OPERACIONES SOBRE EL APARATO DIGESTIVO,09. (42 54) OPERACIONES SOBRE EL APARATO DIGESTIVO
49.51,ESFINTEROTOMIA ANO.LATERAL INTERNA,49 OPERACIONES SOBRE ANO,09. (42 54) OPERACIONES SOBRE EL APARATO DIGESTIVO,09. (42 54) OPERACIONES SOBRE EL APARATO DIGESTIVO
49.52,ESFINTEROTOMIA ANO.POSTERIOR,49 OPERACIONES SOBRE ANO,09. (42 54) OPERACIONES SOBRE EL APARATO DIGESTIVO,09. (42 54) OPERACIONES SOBRE EL APARATO DIGESTIVO
49.59,ESFINTEROTOMIA ANO.OTRA,49 OPERACIONES SOBRE ANO,09. (42 54) OPERACIONES SOBRE EL APARATO DIGESTIVO,09. (42 54) OPERACIONES SOBRE EL APARATO DIGESTIVO
49.6,ESCISION ANO,49 OPERACIONES SOBRE ANO,09. (42 54) OPERACIONES SOBRE EL APARATO DIGESTIVO,09. (42 54) OPERACIONES SOBRE EL APARATO DIGESTIVO
49.7,REPARACION ANO,49 OPERACIONES SOBRE ANO,09. (42 54) OPERACIONES SOBRE EL APARATO DIGESTIVO,09. (42 54) OPERACIONES SOBRE EL APARATO DIGESTIVO
49.71,SUTURA ANO,49 OPERACIONES SOBRE ANO,09. (42 54) OPERACIONES SOBRE EL APARATO DIGESTIVO,09. (42 54) OPERACIONES SOBRE EL APARATO DIGESTIVO
49.72,CERCLAJE ANO,49 OPERACIONES SOBRE ANO,09. (42 54) OPERACIONES SOBRE EL APARATO DIGESTIVO,09. (42 54) OPERACIONES SOBRE EL APARATO DIGESTIVO
49.73,CIERRE FISTULA ANO,49 OPERACIONES SOBRE ANO,09. (42 54) OPERACIONES SOBRE EL APARATO DIGESTIVO,09. (42 54) OPERACIONES SOBRE EL APARATO DIGESTIVO
49.74,TRANSPOSICION MUSCULO RECTO INTERNO EN INCONTINENCIA ANO,49 OPERACIONES SOBRE ANO,09. (42 54) OPERACIONES SOBRE EL APARATO DIGESTIVO,09. (42 54) OPERACIONES SOBRE EL APARATO DIGESTIVO
49.75,IMPLANTACION O REVISION ESFINTER ANO ARTIFICIAL,49 OPERACIONES SOBRE ANO,09. (42 54) OPERACIONES SOBRE EL APARATO DIGESTIVO,09. (42 54) OPERACIONES SOBRE EL APARATO DIGESTIVO
49.76,RETIRADA ESFINTER ANO ARTIFICIAL,49 OPERACIONES SOBRE ANO,09. (42 54) OPERACIONES SOBRE EL APARATO DIGESTIVO,09. (42 54) OPERACIONES SOBRE EL APARATO DIGESTIVO
49.79,REPARACION ESFINTER ANO.OTRA,49 OPERACIONES SOBRE ANO,09. (42 54) OPERACIONES SOBRE EL APARATO DIGESTIVO,09. (42 54) OPERACIONES SOBRE EL APARATO DIGESTIVO
49.9,OPERACION ANO OTRA,49 OPERACIONES SOBRE ANO,09. (42 54) OPERACIONES SOBRE EL APARATO DIGESTIVO,09. (42 54) OPERACIONES SOBRE EL APARATO DIGESTIVO
49.91,INCISION TABIQUE ANO,49 OPERACIONES SOBRE ANO,09. (42 54) OPERACIONES SOBRE EL APARATO DIGESTIVO,09. (42 54) OPERACIONES SOBRE EL APARATO DIGESTIVO
49.92,IMPLANTACION ESTIMULADOR ELECTRICO ANO SUBCUTANEO,49 OPERACIONES SOBRE ANO,09. (42 54) OPERACIONES SOBRE EL APARATO DIGESTIVO,09. (42 54) OPERACIONES SOBRE EL APARATO DIGESTIVO
49.93,INCISION ANO OTRA,49 OPERACIONES SOBRE ANO,09. (42 54) OPERACIONES SOBRE EL APARATO DIGESTIVO,09. (42 54) OPERACIONES SOBRE EL APARATO DIGESTIVO
49.94,REDUCCION PROLAPSO ANO,49 OPERACIONES SOBRE ANO,09. (42 54) OPERACIONES SOBRE EL APARATO DIGESTIVO,09. (42 54) OPERACIONES SOBRE EL APARATO DIGESTIVO
49.95,CONTROL HEMORRAGIA ANO POSTOPERATORIA,49 OPERACIONES SOBRE ANO,09. (42 54) OPERACIONES SOBRE EL APARATO DIGESTIVO,09. (42 54) OPERACIONES SOBRE EL APARATO DIGESTIVO
49.99,OPERACION ANO.OTRA,49 OPERACIONES SOBRE ANO,09. (42 54) OPERACIONES SOBRE EL APARATO DIGESTIVO,09. (42 54) OPERACIONES SOBRE EL APARATO DIGESTIVO
50,OPERACION HIGADO,50 OPERACIONES SOBRE HIGADO,09. (42 54) OPERACIONES SOBRE EL APARATO DIGESTIVO,09. (42 54) OPERACIONES SOBRE EL APARATO DIGESTIVO
50.0,HEPATOTOMIA,50 OPERACIONES SOBRE HIGADO,09. (42 54) OPERACIONES SOBRE EL APARATO DIGESTIVO,09. (42 54) OPERACIONES SOBRE EL APARATO DIGESTIVO
50.1,PROCEDIMIENTO DIAGNOSTICO HIGADO,50 OPERACIONES SOBRE HIGADO,09. (42 54) OPERACIONES SOBRE EL APARATO DIGESTIVO,09. (42 54) OPERACIONES SOBRE EL APARATO DIGESTIVO
50.11,BIOPSIA HIGADO PERCUTANEA,50 OPERACIONES SOBRE HIGADO,09. (42 54) OPERACIONES SOBRE EL APARATO DIGESTIVO,09. (42 54) OPERACIONES SOBRE EL APARATO DIGESTIVO
50.12,BIOPSIA HIGADO OTRA,50 OPERACIONES SOBRE HIGADO,09. (42 54) OPERACIONES SOBRE EL APARATO DIGESTIVO,09. (42 54) OPERACIONES SOBRE EL APARATO DIGESTIVO
50.13,BIOPSIA HIGADO TRASYUGULAR,50 OPERACIONES SOBRE HIGADO,09. (42 54) OPERACIONES SOBRE EL APARATO DIGESTIVO,09. (42 54) OPERACIONES SOBRE EL APARATO DIGESTIVO
50.14,BIOPSIA HIGADO LAPAROSCOPICA,50 OPERACIONES SOBRE HIGADO,09. (42 54) OPERACIONES SOBRE EL APARATO DIGESTIVO,09. (42 54) OPERACIONES SOBRE EL APARATO DIGESTIVO
50.19,PROCEDIMIENTO DIAGNOSTICO HIGADO.OTRO,50 OPERACIONES SOBRE HIGADO,09. (42 54) OPERACIONES SOBRE EL APARATO DIGESTIVO,09. (42 54) OPERACIONES SOBRE EL APARATO DIGESTIVO
50.2,ESCISION HIGADO LOCAL,50 OPERACIONES SOBRE HIGADO,09. (42 54) OPERACIONES SOBRE EL APARATO DIGESTIVO,09. (42 54) OPERACIONES SOBRE EL APARATO DIGESTIVO
50.21,MARSUPIALIZACION LESION HIGADO,50 OPERACIONES SOBRE HIGADO,09. (42 54) OPERACIONES SOBRE EL APARATO DIGESTIVO,09. (42 54) OPERACIONES SOBRE EL APARATO DIGESTIVO
50.22,HEPATECTOMIA PARCIAL,50 OPERACIONES SOBRE HIGADO,09. (42 54) OPERACIONES SOBRE EL APARATO DIGESTIVO,09. (42 54) OPERACIONES SOBRE EL APARATO DIGESTIVO
50.23,ABLACION ABIERTA LESION O TEJDO HIGADO,50 OPERACIONES SOBRE HIGADO,09. (42 54) OPERACIONES SOBRE EL APARATO DIGESTIVO,09. (42 54) OPERACIONES SOBRE EL APARATO DIGESTIVO
50.24,ABLACION PERCUTANEA LESION O TEJIDO HIGADO,50 OPERACIONES SOBRE HIGADO,09. (42 54) OPERACIONES SOBRE EL APARATO DIGESTIVO,09. (42 54) OPERACIONES SOBRE EL APARATO DIGESTIVO
50.25,ABLACION LAPAROSCOPICA LESION O TEJIDO HIGADO,50 OPERACIONES SOBRE HIGADO,09. (42 54) OPERACIONES SOBRE EL APARATO DIGESTIVO,09. (42 54) OPERACIONES SOBRE EL APARATO DIGESTIVO
50.26,ABLACION LESION O TEJIDO HIGADO OTRA,50 OPERACIONES SOBRE HIGADO,09. (42 54) OPERACIONES SOBRE EL APARATO DIGESTIVO,09. (42 54) OPERACIONES SOBRE EL APARATO DIGESTIVO
50.29,ESCISION HIGADO LOCAL OTRA,50 OPERACIONES SOBRE HIGADO,09. (42 54) OPERACIONES SOBRE EL APARATO DIGESTIVO,09. (42 54) OPERACIONES SOBRE EL APARATO DIGESTIVO
50.3,LOBECTOMIA HIGADO,50 OPERACIONES SOBRE HIGADO,09. (42 54) OPERACIONES SOBRE EL APARATO DIGESTIVO,09. (42 54) OPERACIONES SOBRE EL APARATO DIGESTIVO
50.4,HEPATECTOMIA TOTAL,50 OPERACIONES SOBRE HIGADO,09. (42 54) OPERACIONES SOBRE EL APARATO DIGESTIVO,09. (42 54) OPERACIONES SOBRE EL APARATO DIGESTIVO
50.5,TRASPLANTE HIGADO,50 OPERACIONES SOBRE HIGADO,09. (42 54) OPERACIONES SOBRE EL APARATO DIGESTIVO,09. (42 54) OPERACIONES SOBRE EL APARATO DIGESTIVO
50.51,TRASPLANTE AUXILIAR HIGADO,50 OPERACIONES SOBRE HIGADO,09. (42 54) OPERACIONES SOBRE EL APARATO DIGESTIVO,09. (42 54) OPERACIONES SOBRE EL APARATO DIGESTIVO
50.59,TRASPLANTE HIGADO.OTRO,50 OPERACIONES SOBRE HIGADO,09. (42 54) OPERACIONES SOBRE EL APARATO DIGESTIVO,09. (42 54) OPERACIONES SOBRE EL APARATO DIGESTIVO
50.6,REPARACION HIGADO,50 OPERACIONES SOBRE HIGADO,09. (42 54) OPERACIONES SOBRE EL APARATO DIGESTIVO,09. (42 54) OPERACIONES SOBRE EL APARATO DIGESTIVO
50.61,SUTURA HIGADO,50 OPERACIONES SOBRE HIGADO,09. (42 54) OPERACIONES SOBRE EL APARATO DIGESTIVO,09. (42 54) OPERACIONES SOBRE EL APARATO DIGESTIVO
50.69,REPARACION HIGADO.OTRA,50 OPERACIONES SOBRE HIGADO,09. (42 54) OPERACIONES SOBRE EL APARATO DIGESTIVO,09. (42 54) OPERACIONES SOBRE EL APARATO DIGESTIVO
50.9,OPERACION HIGADO OTRA,50 OPERACIONES SOBRE HIGADO,09. (42 54) OPERACIONES SOBRE EL APARATO DIGESTIVO,09. (42 54) OPERACIONES SOBRE EL APARATO DIGESTIVO
50.91,ASPIRACION PERCUTANEA HIGADO,50 OPERACIONES SOBRE HIGADO,09. (42 54) OPERACIONES SOBRE EL APARATO DIGESTIVO,09. (42 54) OPERACIONES SOBRE EL APARATO DIGESTIVO
50.92,ASISTENCIA EXTRACORPOREA HIGADO,50 OPERACIONES SOBRE HIGADO,09. (42 54) OPERACIONES SOBRE EL APARATO DIGESTIVO,09. (42 54) OPERACIONES SOBRE EL APARATO DIGESTIVO
50.93,PERFUSION LOCALIZADA HIGADO,50 OPERACIONES SOBRE HIGADO,09. (42 54) OPERACIONES SOBRE EL APARATO DIGESTIVO,09. (42 54) OPERACIONES SOBRE EL APARATO DIGESTIVO
50.94,INYECCION SUSTANCIA TERAPEUTICA HIGADO OTRA,50 OPERACIONES SOBRE HIGADO,09. (42 54) OPERACIONES SOBRE EL APARATO DIGESTIVO,09. (42 54) OPERACIONES SOBRE EL APARATO DIGESTIVO
50.99,OPERACION HIGADO.OTRA,50 OPERACIONES SOBRE HIGADO,09. (42 54) OPERACIONES SOBRE EL APARATO DIGESTIVO,09. (42 54) OPERACIONES SOBRE EL APARATO DIGESTIVO
51,OPERACION VESICULA Y TRACTO BILIAR,51 OPERACIONES SOBRE VESICULA BILIAR Y TRACTO BILIAR,09. (42 54) OPERACIONES SOBRE EL APARATO DIGESTIVO,09. (42 54) OPERACIONES SOBRE EL APARATO DIGESTIVO
51.0,COLECISTOTOMIA Y COLECISTOSTOMIA,51 OPERACIONES SOBRE VESICULA BILIAR Y TRACTO BILIAR,09. (42 54) OPERACIONES SOBRE EL APARATO DIGESTIVO,09. (42 54) OPERACIONES SOBRE EL APARATO DIGESTIVO
51.01,ASPIRACION PERCUTANEA VESICULA BILIAR,51 OPERACIONES SOBRE VESICULA BILIAR Y TRACTO BILIAR,09. (42 54) OPERACIONES SOBRE EL APARATO DIGESTIVO,09. (42 54) OPERACIONES SOBRE EL APARATO DIGESTIVO
51.02,COLECISTOSTOMIA POR TROCAR,51 OPERACIONES SOBRE VESICULA BILIAR Y TRACTO BILIAR,09. (42 54) OPERACIONES SOBRE EL APARATO DIGESTIVO,09. (42 54) OPERACIONES SOBRE EL APARATO DIGESTIVO
51.03,COLECISTOSTOMIA OTRA,51 OPERACIONES SOBRE VESICULA BILIAR Y TRACTO BILIAR,09. (42 54) OPERACIONES SOBRE EL APARATO DIGESTIVO,09. (42 54) OPERACIONES SOBRE EL APARATO DIGESTIVO
51.04,COLECISTOTOMIA OTRA,51 OPERACIONES SOBRE VESICULA BILIAR Y TRACTO BILIAR,09. (42 54) OPERACIONES SOBRE EL APARATO DIGESTIVO,09. (42 54) OPERACIONES SOBRE EL APARATO DIGESTIVO
51.1,PROCEDIMIENTO DIAGNOSTICO VIA BILIAR PRINCIPAL,51 OPERACIONES SOBRE VESICULA BILIAR Y TRACTO BILIAR,09. (42 54) OPERACIONES SOBRE EL APARATO DIGESTIVO,09. (42 54) OPERACIONES SOBRE EL APARATO DIGESTIVO
51.10,COLANGIOPANCREATOGRAFIA RETROGRADA ENDOSCOPICA [CPRE],51 OPERACIONES SOBRE VESICULA BILIAR Y TRACTO BILIAR,09. (42 54) OPERACIONES SOBRE EL APARATO DIGESTIVO,09. (42 54) OPERACIONES SOBRE EL APARATO DIGESTIVO
51.11,COLANGIOGRAFIA RETROGRADA ENDOSCOPICA [CRE],51 OPERACIONES SOBRE VESICULA BILIAR Y TRACTO BILIAR,09. (42 54) OPERACIONES SOBRE EL APARATO DIGESTIVO,09. (42 54) OPERACIONES SOBRE EL APARATO DIGESTIVO
51.12,BIOPSIA VESICULA BILIAR O VIA BILIAR CERRADA [PERCUTANEA],51 OPERACIONES SOBRE VESICULA BILIAR Y TRACTO BILIAR,09. (42 54) OPERACIONES SOBRE EL APARATO DIGESTIVO,09. (42 54) OPERACIONES SOBRE EL APARATO DIGESTIVO
51.13,BIOPSIA VESICULA BILIAR O VIA BILIAR ABIERTA,51 OPERACIONES SOBRE VESICULA BILIAR Y TRACTO BILIAR,09. (42 54) OPERACIONES SOBRE EL APARATO DIGESTIVO,09. (42 54) OPERACIONES SOBRE EL APARATO DIGESTIVO
51.14,BIOPSIA VIA BILIAR CERRADA [ENDOSCOPICA] OTRA,51 OPERACIONES SOBRE VESICULA BILIAR Y TRACTO BILIAR,09. (42 54) OPERACIONES SOBRE EL APARATO DIGESTIVO,09. (42 54) OPERACIONES SOBRE EL APARATO DIGESTIVO
51.15,MEDICION PRESION ESFINTER DE ODDI,51 OPERACIONES SOBRE VESICULA BILIAR Y TRACTO BILIAR,09. (42 54) OPERACIONES SOBRE EL APARATO DIGESTIVO,09. (42 54) OPERACIONES SOBRE EL APARATO DIGESTIVO
51.19,PROCEDIMIENTO DIAGNOSTICO VIA BILIAR.OTRA,51 OPERACIONES SOBRE VESICULA BILIAR Y TRACTO BILIAR,09. (42 54) OPERACIONES SOBRE EL APARATO DIGESTIVO,09. (42 54) OPERACIONES SOBRE EL APARATO DIGESTIVO
51.2,COLECISTECTOMIA,51 OPERACIONES SOBRE VESICULA BILIAR Y TRACTO BILIAR,09. (42 54) OPERACIONES SOBRE EL APARATO DIGESTIVO,09. (42 54) OPERACIONES SOBRE EL APARATO DIGESTIVO
51.21,COLECISTECTOMIA PARCIAL OTRA,51 OPERACIONES SOBRE VESICULA BILIAR Y TRACTO BILIAR,09. (42 54) OPERACIONES SOBRE EL APARATO DIGESTIVO,09. (42 54) OPERACIONES SOBRE EL APARATO DIGESTIVO
51.22,COLECISTECTOMIA ABIERTA,51 OPERACIONES SOBRE VESICULA BILIAR Y TRACTO BILIAR,09. (42 54) OPERACIONES SOBRE EL APARATO DIGESTIVO,09. (42 54) OPERACIONES SOBRE EL APARATO DIGESTIVO
51.23,COLECISTECTOMIA LAPAROSCOPICA,51 OPERACIONES SOBRE VESICULA BILIAR Y TRACTO BILIAR,09. (42 54) OPERACIONES SOBRE EL APARATO DIGESTIVO,09. (42 54) OPERACIONES SOBRE EL APARATO DIGESTIVO
51.24,COLECISTECTOMIA PARCIAL LAPAROSCOPICA,51 OPERACIONES SOBRE VESICULA BILIAR Y TRACTO BILIAR,09. (42 54) OPERACIONES SOBRE EL APARATO DIGESTIVO,09. (42 54) OPERACIONES SOBRE EL APARATO DIGESTIVO
51.3,ANASTOMOSIS VESICULA BILIAR O VIA BILIAR,51 OPERACIONES SOBRE VESICULA BILIAR Y TRACTO BILIAR,09. (42 54) OPERACIONES SOBRE EL APARATO DIGESTIVO,09. (42 54) OPERACIONES SOBRE EL APARATO DIGESTIVO
51.31,ANASTOMOSIS VESICULA BILIAR A CONDUCTO HEPATICO,51 OPERACIONES SOBRE VESICULA BILIAR Y TRACTO BILIAR,09. (42 54) OPERACIONES SOBRE EL APARATO DIGESTIVO,09. (42 54) OPERACIONES SOBRE EL APARATO DIGESTIVO
51.32,ANASTOMOSIS VESICULA BILIAR A INTESTINO,51 OPERACIONES SOBRE VESICULA BILIAR Y TRACTO BILIAR,09. (42 54) OPERACIONES SOBRE EL APARATO DIGESTIVO,09. (42 54) OPERACIONES SOBRE EL APARATO DIGESTIVO
51.33,ANASTOMOSIS VESICULA BILIAR A PANCREAS,51 OPERACIONES SOBRE VESICULA BILIAR Y TRACTO BILIAR,09. (42 54) OPERACIONES SOBRE EL APARATO DIGESTIVO,09. (42 54) OPERACIONES SOBRE EL APARATO DIGESTIVO
51.34,ANASTOMOSIS VESICULA BILIAR A ESTOMAGO,51 OPERACIONES SOBRE VESICULA BILIAR Y TRACTO BILIAR,09. (42 54) OPERACIONES SOBRE EL APARATO DIGESTIVO,09. (42 54) OPERACIONES SOBRE EL APARATO DIGESTIVO
51.35,ANASTOMOSIS VESICULA BILIAR OTRA,51 OPERACIONES SOBRE VESICULA BILIAR Y TRACTO BILIAR,09. (42 54) OPERACIONES SOBRE EL APARATO DIGESTIVO,09. (42 54) OPERACIONES SOBRE EL APARATO DIGESTIVO
51.36,COLEDOCOENTEROSTOMIA,51 OPERACIONES SOBRE VESICULA BILIAR Y TRACTO BILIAR,09. (42 54) OPERACIONES SOBRE EL APARATO DIGESTIVO,09. (42 54) OPERACIONES SOBRE EL APARATO DIGESTIVO
51.37,ANASTOMOSIS CONDUCTO HEPATICO A TUBO DIGESTIVO,51 OPERACIONES SOBRE VESICULA BILIAR Y TRACTO BILIAR,09. (42 54) OPERACIONES SOBRE EL APARATO DIGESTIVO,09. (42 54) OPERACIONES SOBRE EL APARATO DIGESTIVO
51.39,ANASTOMOSIS VIA BILIAR.OTRA,51 OPERACIONES SOBRE VESICULA BILIAR Y TRACTO BILIAR,09. (42 54) OPERACIONES SOBRE EL APARATO DIGESTIVO,09. (42 54) OPERACIONES SOBRE EL APARATO DIGESTIVO
51.4,INCISION VIA BILIAR DESOBSTRUCCION,51 OPERACIONES SOBRE VESICULA BILIAR Y TRACTO BILIAR,09. (42 54) OPERACIONES SOBRE EL APARATO DIGESTIVO,09. (42 54) OPERACIONES SOBRE EL APARATO DIGESTIVO
51.41,EXPLORACION VIA BILIAR PARA EXTRACCION CALCULO,51 OPERACIONES SOBRE VESICULA BILIAR Y TRACTO BILIAR,09. (42 54) OPERACIONES SOBRE EL APARATO DIGESTIVO,09. (42 54) OPERACIONES SOBRE EL APARATO DIGESTIVO
51.42,EXPLORACION VIA BILIAR PARA DESOBSTRUCCION,51 OPERACIONES SOBRE VESICULA BILIAR Y TRACTO BILIAR,09. (42 54) OPERACIONES SOBRE EL APARATO DIGESTIVO,09. (42 54) OPERACIONES SOBRE EL APARATO DIGESTIVO
51.43,INTUBACION COLEDOCOHEPATICA PARA DESCOMPRESION,51 OPERACIONES SOBRE VESICULA BILIAR Y TRACTO BILIAR,09. (42 54) OPERACIONES SOBRE EL APARATO DIGESTIVO,09. (42 54) OPERACIONES SOBRE EL APARATO DIGESTIVO
51.49,INCISION VIA BILIAR DESOBSTRUCCION OTRA,51 OPERACIONES SOBRE VESICULA BILIAR Y TRACTO BILIAR,09. (42 54) OPERACIONES SOBRE EL APARATO DIGESTIVO,09. (42 54) OPERACIONES SOBRE EL APARATO DIGESTIVO
51.5,INCISION VIA BILIAR OTRA,51 OPERACIONES SOBRE VESICULA BILIAR Y TRACTO BILIAR,09. (42 54) OPERACIONES SOBRE EL APARATO DIGESTIVO,09. (42 54) OPERACIONES SOBRE EL APARATO DIGESTIVO
51.51,EXPLORACION VIA BILIAR PRINCIPAL,51 OPERACIONES SOBRE VESICULA BILIAR Y TRACTO BILIAR,09. (42 54) OPERACIONES SOBRE EL APARATO DIGESTIVO,09. (42 54) OPERACIONES SOBRE EL APARATO DIGESTIVO
51.59,INCISION VIA BILIAR.OTRA,51 OPERACIONES SOBRE VESICULA BILIAR Y TRACTO BILIAR,09. (42 54) OPERACIONES SOBRE EL APARATO DIGESTIVO,09. (42 54) OPERACIONES SOBRE EL APARATO DIGESTIVO
51.6,ESCISION VIA BILIAR LOCAL,51 OPERACIONES SOBRE VESICULA BILIAR Y TRACTO BILIAR,09. (42 54) OPERACIONES SOBRE EL APARATO DIGESTIVO,09. (42 54) OPERACIONES SOBRE EL APARATO DIGESTIVO
51.61,ESCISION CONDUCTO CISTICO REMANENTE (MUÑON),51 OPERACIONES SOBRE VESICULA BILIAR Y TRACTO BILIAR,09. (42 54) OPERACIONES SOBRE EL APARATO DIGESTIVO,09. (42 54) OPERACIONES SOBRE EL APARATO DIGESTIVO
51.62,ESCISION AMPOLLA DE VATER (CON REIMPLANTACION),51 OPERACIONES SOBRE VESICULA BILIAR Y TRACTO BILIAR,09. (42 54) OPERACIONES SOBRE EL APARATO DIGESTIVO,09. (42 54) OPERACIONES SOBRE EL APARATO DIGESTIVO
51.63,ESCISION VIA BILIAR PRINCIPAL OTRA,51 OPERACIONES SOBRE VESICULA BILIAR Y TRACTO BILIAR,09. (42 54) OPERACIONES SOBRE EL APARATO DIGESTIVO,09. (42 54) OPERACIONES SOBRE EL APARATO DIGESTIVO
51.64,ESCISION VIA BILIAR ENDOSCOPICA,51 OPERACIONES SOBRE VESICULA BILIAR Y TRACTO BILIAR,09. (42 54) OPERACIONES SOBRE EL APARATO DIGESTIVO,09. (42 54) OPERACIONES SOBRE EL APARATO DIGESTIVO
51.69,ESCISION OTRA VIA BILIAR,51 OPERACIONES SOBRE VESICULA BILIAR Y TRACTO BILIAR,09. (42 54) OPERACIONES SOBRE EL APARATO DIGESTIVO,09. (42 54) OPERACIONES SOBRE EL APARATO DIGESTIVO
51.7,REPARACION VIA BILIAR,51 OPERACIONES SOBRE VESICULA BILIAR Y TRACTO BILIAR,09. (42 54) OPERACIONES SOBRE EL APARATO DIGESTIVO,09. (42 54) OPERACIONES SOBRE EL APARATO DIGESTIVO
51.71,SUTURA VIA BILIAR PRINCIPAL,51 OPERACIONES SOBRE VESICULA BILIAR Y TRACTO BILIAR,09. (42 54) OPERACIONES SOBRE EL APARATO DIGESTIVO,09. (42 54) OPERACIONES SOBRE EL APARATO DIGESTIVO
51.72,COLEDOCOPLASTIA,51 OPERACIONES SOBRE VESICULA BILIAR Y TRACTO BILIAR,09. (42 54) OPERACIONES SOBRE EL APARATO DIGESTIVO,09. (42 54) OPERACIONES SOBRE EL APARATO DIGESTIVO
51.79,REPARACION VIA BILIAR.OTRA,51 OPERACIONES SOBRE VESICULA BILIAR Y TRACTO BILIAR,09. (42 54) OPERACIONES SOBRE EL APARATO DIGESTIVO,09. (42 54) OPERACIONES SOBRE EL APARATO DIGESTIVO
51.8,OPERACION ESFINTER DE ODDI,51 OPERACIONES SOBRE VESICULA BILIAR Y TRACTO BILIAR,09. (42 54) OPERACIONES SOBRE EL APARATO DIGESTIVO,09. (42 54) OPERACIONES SOBRE EL APARATO DIGESTIVO
51.81,DILATACION ESFINTER DE ODDI,51 OPERACIONES SOBRE VESICULA BILIAR Y TRACTO BILIAR,09. (42 54) OPERACIONES SOBRE EL APARATO DIGESTIVO,09. (42 54) OPERACIONES SOBRE EL APARATO DIGESTIVO
51.82,ESFINTEROTOMIA PANCREAS,51 OPERACIONES SOBRE VESICULA BILIAR Y TRACTO BILIAR,09. (42 54) OPERACIONES SOBRE EL APARATO DIGESTIVO,09. (42 54) OPERACIONES SOBRE EL APARATO DIGESTIVO
51.83,ESFINTEROPLASTIA PANCREAS,51 OPERACIONES SOBRE VESICULA BILIAR Y TRACTO BILIAR,09. (42 54) OPERACIONES SOBRE EL APARATO DIGESTIVO,09. (42 54) OPERACIONES SOBRE EL APARATO DIGESTIVO
51.84,DILATACION VIA BILIAR ENDOSCOPICA,51 OPERACIONES SOBRE VESICULA BILIAR Y TRACTO BILIAR,09. (42 54) OPERACIONES SOBRE EL APARATO DIGESTIVO,09. (42 54) OPERACIONES SOBRE EL APARATO DIGESTIVO
51.85,ESFINTEROTOMIA Y PAPILOTOMIA BILIAR ENDOSCOPICA,51 OPERACIONES SOBRE VESICULA BILIAR Y TRACTO BILIAR,09. (42 54) OPERACIONES SOBRE EL APARATO DIGESTIVO,09. (42 54) OPERACIONES SOBRE EL APARATO DIGESTIVO
51.86,INSERCION TUBO DRENAJE NASOBILIAR ENDOSCOPICA,51 OPERACIONES SOBRE VESICULA BILIAR Y TRACTO BILIAR,09. (42 54) OPERACIONES SOBRE EL APARATO DIGESTIVO,09. (42 54) OPERACIONES SOBRE EL APARATO DIGESTIVO
51.87,INSERCION TUBO CONDUCTO BILIAR ENDOSCOPICA,51 OPERACIONES SOBRE VESICULA BILIAR Y TRACTO BILIAR,09. (42 54) OPERACIONES SOBRE EL APARATO DIGESTIVO,09. (42 54) OPERACIONES SOBRE EL APARATO DIGESTIVO
51.88,EXTRACCION CALCULO VIA BILIAR ENDOSCOPICA,51 OPERACIONES SOBRE VESICULA BILIAR Y TRACTO BILIAR,09. (42 54) OPERACIONES SOBRE EL APARATO DIGESTIVO,09. (42 54) OPERACIONES SOBRE EL APARATO DIGESTIVO
51.89,OPERACION ESFINTER DE ODDI.OTRA,51 OPERACIONES SOBRE VESICULA BILIAR Y TRACTO BILIAR,09. (42 54) OPERACIONES SOBRE EL APARATO DIGESTIVO,09. (42 54) OPERACIONES SOBRE EL APARATO DIGESTIVO
51.9,OPERACION VIA BILIAR OTRA,51 OPERACIONES SOBRE VESICULA BILIAR Y TRACTO BILIAR,09. (42 54) OPERACIONES SOBRE EL APARATO DIGESTIVO,09. (42 54) OPERACIONES SOBRE EL APARATO DIGESTIVO
51.91,REPARACION VESICULA BILIAR LOCAL,51 OPERACIONES SOBRE VESICULA BILIAR Y TRACTO BILIAR,09. (42 54) OPERACIONES SOBRE EL APARATO DIGESTIVO,09. (42 54) OPERACIONES SOBRE EL APARATO DIGESTIVO
51.92,CIERRE COLECISTOSTOMIA,51 OPERACIONES SOBRE VESICULA BILIAR Y TRACTO BILIAR,09. (42 54) OPERACIONES SOBRE EL APARATO DIGESTIVO,09. (42 54) OPERACIONES SOBRE EL APARATO DIGESTIVO
51.93,CIERRE FISTULA BILIAR OTRO,51 OPERACIONES SOBRE VESICULA BILIAR Y TRACTO BILIAR,09. (42 54) OPERACIONES SOBRE EL APARATO DIGESTIVO,09. (42 54) OPERACIONES SOBRE EL APARATO DIGESTIVO
51.94,REVISION ANASTOMOSIS VIA BILIAR,51 OPERACIONES SOBRE VESICULA BILIAR Y TRACTO BILIAR,09. (42 54) OPERACIONES SOBRE EL APARATO DIGESTIVO,09. (42 54) OPERACIONES SOBRE EL APARATO DIGESTIVO
51.95,EXTRACCION PROTESIS VIA BILIAR,51 OPERACIONES SOBRE VESICULA BILIAR Y TRACTO BILIAR,09. (42 54) OPERACIONES SOBRE EL APARATO DIGESTIVO,09. (42 54) OPERACIONES SOBRE EL APARATO DIGESTIVO
51.96,EXTRACCION CALCULO VIA BILIAR COMUN PERCUTANEA,51 OPERACIONES SOBRE VESICULA BILIAR Y TRACTO BILIAR,09. (42 54) OPERACIONES SOBRE EL APARATO DIGESTIVO,09. (42 54) OPERACIONES SOBRE EL APARATO DIGESTIVO
51.98,PROCEDIMIENTO VIA BILIAR PERCUTANEO OTRO,51 OPERACIONES SOBRE VESICULA BILIAR Y TRACTO BILIAR,09. (42 54) OPERACIONES SOBRE EL APARATO DIGESTIVO,09. (42 54) OPERACIONES SOBRE EL APARATO DIGESTIVO
51.99,OPERACION VIA BILIAR.OTRA,51 OPERACIONES SOBRE VESICULA BILIAR Y TRACTO BILIAR,09. (42 54) OPERACIONES SOBRE EL APARATO DIGESTIVO,09. (42 54) OPERACIONES SOBRE EL APARATO DIGESTIVO
52,OPERACION PANCREAS,52 OPERACIONES SOBRE PANCREAS,09. (42 54) OPERACIONES SOBRE EL APARATO DIGESTIVO,09. (42 54) OPERACIONES SOBRE EL APARATO DIGESTIVO
52.0,PANCREATOTOMIA,52 OPERACIONES SOBRE PANCREAS,09. (42 54) OPERACIONES SOBRE EL APARATO DIGESTIVO,09. (42 54) OPERACIONES SOBRE EL APARATO DIGESTIVO
52.01,DRENAJE QUISTE PANCREAS POR CATETER,52 OPERACIONES SOBRE PANCREAS,09. (42 54) OPERACIONES SOBRE EL APARATO DIGESTIVO,09. (42 54) OPERACIONES SOBRE EL APARATO DIGESTIVO
52.09,PANCREATOTOMIA.OTRA,52 OPERACIONES SOBRE PANCREAS,09. (42 54) OPERACIONES SOBRE EL APARATO DIGESTIVO,09. (42 54) OPERACIONES SOBRE EL APARATO DIGESTIVO
52.1,PROCEDIMIENTO DIAGNOSTICO PANCREAS,52 OPERACIONES SOBRE PANCREAS,09. (42 54) OPERACIONES SOBRE EL APARATO DIGESTIVO,09. (42 54) OPERACIONES SOBRE EL APARATO DIGESTIVO
52.11,BIOPSIA PANCREAS CERRADA [AGUJA] [ASPIRACION],52 OPERACIONES SOBRE PANCREAS,09. (42 54) OPERACIONES SOBRE EL APARATO DIGESTIVO,09. (42 54) OPERACIONES SOBRE EL APARATO DIGESTIVO
52.12,BIOPSIA PANCREAS ABIERTA,52 OPERACIONES SOBRE PANCREAS,09. (42 54) OPERACIONES SOBRE EL APARATO DIGESTIVO,09. (42 54) OPERACIONES SOBRE EL APARATO DIGESTIVO
52.13,PANCREATOGRAFIA ENDOSCOPICA CON CONTRASTE [PEC],52 OPERACIONES SOBRE PANCREAS,09. (42 54) OPERACIONES SOBRE EL APARATO DIGESTIVO,09. (42 54) OPERACIONES SOBRE EL APARATO DIGESTIVO
52.14,BIOPSIA CONDUCTO PANCREAS ENDOSCOPICA,52 OPERACIONES SOBRE PANCREAS,09. (42 54) OPERACIONES SOBRE EL APARATO DIGESTIVO,09. (42 54) OPERACIONES SOBRE EL APARATO DIGESTIVO
52.19,PROCEDIMIENTO DIAGNOSTICO PANCREAS.OTRO,52 OPERACIONES SOBRE PANCREAS,09. (42 54) OPERACIONES SOBRE EL APARATO DIGESTIVO,09. (42 54) OPERACIONES SOBRE EL APARATO DIGESTIVO
52.2,ESCISION PANCREAS LOCAL,52 OPERACIONES SOBRE PANCREAS,09. (42 54) OPERACIONES SOBRE EL APARATO DIGESTIVO,09. (42 54) OPERACIONES SOBRE EL APARATO DIGESTIVO
52.21,ESCISION CONDUCTO PANCREAS LOCAL ENDOSCOPICA,52 OPERACIONES SOBRE PANCREAS,09. (42 54) OPERACIONES SOBRE EL APARATO DIGESTIVO,09. (42 54) OPERACIONES SOBRE EL APARATO DIGESTIVO
52.22,ESCISION PANCREAS LOCAL.OTRA,52 OPERACIONES SOBRE PANCREAS,09. (42 54) OPERACIONES SOBRE EL APARATO DIGESTIVO,09. (42 54) OPERACIONES SOBRE EL APARATO DIGESTIVO
52.3,MARSUPIALIZACION QUISTE PANCREAS,52 OPERACIONES SOBRE PANCREAS,09. (42 54) OPERACIONES SOBRE EL APARATO DIGESTIVO,09. (42 54) OPERACIONES SOBRE EL APARATO DIGESTIVO
52.4,DRENAJE INTERNO QUISTE PANCREAS,52 OPERACIONES SOBRE PANCREAS,09. (42 54) OPERACIONES SOBRE EL APARATO DIGESTIVO,09. (42 54) OPERACIONES SOBRE EL APARATO DIGESTIVO
52.5,PANCREATECTOMIA PARCIAL,52 OPERACIONES SOBRE PANCREAS,09. (42 54) OPERACIONES SOBRE EL APARATO DIGESTIVO,09. (42 54) OPERACIONES SOBRE EL APARATO DIGESTIVO
52.51,PANCREATECTOMIA PROXIMAL,52 OPERACIONES SOBRE PANCREAS,09. (42 54) OPERACIONES SOBRE EL APARATO DIGESTIVO,09. (42 54) OPERACIONES SOBRE EL APARATO DIGESTIVO
52.52,PANCREATECTOMIA DISTAL,52 OPERACIONES SOBRE PANCREAS,09. (42 54) OPERACIONES SOBRE EL APARATO DIGESTIVO,09. (42 54) OPERACIONES SOBRE EL APARATO DIGESTIVO
52.53,PANCREATECTOMIA SUBTOTAL RADICAL,52 OPERACIONES SOBRE PANCREAS,09. (42 54) OPERACIONES SOBRE EL APARATO DIGESTIVO,09. (42 54) OPERACIONES SOBRE EL APARATO DIGESTIVO
52.59,PANCREATECTOMIA PARCIAL OTRA,52 OPERACIONES SOBRE PANCREAS,09. (42 54) OPERACIONES SOBRE EL APARATO DIGESTIVO,09. (42 54) OPERACIONES SOBRE EL APARATO DIGESTIVO
52.6,PANCREATECTOMIA TOTAL,52 OPERACIONES SOBRE PANCREAS,09. (42 54) OPERACIONES SOBRE EL APARATO DIGESTIVO,09. (42 54) OPERACIONES SOBRE EL APARATO DIGESTIVO
52.7,PANCREATICODUODENECTOMIA RADICAL (WHIPPLE),52 OPERACIONES SOBRE PANCREAS,09. (42 54) OPERACIONES SOBRE EL APARATO DIGESTIVO,09. (42 54) OPERACIONES SOBRE EL APARATO DIGESTIVO
52.8,TRASPLANTE PANCREAS,52 OPERACIONES SOBRE PANCREAS,09. (42 54) OPERACIONES SOBRE EL APARATO DIGESTIVO,09. (42 54) OPERACIONES SOBRE EL APARATO DIGESTIVO
52.80,TRASPLANTE PANCREAS.NEOM,52 OPERACIONES SOBRE PANCREAS,09. (42 54) OPERACIONES SOBRE EL APARATO DIGESTIVO,09. (42 54) OPERACIONES SOBRE EL APARATO DIGESTIVO
52.81,REIMPLANTACION TEJIDO PANCREAS,52 OPERACIONES SOBRE PANCREAS,09. (42 54) OPERACIONES SOBRE EL APARATO DIGESTIVO,09. (42 54) OPERACIONES SOBRE EL APARATO DIGESTIVO
52.82,HOMOTRASPLANTE PANCREAS,52 OPERACIONES SOBRE PANCREAS,09. (42 54) OPERACIONES SOBRE EL APARATO DIGESTIVO,09. (42 54) OPERACIONES SOBRE EL APARATO DIGESTIVO
52.83,HETEROTRASPLANTE PANCREAS,52 OPERACIONES SOBRE PANCREAS,09. (42 54) OPERACIONES SOBRE EL APARATO DIGESTIVO,09. (42 54) OPERACIONES SOBRE EL APARATO DIGESTIVO
52.84,AUTOTRASPLANTE CELULAS ISLOTES DE LANGERHANS,52 OPERACIONES SOBRE PANCREAS,09. (42 54) OPERACIONES SOBRE EL APARATO DIGESTIVO,09. (42 54) OPERACIONES SOBRE EL APARATO DIGESTIVO
52.85,ALOTRASPLANTE CELULAS ISLOTES DE LANGERHANS,52 OPERACIONES SOBRE PANCREAS,09. (42 54) OPERACIONES SOBRE EL APARATO DIGESTIVO,09. (42 54) OPERACIONES SOBRE EL APARATO DIGESTIVO
52.86,TRASPLANTE CELULAS ISLOTES DE LANGERHANS NEOM,52 OPERACIONES SOBRE PANCREAS,09. (42 54) OPERACIONES SOBRE EL APARATO DIGESTIVO,09. (42 54) OPERACIONES SOBRE EL APARATO DIGESTIVO
52.9,OPERACION PANCREAS OTRA,52 OPERACIONES SOBRE PANCREAS,09. (42 54) OPERACIONES SOBRE EL APARATO DIGESTIVO,09. (42 54) OPERACIONES SOBRE EL APARATO DIGESTIVO
52.92,CANULACION CONDUCTO PANCREAS OTRA,52 OPERACIONES SOBRE PANCREAS,09. (42 54) OPERACIONES SOBRE EL APARATO DIGESTIVO,09. (42 54) OPERACIONES SOBRE EL APARATO DIGESTIVO
52.93,INSERCION SONDA CONDUCTO PANCREAS,52 OPERACIONES SOBRE PANCREAS,09. (42 54) OPERACIONES SOBRE EL APARATO DIGESTIVO,09. (42 54) OPERACIONES SOBRE EL APARATO DIGESTIVO
52.94,EXTRACCION CALCULO CONDUCTO PANCREAS ENDOSCOPICA,52 OPERACIONES SOBRE PANCREAS,09. (42 54) OPERACIONES SOBRE EL APARATO DIGESTIVO,09. (42 54) OPERACIONES SOBRE EL APARATO DIGESTIVO
52.95,REPARACION PANCREAS OTRA,52 OPERACIONES SOBRE PANCREAS,09. (42 54) OPERACIONES SOBRE EL APARATO DIGESTIVO,09. (42 54) OPERACIONES SOBRE EL APARATO DIGESTIVO
52.96,ANASTOMOSIS PANCREAS,52 OPERACIONES SOBRE PANCREAS,09. (42 54) OPERACIONES SOBRE EL APARATO DIGESTIVO,09. (42 54) OPERACIONES SOBRE EL APARATO DIGESTIVO
52.97,INSERCION TUBO DRENAJE NASOPANCREATICO ENDOSCOPICA,52 OPERACIONES SOBRE PANCREAS,09. (42 54) OPERACIONES SOBRE EL APARATO DIGESTIVO,09. (42 54) OPERACIONES SOBRE EL APARATO DIGESTIVO
52.98,DILATACION CONDUCTO PANCREAS ENDOSCOPICA,52 OPERACIONES SOBRE PANCREAS,09. (42 54) OPERACIONES SOBRE EL APARATO DIGESTIVO,09. (42 54) OPERACIONES SOBRE EL APARATO DIGESTIVO
52.99,OPERACION PANCREAS.OTRA,52 OPERACIONES SOBRE PANCREAS,09. (42 54) OPERACIONES SOBRE EL APARATO DIGESTIVO,09. (42 54) OPERACIONES SOBRE EL APARATO DIGESTIVO
53,REPARACION HERNIA,53 REPARACION DE HERNIA,09. (42 54) OPERACIONES SOBRE EL APARATO DIGESTIVO,09. (42 54) OPERACIONES SOBRE EL APARATO DIGESTIVO
53.0,REPARACION HERNIA INGUINAL UNILATERAL OTRA,53 REPARACION DE HERNIA,09. (42 54) OPERACIONES SOBRE EL APARATO DIGESTIVO,09. (42 54) OPERACIONES SOBRE EL APARATO DIGESTIVO
53.00,REPARACION HERNIA INGUINAL UNILATERAL.NEOM,53 REPARACION DE HERNIA,09. (42 54) OPERACIONES SOBRE EL APARATO DIGESTIVO,09. (42 54) OPERACIONES SOBRE EL APARATO DIGESTIVO
53.01,REPARACION HERNIA INGUINAL DIRECTA ABIERTA Y OTRA,53 REPARACION DE HERNIA,09. (42 54) OPERACIONES SOBRE EL APARATO DIGESTIVO,09. (42 54) OPERACIONES SOBRE EL APARATO DIGESTIVO
53.02,REPARACION HERNIA INGUINAL INDIRECTA ABIERTA Y OTRA,53 REPARACION DE HERNIA,09. (42 54) OPERACIONES SOBRE EL APARATO DIGESTIVO,09. (42 54) OPERACIONES SOBRE EL APARATO DIGESTIVO
53.03,REPARACION HERNIA INGUINAL DIRECTA CON INJERTO ABIERTA Y OTRA,53 REPARACION DE HERNIA,09. (42 54) OPERACIONES SOBRE EL APARATO DIGESTIVO,09. (42 54) OPERACIONES SOBRE EL APARATO DIGESTIVO
53.04,REPARACION HERNIA INGUINAL INDIRECTA CON INJERTO ABIERTA Y OTRA,53 REPARACION DE HERNIA,09. (42 54) OPERACIONES SOBRE EL APARATO DIGESTIVO,09. (42 54) OPERACIONES SOBRE EL APARATO DIGESTIVO
53.05,REPARACION HERNIA INGUINAL  CON INJERTO NEOM,53 REPARACION DE HERNIA,09. (42 54) OPERACIONES SOBRE EL APARATO DIGESTIVO,09. (42 54) OPERACIONES SOBRE EL APARATO DIGESTIVO
53.1,REPARACION HERNIA INGUINAL BILATERAL OTRA,53 REPARACION DE HERNIA,09. (42 54) OPERACIONES SOBRE EL APARATO DIGESTIVO,09. (42 54) OPERACIONES SOBRE EL APARATO DIGESTIVO
53.10,REPARACION HERNIA INGUINAL BILATERAL.NEOM,53 REPARACION DE HERNIA,09. (42 54) OPERACIONES SOBRE EL APARATO DIGESTIVO,09. (42 54) OPERACIONES SOBRE EL APARATO DIGESTIVO
53.11,REPARACION HERNIA INGUINAL BILATERAL DIRECTA ABIERTA Y OTRA,53 REPARACION DE HERNIA,09. (42 54) OPERACIONES SOBRE EL APARATO DIGESTIVO,09. (42 54) OPERACIONES SOBRE EL APARATO DIGESTIVO
53.12,REPARACION HERNIA INGUINAL BILATERAL INDIRECTA ABIERTA Y OTRA,53 REPARACION DE HERNIA,09. (42 54) OPERACIONES SOBRE EL APARATO DIGESTIVO,09. (42 54) OPERACIONES SOBRE EL APARATO DIGESTIVO
53.13,REPARACION HERNIA INGUINAL BILATERAL DIRECTA E INDIRECTA ABIERTA Y OTRA,53 REPARACION DE HERNIA,09. (42 54) OPERACIONES SOBRE EL APARATO DIGESTIVO,09. (42 54) OPERACIONES SOBRE EL APARATO DIGESTIVO
53.14,REPARACION HERNIA INGUINAL BILATERAL DIRECTA CON INJERTO ABIERTA Y OTRA,53 REPARACION DE HERNIA,09. (42 54) OPERACIONES SOBRE EL APARATO DIGESTIVO,09. (42 54) OPERACIONES SOBRE EL APARATO DIGESTIVO
53.15,REPARACION HERNIA INGUINAL BILATERAL INDIRECTA CON INJERTO ABIERTA Y OTRA,53 REPARACION DE HERNIA,09. (42 54) OPERACIONES SOBRE EL APARATO DIGESTIVO,09. (42 54) OPERACIONES SOBRE EL APARATO DIGESTIVO
53.16,REPARACION HERNIA INGUINAL BILATERAL DIRECTA E INDIRECTA CON INJERTO ABIERTA Y OTRA,53 REPARACION DE HERNIA,09. (42 54) OPERACIONES SOBRE EL APARATO DIGESTIVO,09. (42 54) OPERACIONES SOBRE EL APARATO DIGESTIVO
53.17,REPARACION HERNIA INGUINAL BILATERAL CON INJERTO NEOM,53 REPARACION DE HERNIA,09. (42 54) OPERACIONES SOBRE EL APARATO DIGESTIVO,09. (42 54) OPERACIONES SOBRE EL APARATO DIGESTIVO
53.2,REPARACION HERNIA CRURAL UNILATERAL,53 REPARACION DE HERNIA,09. (42 54) OPERACIONES SOBRE EL APARATO DIGESTIVO,09. (42 54) OPERACIONES SOBRE EL APARATO DIGESTIVO
53.21,REPARACION HERNIA CRURAL UNILATERAL.CON INJERTO,53 REPARACION DE HERNIA,09. (42 54) OPERACIONES SOBRE EL APARATO DIGESTIVO,09. (42 54) OPERACIONES SOBRE EL APARATO DIGESTIVO
53.29,REPARACION HERNIA CRURAL UNILATERAL.OTRA,53 REPARACION DE HERNIA,09. (42 54) OPERACIONES SOBRE EL APARATO DIGESTIVO,09. (42 54) OPERACIONES SOBRE EL APARATO DIGESTIVO
53.3,REPARACION HERNIA CRURAL BILATERAL,53 REPARACION DE HERNIA,09. (42 54) OPERACIONES SOBRE EL APARATO DIGESTIVO,09. (42 54) OPERACIONES SOBRE EL APARATO DIGESTIVO
53.31,REPARACION HERNIA CRURAL BILATERAL.CON INJERTO,53 REPARACION DE HERNIA,09. (42 54) OPERACIONES SOBRE EL APARATO DIGESTIVO,09. (42 54) OPERACIONES SOBRE EL APARATO DIGESTIVO
53.39,REPARACION HERNIA CRURAL BILATERAL.OTRA,53 REPARACION DE HERNIA,09. (42 54) OPERACIONES SOBRE EL APARATO DIGESTIVO,09. (42 54) OPERACIONES SOBRE EL APARATO DIGESTIVO
53.4,REPARACION HERNIA UMBILICAL,53 REPARACION DE HERNIA,09. (42 54) OPERACIONES SOBRE EL APARATO DIGESTIVO,09. (42 54) OPERACIONES SOBRE EL APARATO DIGESTIVO
53.41,REPARACION HERNIA UMBILICAL CON INJERTO ABIERTA Y OTRA,53 REPARACION DE HERNIA,09. (42 54) OPERACIONES SOBRE EL APARATO DIGESTIVO,09. (42 54) OPERACIONES SOBRE EL APARATO DIGESTIVO
53.42,REPARACION HERNIA UMBILICAL CON INJERTO LAPAROSCOPICA,53 REPARACION DE HERNIA,09. (42 54) OPERACIONES SOBRE EL APARATO DIGESTIVO,09. (42 54) OPERACIONES SOBRE EL APARATO DIGESTIVO
53.43,REPARACION HERNIA UMBILICAL LAPAROSCOPICA OTRA,53 REPARACION DE HERNIA,09. (42 54) OPERACIONES SOBRE EL APARATO DIGESTIVO,09. (42 54) OPERACIONES SOBRE EL APARATO DIGESTIVO
53.49,REPARACION HERNIA UMBILICAL ABIERTA OTRA,53 REPARACION DE HERNIA,09. (42 54) OPERACIONES SOBRE EL APARATO DIGESTIVO,09. (42 54) OPERACIONES SOBRE EL APARATO DIGESTIVO
53.5,REPARACION HERNIA PARED ABDOMEN SIN INJERTO OTRA,53 REPARACION DE HERNIA,09. (42 54) OPERACIONES SOBRE EL APARATO DIGESTIVO,09. (42 54) OPERACIONES SOBRE EL APARATO DIGESTIVO
53.51,REPARACION HERNIA INCISIONAL SIN INJERTO,53 REPARACION DE HERNIA,09. (42 54) OPERACIONES SOBRE EL APARATO DIGESTIVO,09. (42 54) OPERACIONES SOBRE EL APARATO DIGESTIVO
53.59,REPARACION HERNIA PARED ABDOMEN SIN INJERTO.OTRA,53 REPARACION DE HERNIA,09. (42 54) OPERACIONES SOBRE EL APARATO DIGESTIVO,09. (42 54) OPERACIONES SOBRE EL APARATO DIGESTIVO
53.6,REPARACION HERNIA PARED ABDOMEN CON INJERTO OTRA,53 REPARACION DE HERNIA,09. (42 54) OPERACIONES SOBRE EL APARATO DIGESTIVO,09. (42 54) OPERACIONES SOBRE EL APARATO DIGESTIVO
53.61,REPARACION HERNIA INCISIONAL CON INJERTO ABIERTA Y OTRA,53 REPARACION DE HERNIA,09. (42 54) OPERACIONES SOBRE EL APARATO DIGESTIVO,09. (42 54) OPERACIONES SOBRE EL APARATO DIGESTIVO
53.62,REPARACION HERNIA INCISIONAL CON INJERTO LAPAROSCOPICA,53 REPARACION DE HERNIA,09. (42 54) OPERACIONES SOBRE EL APARATO DIGESTIVO,09. (42 54) OPERACIONES SOBRE EL APARATO DIGESTIVO
53.63,REPARACION HERNIA PARED ABDOMEN CON INJERTO LAPAROSCOPICA OTRA,53 REPARACION DE HERNIA,09. (42 54) OPERACIONES SOBRE EL APARATO DIGESTIVO,09. (42 54) OPERACIONES SOBRE EL APARATO DIGESTIVO
53.69,REPARACION HERNIA PARED ABDOMEN ANTERIOR CON INJERTO OTRA,53 REPARACION DE HERNIA,09. (42 54) OPERACIONES SOBRE EL APARATO DIGESTIVO,09. (42 54) OPERACIONES SOBRE EL APARATO DIGESTIVO
53.7,REPARACION HERNIA DIAFRAGMATICA ABORDAJE ABDOMINAL,53 REPARACION DE HERNIA,09. (42 54) OPERACIONES SOBRE EL APARATO DIGESTIVO,09. (42 54) OPERACIONES SOBRE EL APARATO DIGESTIVO
53.71,REPARACION HERNIA DIAFRAGMATICA ABORDAJE ABDOMINAL.LAPAROSCOPICA,53 REPARACION DE HERNIA,09. (42 54) OPERACIONES SOBRE EL APARATO DIGESTIVO,09. (42 54) OPERACIONES SOBRE EL APARATO DIGESTIVO
53.72,REPARACION HERNIA DIAFRAGMATICA ABORDAJE ABDOMINAL.ABIERTA Y OTRA,53 REPARACION DE HERNIA,09. (42 54) OPERACIONES SOBRE EL APARATO DIGESTIVO,09. (42 54) OPERACIONES SOBRE EL APARATO DIGESTIVO
53.75,REPARACION HERNIA DIAFRAGMATICA ABORDAJE ABDOMINAL.NEOM,53 REPARACION DE HERNIA,09. (42 54) OPERACIONES SOBRE EL APARATO DIGESTIVO,09. (42 54) OPERACIONES SOBRE EL APARATO DIGESTIVO
53.8,REPARACION HERNIA DIAFRAGMATICA ABORDAJE TORACICO,53 REPARACION DE HERNIA,09. (42 54) OPERACIONES SOBRE EL APARATO DIGESTIVO,09. (42 54) OPERACIONES SOBRE EL APARATO DIGESTIVO
53.80,REPARACION HERNIA DIAFRAGMATICA ABORDAJE TORACICO.NEOM,53 REPARACION DE HERNIA,09. (42 54) OPERACIONES SOBRE EL APARATO DIGESTIVO,09. (42 54) OPERACIONES SOBRE EL APARATO DIGESTIVO
53.81,PLICATURA DIAFRAGMATICA,53 REPARACION DE HERNIA,09. (42 54) OPERACIONES SOBRE EL APARATO DIGESTIVO,09. (42 54) OPERACIONES SOBRE EL APARATO DIGESTIVO
53.82,REPARACION HERNIA PARAESTERNAL (MORGAGNI),53 REPARACION DE HERNIA,09. (42 54) OPERACIONES SOBRE EL APARATO DIGESTIVO,09. (42 54) OPERACIONES SOBRE EL APARATO DIGESTIVO
53.83,REPARACION HERNIA DIAFRAGMATICA ABORDAJE TORACICO.LAPAPOSCOPICA,53 REPARACION DE HERNIA,09. (42 54) OPERACIONES SOBRE EL APARATO DIGESTIVO,09. (42 54) OPERACIONES SOBRE EL APARATO DIGESTIVO
53.84,REPARACION HERNIA DIAFRAGMATICA ABORDAJE TORACICO.ABIERTA Y OTRA,53 REPARACION DE HERNIA,09. (42 54) OPERACIONES SOBRE EL APARATO DIGESTIVO,09. (42 54) OPERACIONES SOBRE EL APARATO DIGESTIVO
53.9,REPARACION HERNIA OTRA,53 REPARACION DE HERNIA,09. (42 54) OPERACIONES SOBRE EL APARATO DIGESTIVO,09. (42 54) OPERACIONES SOBRE EL APARATO DIGESTIVO
54,OPERACION REGION ABDOMEN OTRA,54 OTRAS OPERACIONES SOBRE LA REGION ABDOMINAL,09. (42 54) OPERACIONES SOBRE EL APARATO DIGESTIVO,09. (42 54) OPERACIONES SOBRE EL APARATO DIGESTIVO
54.0,INCISION PARED ABDOMEN,54 OTRAS OPERACIONES SOBRE LA REGION ABDOMINAL,09. (42 54) OPERACIONES SOBRE EL APARATO DIGESTIVO,09. (42 54) OPERACIONES SOBRE EL APARATO DIGESTIVO
54.1,LAPAROTOMIA,54 OTRAS OPERACIONES SOBRE LA REGION ABDOMINAL,09. (42 54) OPERACIONES SOBRE EL APARATO DIGESTIVO,09. (42 54) OPERACIONES SOBRE EL APARATO DIGESTIVO
54.11,LAPAROTOMIA EXPLORATORIA,54 OTRAS OPERACIONES SOBRE LA REGION ABDOMINAL,09. (42 54) OPERACIONES SOBRE EL APARATO DIGESTIVO,09. (42 54) OPERACIONES SOBRE EL APARATO DIGESTIVO
54.12,REAPERTURA LAPAROTOMIA RECIENTE,54 OTRAS OPERACIONES SOBRE LA REGION ABDOMINAL,09. (42 54) OPERACIONES SOBRE EL APARATO DIGESTIVO,09. (42 54) OPERACIONES SOBRE EL APARATO DIGESTIVO
54.19,LAPAROTOMIA.OTRA,54 OTRAS OPERACIONES SOBRE LA REGION ABDOMINAL,09. (42 54) OPERACIONES SOBRE EL APARATO DIGESTIVO,09. (42 54) OPERACIONES SOBRE EL APARATO DIGESTIVO
54.2,PROCEDIMIENTO DIAGNOSTICO REGION ABDOMEN,54 OTRAS OPERACIONES SOBRE LA REGION ABDOMINAL,09. (42 54) OPERACIONES SOBRE EL APARATO DIGESTIVO,09. (42 54) OPERACIONES SOBRE EL APARATO DIGESTIVO
54.21,LAPAROSCOPIA,54 OTRAS OPERACIONES SOBRE LA REGION ABDOMINAL,09. (42 54) OPERACIONES SOBRE EL APARATO DIGESTIVO,09. (42 54) OPERACIONES SOBRE EL APARATO DIGESTIVO
54.22,BIOPSIA PARED ABDOMEN Y OMBLIGO,54 OTRAS OPERACIONES SOBRE LA REGION ABDOMINAL,09. (42 54) OPERACIONES SOBRE EL APARATO DIGESTIVO,09. (42 54) OPERACIONES SOBRE EL APARATO DIGESTIVO
54.23,BIOPSIA PERITONEO,54 OTRAS OPERACIONES SOBRE LA REGION ABDOMINAL,09. (42 54) OPERACIONES SOBRE EL APARATO DIGESTIVO,09. (42 54) OPERACIONES SOBRE EL APARATO DIGESTIVO
54.24,BIOPSIA MASA INTRAABDOMINAL PERCUTANEA,54 OTRAS OPERACIONES SOBRE LA REGION ABDOMINAL,09. (42 54) OPERACIONES SOBRE EL APARATO DIGESTIVO,09. (42 54) OPERACIONES SOBRE EL APARATO DIGESTIVO
54.25,LAVADO PERITONEAL,54 OTRAS OPERACIONES SOBRE LA REGION ABDOMINAL,09. (42 54) OPERACIONES SOBRE EL APARATO DIGESTIVO,09. (42 54) OPERACIONES SOBRE EL APARATO DIGESTIVO
54.29,PROCEDIMIENTO DIAGNOSTICO REGION ABDOMEN.OTRO,54 OTRAS OPERACIONES SOBRE LA REGION ABDOMINAL,09. (42 54) OPERACIONES SOBRE EL APARATO DIGESTIVO,09. (42 54) OPERACIONES SOBRE EL APARATO DIGESTIVO
54.3,ESCISION PARED ABDOMEN LOCAL,54 OTRAS OPERACIONES SOBRE LA REGION ABDOMINAL,09. (42 54) OPERACIONES SOBRE EL APARATO DIGESTIVO,09. (42 54) OPERACIONES SOBRE EL APARATO DIGESTIVO
54.4,ESCISION PERITONEO LOCAL,54 OTRAS OPERACIONES SOBRE LA REGION ABDOMINAL,09. (42 54) OPERACIONES SOBRE EL APARATO DIGESTIVO,09. (42 54) OPERACIONES SOBRE EL APARATO DIGESTIVO
54.5,LISIS ADHERENCIA PERITONEO,54 OTRAS OPERACIONES SOBRE LA REGION ABDOMINAL,09. (42 54) OPERACIONES SOBRE EL APARATO DIGESTIVO,09. (42 54) OPERACIONES SOBRE EL APARATO DIGESTIVO
54.51,LISIS ADHERENCIA PERITONEO.LAPAROSCOPICA,54 OTRAS OPERACIONES SOBRE LA REGION ABDOMINAL,09. (42 54) OPERACIONES SOBRE EL APARATO DIGESTIVO,09. (42 54) OPERACIONES SOBRE EL APARATO DIGESTIVO
54.59,LISIS ADHERENCIA PERITONEO.OTRA,54 OTRAS OPERACIONES SOBRE LA REGION ABDOMINAL,09. (42 54) OPERACIONES SOBRE EL APARATO DIGESTIVO,09. (42 54) OPERACIONES SOBRE EL APARATO DIGESTIVO
54.6,SUTURA PARED ABDOMEN Y PERITONEO,54 OTRAS OPERACIONES SOBRE LA REGION ABDOMINAL,09. (42 54) OPERACIONES SOBRE EL APARATO DIGESTIVO,09. (42 54) OPERACIONES SOBRE EL APARATO DIGESTIVO
54.61,CIERRE DEHISCENCIA PARED ABDOMEN POSTOPERATORIA,54 OTRAS OPERACIONES SOBRE LA REGION ABDOMINAL,09. (42 54) OPERACIONES SOBRE EL APARATO DIGESTIVO,09. (42 54) OPERACIONES SOBRE EL APARATO DIGESTIVO
54.62,CIERRE DIFERIDO HERIDA ABDOMEN EN GRANULACION,54 OTRAS OPERACIONES SOBRE LA REGION ABDOMINAL,09. (42 54) OPERACIONES SOBRE EL APARATO DIGESTIVO,09. (42 54) OPERACIONES SOBRE EL APARATO DIGESTIVO
54.63,SUTURA PARED ABDOMEN.OTRA,54 OTRAS OPERACIONES SOBRE LA REGION ABDOMINAL,09. (42 54) OPERACIONES SOBRE EL APARATO DIGESTIVO,09. (42 54) OPERACIONES SOBRE EL APARATO DIGESTIVO
54.64,SUTURA PERITONEO,54 OTRAS OPERACIONES SOBRE LA REGION ABDOMINAL,09. (42 54) OPERACIONES SOBRE EL APARATO DIGESTIVO,09. (42 54) OPERACIONES SOBRE EL APARATO DIGESTIVO
54.7,REPARACION PARED ABDOMEN Y PERITONEO OTRA,54 OTRAS OPERACIONES SOBRE LA REGION ABDOMINAL,09. (42 54) OPERACIONES SOBRE EL APARATO DIGESTIVO,09. (42 54) OPERACIONES SOBRE EL APARATO DIGESTIVO
54.71,REPARACION GASTROSQUISIS,54 OTRAS OPERACIONES SOBRE LA REGION ABDOMINAL,09. (42 54) OPERACIONES SOBRE EL APARATO DIGESTIVO,09. (42 54) OPERACIONES SOBRE EL APARATO DIGESTIVO
54.72,REPARACION PARED ABDOMEN OTRA,54 OTRAS OPERACIONES SOBRE LA REGION ABDOMINAL,09. (42 54) OPERACIONES SOBRE EL APARATO DIGESTIVO,09. (42 54) OPERACIONES SOBRE EL APARATO DIGESTIVO
54.73,REPARACION PERITONEO OTRA,54 OTRAS OPERACIONES SOBRE LA REGION ABDOMINAL,09. (42 54) OPERACIONES SOBRE EL APARATO DIGESTIVO,09. (42 54) OPERACIONES SOBRE EL APARATO DIGESTIVO
54.74,REPARACION EPIPLON OTRA,54 OTRAS OPERACIONES SOBRE LA REGION ABDOMINAL,09. (42 54) OPERACIONES SOBRE EL APARATO DIGESTIVO,09. (42 54) OPERACIONES SOBRE EL APARATO DIGESTIVO
54.75,REPARACION MESENTERIO OTRA,54 OTRAS OPERACIONES SOBRE LA REGION ABDOMINAL,09. (42 54) OPERACIONES SOBRE EL APARATO DIGESTIVO,09. (42 54) OPERACIONES SOBRE EL APARATO DIGESTIVO
54.9,OPERACION REGION ABDOMEN OTRA,54 OTRAS OPERACIONES SOBRE LA REGION ABDOMINAL,09. (42 54) OPERACIONES SOBRE EL APARATO DIGESTIVO,09. (42 54) OPERACIONES SOBRE EL APARATO DIGESTIVO
54.91,DRENAJE ABDOMEN PERCUTANEO,54 OTRAS OPERACIONES SOBRE LA REGION ABDOMINAL,09. (42 54) OPERACIONES SOBRE EL APARATO DIGESTIVO,09. (42 54) OPERACIONES SOBRE EL APARATO DIGESTIVO
54.92,EXTRACCION CUERPO EXTRAÑO CAVIDAD PERITONEAL,54 OTRAS OPERACIONES SOBRE LA REGION ABDOMINAL,09. (42 54) OPERACIONES SOBRE EL APARATO DIGESTIVO,09. (42 54) OPERACIONES SOBRE EL APARATO DIGESTIVO
54.93,CREACION FISTULA CUTANEOPERITONEAL,54 OTRAS OPERACIONES SOBRE LA REGION ABDOMINAL,09. (42 54) OPERACIONES SOBRE EL APARATO DIGESTIVO,09. (42 54) OPERACIONES SOBRE EL APARATO DIGESTIVO
54.94,CREACION DERIVACION PERITONEO-VASCULAR,54 OTRAS OPERACIONES SOBRE LA REGION ABDOMINAL,09. (42 54) OPERACIONES SOBRE EL APARATO DIGESTIVO,09. (42 54) OPERACIONES SOBRE EL APARATO DIGESTIVO
54.95,INCISION PERITONEO,54 OTRAS OPERACIONES SOBRE LA REGION ABDOMINAL,09. (42 54) OPERACIONES SOBRE EL APARATO DIGESTIVO,09. (42 54) OPERACIONES SOBRE EL APARATO DIGESTIVO
54.96,INYECCION AIRE CAVIDAD PERITONEAL,54 OTRAS OPERACIONES SOBRE LA REGION ABDOMINAL,09. (42 54) OPERACIONES SOBRE EL APARATO DIGESTIVO,09. (42 54) OPERACIONES SOBRE EL APARATO DIGESTIVO
54.97,INYECCION SUSTANCIA TERAPEUTICA PERITONEO ACCION LOCAL,54 OTRAS OPERACIONES SOBRE LA REGION ABDOMINAL,09. (42 54) OPERACIONES SOBRE EL APARATO DIGESTIVO,09. (42 54) OPERACIONES SOBRE EL APARATO DIGESTIVO
54.98,DIALISIS PERITONEAL,54 OTRAS OPERACIONES SOBRE LA REGION ABDOMINAL,09. (42 54) OPERACIONES SOBRE EL APARATO DIGESTIVO,09. (42 54) OPERACIONES SOBRE EL APARATO DIGESTIVO
54.99,OPERACION REGION ABDOMEN.OTRA,54 OTRAS OPERACIONES SOBRE LA REGION ABDOMINAL,09. (42 54) OPERACIONES SOBRE EL APARATO DIGESTIVO,09. (42 54) OPERACIONES SOBRE EL APARATO DIGESTIVO
55,OPERACION RIÑON,55 OPERACIONES SOBRE EL RIÑON,10. (55 59) OPERACIONES SOBRE EL APARATO URINARIO,10. (55 59) OPERACIONES SOBRE EL APARATO URINARIO
55.0,NEFROTOMIA Y NEFROSTOMIA,55 OPERACIONES SOBRE EL RIÑON,10. (55 59) OPERACIONES SOBRE EL APARATO URINARIO,10. (55 59) OPERACIONES SOBRE EL APARATO URINARIO
55.01,NEFROTOMIA,55 OPERACIONES SOBRE EL RIÑON,10. (55 59) OPERACIONES SOBRE EL APARATO URINARIO,10. (55 59) OPERACIONES SOBRE EL APARATO URINARIO
55.02,NEFROSTOMIA,55 OPERACIONES SOBRE EL RIÑON,10. (55 59) OPERACIONES SOBRE EL APARATO URINARIO,10. (55 59) OPERACIONES SOBRE EL APARATO URINARIO
55.03,NEFROSTOMIA PERCUTANEA SIN FRAGMENTACION,55 OPERACIONES SOBRE EL RIÑON,10. (55 59) OPERACIONES SOBRE EL APARATO URINARIO,10. (55 59) OPERACIONES SOBRE EL APARATO URINARIO
55.04,NEFROSTOMIA PERCUTANEA CON FRAGMENTACION,55 OPERACIONES SOBRE EL RIÑON,10. (55 59) OPERACIONES SOBRE EL APARATO URINARIO,10. (55 59) OPERACIONES SOBRE EL APARATO URINARIO
55.1,PIELOTOMIA Y PIELOSTOMIA,55 OPERACIONES SOBRE EL RIÑON,10. (55 59) OPERACIONES SOBRE EL APARATO URINARIO,10. (55 59) OPERACIONES SOBRE EL APARATO URINARIO
55.11,PIELOTOMIA,55 OPERACIONES SOBRE EL RIÑON,10. (55 59) OPERACIONES SOBRE EL APARATO URINARIO,10. (55 59) OPERACIONES SOBRE EL APARATO URINARIO
55.12,PIELOSTOMIA,55 OPERACIONES SOBRE EL RIÑON,10. (55 59) OPERACIONES SOBRE EL APARATO URINARIO,10. (55 59) OPERACIONES SOBRE EL APARATO URINARIO
55.2,PROCEDIMIENTO DIAGNOSTICO RIÑON,55 OPERACIONES SOBRE EL RIÑON,10. (55 59) OPERACIONES SOBRE EL APARATO URINARIO,10. (55 59) OPERACIONES SOBRE EL APARATO URINARIO
55.21,NEFROSCOPIA,55 OPERACIONES SOBRE EL RIÑON,10. (55 59) OPERACIONES SOBRE EL APARATO URINARIO,10. (55 59) OPERACIONES SOBRE EL APARATO URINARIO
55.22,PIELOSCOPIA,55 OPERACIONES SOBRE EL RIÑON,10. (55 59) OPERACIONES SOBRE EL APARATO URINARIO,10. (55 59) OPERACIONES SOBRE EL APARATO URINARIO
55.23,BIOPSIA RIÑON CERRADA [PERCUTANEA],55 OPERACIONES SOBRE EL RIÑON,10. (55 59) OPERACIONES SOBRE EL APARATO URINARIO,10. (55 59) OPERACIONES SOBRE EL APARATO URINARIO
55.24,BIOPSIA RIÑON ABIERTA,55 OPERACIONES SOBRE EL RIÑON,10. (55 59) OPERACIONES SOBRE EL APARATO URINARIO,10. (55 59) OPERACIONES SOBRE EL APARATO URINARIO
55.29,PROCEDIMIENTO DIAGNOSTICO RIÑON.OTRO,55 OPERACIONES SOBRE EL RIÑON,10. (55 59) OPERACIONES SOBRE EL APARATO URINARIO,10. (55 59) OPERACIONES SOBRE EL APARATO URINARIO
55.3,ESCISION RIÑON LOCAL,55 OPERACIONES SOBRE EL RIÑON,10. (55 59) OPERACIONES SOBRE EL APARATO URINARIO,10. (55 59) OPERACIONES SOBRE EL APARATO URINARIO
55.31,MARSUPIALIZACION LESION RIÑON,55 OPERACIONES SOBRE EL RIÑON,10. (55 59) OPERACIONES SOBRE EL APARATO URINARIO,10. (55 59) OPERACIONES SOBRE EL APARATO URINARIO
55.32,ABLACION ABIERTA LESION LESION O TEJIDO RIÑON,55 OPERACIONES SOBRE EL RIÑON,10. (55 59) OPERACIONES SOBRE EL APARATO URINARIO,10. (55 59) OPERACIONES SOBRE EL APARATO URINARIO
55.33,ABLACION PERCUTANEA ABIERTA LESION O TEJIDO RIÑON,55 OPERACIONES SOBRE EL RIÑON,10. (55 59) OPERACIONES SOBRE EL APARATO URINARIO,10. (55 59) OPERACIONES SOBRE EL APARATO URINARIO
55.34,ABLACION LAPAROSCOPICA LESION O TEJIDO RIÑON,55 OPERACIONES SOBRE EL RIÑON,10. (55 59) OPERACIONES SOBRE EL APARATO URINARIO,10. (55 59) OPERACIONES SOBRE EL APARATO URINARIO
55.35,ABLACION LESIO O TEJIDO RIÑON OTRA,55 OPERACIONES SOBRE EL RIÑON,10. (55 59) OPERACIONES SOBRE EL APARATO URINARIO,10. (55 59) OPERACIONES SOBRE EL APARATO URINARIO
55.39,ESCISION RIÑON LOCAL.OTRA,55 OPERACIONES SOBRE EL RIÑON,10. (55 59) OPERACIONES SOBRE EL APARATO URINARIO,10. (55 59) OPERACIONES SOBRE EL APARATO URINARIO
55.4,NEFRECTOMIA PARCIAL,55 OPERACIONES SOBRE EL RIÑON,10. (55 59) OPERACIONES SOBRE EL APARATO URINARIO,10. (55 59) OPERACIONES SOBRE EL APARATO URINARIO
55.5,NEFRECTOMIA TOTAL,55 OPERACIONES SOBRE EL RIÑON,10. (55 59) OPERACIONES SOBRE EL APARATO URINARIO,10. (55 59) OPERACIONES SOBRE EL APARATO URINARIO
55.51,NEFROURETERECTOMIA,55 OPERACIONES SOBRE EL RIÑON,10. (55 59) OPERACIONES SOBRE EL APARATO URINARIO,10. (55 59) OPERACIONES SOBRE EL APARATO URINARIO
55.52,NEFRECTOMIA RIÑON UNICO,55 OPERACIONES SOBRE EL RIÑON,10. (55 59) OPERACIONES SOBRE EL APARATO URINARIO,10. (55 59) OPERACIONES SOBRE EL APARATO URINARIO
55.53,NEFRECTOMIA RIÑON TRASPLANTADO O RECHAZADO,55 OPERACIONES SOBRE EL RIÑON,10. (55 59) OPERACIONES SOBRE EL APARATO URINARIO,10. (55 59) OPERACIONES SOBRE EL APARATO URINARIO
55.54,NEFRECTOMIA BILATERAL,55 OPERACIONES SOBRE EL RIÑON,10. (55 59) OPERACIONES SOBRE EL APARATO URINARIO,10. (55 59) OPERACIONES SOBRE EL APARATO URINARIO
55.6,TRASPLANTE RIÑON,55 OPERACIONES SOBRE EL RIÑON,10. (55 59) OPERACIONES SOBRE EL APARATO URINARIO,10. (55 59) OPERACIONES SOBRE EL APARATO URINARIO
55.61,AUTOTRASPLANTE RIÑON,55 OPERACIONES SOBRE EL RIÑON,10. (55 59) OPERACIONES SOBRE EL APARATO URINARIO,10. (55 59) OPERACIONES SOBRE EL APARATO URINARIO
55.69,TRASPLANTE RIÑON.OTRO,55 OPERACIONES SOBRE EL RIÑON,10. (55 59) OPERACIONES SOBRE EL APARATO URINARIO,10. (55 59) OPERACIONES SOBRE EL APARATO URINARIO
55.7,NEFROPEXIA,55 OPERACIONES SOBRE EL RIÑON,10. (55 59) OPERACIONES SOBRE EL APARATO URINARIO,10. (55 59) OPERACIONES SOBRE EL APARATO URINARIO
55.8,REPARACION RIÑON OTRA,55 OPERACIONES SOBRE EL RIÑON,10. (55 59) OPERACIONES SOBRE EL APARATO URINARIO,10. (55 59) OPERACIONES SOBRE EL APARATO URINARIO
55.81,SUTURA RIÑON,55 OPERACIONES SOBRE EL RIÑON,10. (55 59) OPERACIONES SOBRE EL APARATO URINARIO,10. (55 59) OPERACIONES SOBRE EL APARATO URINARIO
55.82,CIERRE NEFROSTOMIA Y PIELOSTOMIA,55 OPERACIONES SOBRE EL RIÑON,10. (55 59) OPERACIONES SOBRE EL APARATO URINARIO,10. (55 59) OPERACIONES SOBRE EL APARATO URINARIO
55.83,CIERRE FISTULA RIÑON OTRO,55 OPERACIONES SOBRE EL RIÑON,10. (55 59) OPERACIONES SOBRE EL APARATO URINARIO,10. (55 59) OPERACIONES SOBRE EL APARATO URINARIO
55.84,REDUCCION TORSION PEDICULO RIÑON,55 OPERACIONES SOBRE EL RIÑON,10. (55 59) OPERACIONES SOBRE EL APARATO URINARIO,10. (55 59) OPERACIONES SOBRE EL APARATO URINARIO
55.85,SINFISIOTOMIA RIÑON EN HERRADURA,55 OPERACIONES SOBRE EL RIÑON,10. (55 59) OPERACIONES SOBRE EL APARATO URINARIO,10. (55 59) OPERACIONES SOBRE EL APARATO URINARIO
55.86,ANASTOMOSIS RIÑON,55 OPERACIONES SOBRE EL RIÑON,10. (55 59) OPERACIONES SOBRE EL APARATO URINARIO,10. (55 59) OPERACIONES SOBRE EL APARATO URINARIO
55.87,CORRECCION UNION URETEROPELVICA,55 OPERACIONES SOBRE EL RIÑON,10. (55 59) OPERACIONES SOBRE EL APARATO URINARIO,10. (55 59) OPERACIONES SOBRE EL APARATO URINARIO
55.89,REPARACION RIÑON.OTRA,55 OPERACIONES SOBRE EL RIÑON,10. (55 59) OPERACIONES SOBRE EL APARATO URINARIO,10. (55 59) OPERACIONES SOBRE EL APARATO URINARIO
55.9,OPERACION RIÑON OTRA,55 OPERACIONES SOBRE EL RIÑON,10. (55 59) OPERACIONES SOBRE EL APARATO URINARIO,10. (55 59) OPERACIONES SOBRE EL APARATO URINARIO
55.91,DECAPSULACION RIÑON,55 OPERACIONES SOBRE EL RIÑON,10. (55 59) OPERACIONES SOBRE EL APARATO URINARIO,10. (55 59) OPERACIONES SOBRE EL APARATO URINARIO
55.92,ASPIRACION PERCUTANEA RIÑON (PELVIS),55 OPERACIONES SOBRE EL RIÑON,10. (55 59) OPERACIONES SOBRE EL APARATO URINARIO,10. (55 59) OPERACIONES SOBRE EL APARATO URINARIO
55.93,SUSTITUCION TUBO NEFROSTOMIA,55 OPERACIONES SOBRE EL RIÑON,10. (55 59) OPERACIONES SOBRE EL APARATO URINARIO,10. (55 59) OPERACIONES SOBRE EL APARATO URINARIO
55.94,SUSTITUCION TUBO PIELOSTOMIA,55 OPERACIONES SOBRE EL RIÑON,10. (55 59) OPERACIONES SOBRE EL APARATO URINARIO,10. (55 59) OPERACIONES SOBRE EL APARATO URINARIO
55.95,PERFUSION LOCAL RIÑON,55 OPERACIONES SOBRE EL RIÑON,10. (55 59) OPERACIONES SOBRE EL APARATO URINARIO,10. (55 59) OPERACIONES SOBRE EL APARATO URINARIO
55.96,INYECCION SUSTANCIA TERAPEUTICA RIÑON OTRA,55 OPERACIONES SOBRE EL RIÑON,10. (55 59) OPERACIONES SOBRE EL APARATO URINARIO,10. (55 59) OPERACIONES SOBRE EL APARATO URINARIO
55.97,IMPLANTACION O SUSTITUCION RIÑON MECANICO,55 OPERACIONES SOBRE EL RIÑON,10. (55 59) OPERACIONES SOBRE EL APARATO URINARIO,10. (55 59) OPERACIONES SOBRE EL APARATO URINARIO
55.98,EXTRACCION RIÑON MECANICO,55 OPERACIONES SOBRE EL RIÑON,10. (55 59) OPERACIONES SOBRE EL APARATO URINARIO,10. (55 59) OPERACIONES SOBRE EL APARATO URINARIO
55.99,OPERACION RIÑON.OTRA,55 OPERACIONES SOBRE EL RIÑON,10. (55 59) OPERACIONES SOBRE EL APARATO URINARIO,10. (55 59) OPERACIONES SOBRE EL APARATO URINARIO
56,OPERACION URETER,56 OPERACIONES SOBRE URETER,10. (55 59) OPERACIONES SOBRE EL APARATO URINARIO,10. (55 59) OPERACIONES SOBRE EL APARATO URINARIO
56.0,DESOBSTRUCCION TRANSURETRAL URETER Y PELVIS RIÑON,56 OPERACIONES SOBRE URETER,10. (55 59) OPERACIONES SOBRE EL APARATO URINARIO,10. (55 59) OPERACIONES SOBRE EL APARATO URINARIO
56.1,MEATOTOMIA URETERAL,56 OPERACIONES SOBRE URETER,10. (55 59) OPERACIONES SOBRE EL APARATO URINARIO,10. (55 59) OPERACIONES SOBRE EL APARATO URINARIO
56.2,URETEROTOMIA,56 OPERACIONES SOBRE URETER,10. (55 59) OPERACIONES SOBRE EL APARATO URINARIO,10. (55 59) OPERACIONES SOBRE EL APARATO URINARIO
56.3,PROCEDIMIENTO DIAGNOSTICO URETER,56 OPERACIONES SOBRE URETER,10. (55 59) OPERACIONES SOBRE EL APARATO URINARIO,10. (55 59) OPERACIONES SOBRE EL APARATO URINARIO
56.31,URETEROSCOPIA,56 OPERACIONES SOBRE URETER,10. (55 59) OPERACIONES SOBRE EL APARATO URINARIO,10. (55 59) OPERACIONES SOBRE EL APARATO URINARIO
56.32,BIOPSIA URETER CERRADA PERCUTANEA,56 OPERACIONES SOBRE URETER,10. (55 59) OPERACIONES SOBRE EL APARATO URINARIO,10. (55 59) OPERACIONES SOBRE EL APARATO URINARIO
56.33,BIOPSIA URETER CERRADA ENDOSCOPICA,56 OPERACIONES SOBRE URETER,10. (55 59) OPERACIONES SOBRE EL APARATO URINARIO,10. (55 59) OPERACIONES SOBRE EL APARATO URINARIO
56.34,BIOPSIA URETER ABIERTA,56 OPERACIONES SOBRE URETER,10. (55 59) OPERACIONES SOBRE EL APARATO URINARIO,10. (55 59) OPERACIONES SOBRE EL APARATO URINARIO
56.35,ENDOSCOPIA CONDUCTO ILEAL,56 OPERACIONES SOBRE URETER,10. (55 59) OPERACIONES SOBRE EL APARATO URINARIO,10. (55 59) OPERACIONES SOBRE EL APARATO URINARIO
56.39,PROCEDIMIENTO DIAGNOSTICO URETER.OTRO,56 OPERACIONES SOBRE URETER,10. (55 59) OPERACIONES SOBRE EL APARATO URINARIO,10. (55 59) OPERACIONES SOBRE EL APARATO URINARIO
56.4,URETERECTOMIA,56 OPERACIONES SOBRE URETER,10. (55 59) OPERACIONES SOBRE EL APARATO URINARIO,10. (55 59) OPERACIONES SOBRE EL APARATO URINARIO
56.40,URETERECTOMIA.NEOM,56 OPERACIONES SOBRE URETER,10. (55 59) OPERACIONES SOBRE EL APARATO URINARIO,10. (55 59) OPERACIONES SOBRE EL APARATO URINARIO
56.41,URETERECTOMIA.PARCIAL,56 OPERACIONES SOBRE URETER,10. (55 59) OPERACIONES SOBRE EL APARATO URINARIO,10. (55 59) OPERACIONES SOBRE EL APARATO URINARIO
56.42,URETERECTOMIA.TOTAL,56 OPERACIONES SOBRE URETER,10. (55 59) OPERACIONES SOBRE EL APARATO URINARIO,10. (55 59) OPERACIONES SOBRE EL APARATO URINARIO
56.5,URETEROILEOSTOMIA CUTANEA,56 OPERACIONES SOBRE URETER,10. (55 59) OPERACIONES SOBRE EL APARATO URINARIO,10. (55 59) OPERACIONES SOBRE EL APARATO URINARIO
56.51,FORMACION ILEOURETEROSTOMIA CUTANEA,56 OPERACIONES SOBRE URETER,10. (55 59) OPERACIONES SOBRE EL APARATO URINARIO,10. (55 59) OPERACIONES SOBRE EL APARATO URINARIO
56.52,REVISION ILEOURETEROSTOMIA CUTANEA,56 OPERACIONES SOBRE URETER,10. (55 59) OPERACIONES SOBRE EL APARATO URINARIO,10. (55 59) OPERACIONES SOBRE EL APARATO URINARIO
56.6,DERIVACION URINARIA EXTERNA OTRA,56 OPERACIONES SOBRE URETER,10. (55 59) OPERACIONES SOBRE EL APARATO URINARIO,10. (55 59) OPERACIONES SOBRE EL APARATO URINARIO
56.61,FORMACION URETEROSTOMIA CUTANEA OTRA,56 OPERACIONES SOBRE URETER,10. (55 59) OPERACIONES SOBRE EL APARATO URINARIO,10. (55 59) OPERACIONES SOBRE EL APARATO URINARIO
56.62,REVISION URETEROSTOMIA CUTANEA OTRA,56 OPERACIONES SOBRE URETER,10. (55 59) OPERACIONES SOBRE EL APARATO URINARIO,10. (55 59) OPERACIONES SOBRE EL APARATO URINARIO
56.7,ANASTOMOSIS O DESVIACION URETER OTRA,56 OPERACIONES SOBRE URETER,10. (55 59) OPERACIONES SOBRE EL APARATO URINARIO,10. (55 59) OPERACIONES SOBRE EL APARATO URINARIO
56.71,DERIVACION URINARIA A INTESTINO,56 OPERACIONES SOBRE URETER,10. (55 59) OPERACIONES SOBRE EL APARATO URINARIO,10. (55 59) OPERACIONES SOBRE EL APARATO URINARIO
56.72,REVISION URETEROENTEROSTOMIA,56 OPERACIONES SOBRE URETER,10. (55 59) OPERACIONES SOBRE EL APARATO URINARIO,10. (55 59) OPERACIONES SOBRE EL APARATO URINARIO
56.73,NEFROCISTOANASTOMOSIS NEOM,56 OPERACIONES SOBRE URETER,10. (55 59) OPERACIONES SOBRE EL APARATO URINARIO,10. (55 59) OPERACIONES SOBRE EL APARATO URINARIO
56.74,URETERONEOCISTOSTOMIA,56 OPERACIONES SOBRE URETER,10. (55 59) OPERACIONES SOBRE EL APARATO URINARIO,10. (55 59) OPERACIONES SOBRE EL APARATO URINARIO
56.75,TRANSURETEROURETEROSTOMIA,56 OPERACIONES SOBRE URETER,10. (55 59) OPERACIONES SOBRE EL APARATO URINARIO,10. (55 59) OPERACIONES SOBRE EL APARATO URINARIO
56.79,ANASTOMOSIS O DESVIACION URETER.OTRA,56 OPERACIONES SOBRE URETER,10. (55 59) OPERACIONES SOBRE EL APARATO URINARIO,10. (55 59) OPERACIONES SOBRE EL APARATO URINARIO
56.8,REPARACION URETER,56 OPERACIONES SOBRE URETER,10. (55 59) OPERACIONES SOBRE EL APARATO URINARIO,10. (55 59) OPERACIONES SOBRE EL APARATO URINARIO
56.81,LISIS ADHERENCIA INTRALUMINAL URETER,56 OPERACIONES SOBRE URETER,10. (55 59) OPERACIONES SOBRE EL APARATO URINARIO,10. (55 59) OPERACIONES SOBRE EL APARATO URINARIO
56.82,SUTURA URETER,56 OPERACIONES SOBRE URETER,10. (55 59) OPERACIONES SOBRE EL APARATO URINARIO,10. (55 59) OPERACIONES SOBRE EL APARATO URINARIO
56.83,CIERRE URETEROSTOMIA,56 OPERACIONES SOBRE URETER,10. (55 59) OPERACIONES SOBRE EL APARATO URINARIO,10. (55 59) OPERACIONES SOBRE EL APARATO URINARIO
56.84,CIERRE FISTULA URETER OTRA,56 OPERACIONES SOBRE URETER,10. (55 59) OPERACIONES SOBRE EL APARATO URINARIO,10. (55 59) OPERACIONES SOBRE EL APARATO URINARIO
56.85,URETEROPEXIA,56 OPERACIONES SOBRE URETER,10. (55 59) OPERACIONES SOBRE EL APARATO URINARIO,10. (55 59) OPERACIONES SOBRE EL APARATO URINARIO
56.86,EXTRACCION LIGADURA URETER,56 OPERACIONES SOBRE URETER,10. (55 59) OPERACIONES SOBRE EL APARATO URINARIO,10. (55 59) OPERACIONES SOBRE EL APARATO URINARIO
56.89,REPARACION URETER.OTRA,56 OPERACIONES SOBRE URETER,10. (55 59) OPERACIONES SOBRE EL APARATO URINARIO,10. (55 59) OPERACIONES SOBRE EL APARATO URINARIO
56.9,OPERACION URETER OTRA,56 OPERACIONES SOBRE URETER,10. (55 59) OPERACIONES SOBRE EL APARATO URINARIO,10. (55 59) OPERACIONES SOBRE EL APARATO URINARIO
56.91,DILATACION MEATO URETER,56 OPERACIONES SOBRE URETER,10. (55 59) OPERACIONES SOBRE EL APARATO URINARIO,10. (55 59) OPERACIONES SOBRE EL APARATO URINARIO
56.92,IMPLANTACION ESTIMULADOR URETER ELECTRONICO,56 OPERACIONES SOBRE URETER,10. (55 59) OPERACIONES SOBRE EL APARATO URINARIO,10. (55 59) OPERACIONES SOBRE EL APARATO URINARIO
56.93,SUSTITUCION ESTIMULADOR URETER ELECTRONICO,56 OPERACIONES SOBRE URETER,10. (55 59) OPERACIONES SOBRE EL APARATO URINARIO,10. (55 59) OPERACIONES SOBRE EL APARATO URINARIO
56.94,EXTRACCION ESTIMULADOR URETER ELECTRONICO,56 OPERACIONES SOBRE URETER,10. (55 59) OPERACIONES SOBRE EL APARATO URINARIO,10. (55 59) OPERACIONES SOBRE EL APARATO URINARIO
56.95,LIGADURA URETER,56 OPERACIONES SOBRE URETER,10. (55 59) OPERACIONES SOBRE EL APARATO URINARIO,10. (55 59) OPERACIONES SOBRE EL APARATO URINARIO
56.99,OPERACION URETER.OTRA,56 OPERACIONES SOBRE URETER,10. (55 59) OPERACIONES SOBRE EL APARATO URINARIO,10. (55 59) OPERACIONES SOBRE EL APARATO URINARIO
57,OPERACION VEJIGA URINARIA,57 OPERACIONES SOBRE VEJIGA URINARIA,10. (55 59) OPERACIONES SOBRE EL APARATO URINARIO,10. (55 59) OPERACIONES SOBRE EL APARATO URINARIO
57.0,DRENAJE TRANSURETRAL VEJIGA,57 OPERACIONES SOBRE VEJIGA URINARIA,10. (55 59) OPERACIONES SOBRE EL APARATO URINARIO,10. (55 59) OPERACIONES SOBRE EL APARATO URINARIO
57.1,CISTOTOMIA Y CISTOSTOMIA,57 OPERACIONES SOBRE VEJIGA URINARIA,10. (55 59) OPERACIONES SOBRE EL APARATO URINARIO,10. (55 59) OPERACIONES SOBRE EL APARATO URINARIO
57.11,ASPIRACION PERCUTANEA VEJIGA,57 OPERACIONES SOBRE VEJIGA URINARIA,10. (55 59) OPERACIONES SOBRE EL APARATO URINARIO,10. (55 59) OPERACIONES SOBRE EL APARATO URINARIO
57.12,LISIS ADHERENCIA INTRALUMINAL POR INCISION VEJIGA,57 OPERACIONES SOBRE VEJIGA URINARIA,10. (55 59) OPERACIONES SOBRE EL APARATO URINARIO,10. (55 59) OPERACIONES SOBRE EL APARATO URINARIO
57.17,CISTOSTOMIA PERCUTANEA,57 OPERACIONES SOBRE VEJIGA URINARIA,10. (55 59) OPERACIONES SOBRE EL APARATO URINARIO,10. (55 59) OPERACIONES SOBRE EL APARATO URINARIO
57.18,CISTOSTOMIA SUPRAPUBICA OTRA,57 OPERACIONES SOBRE VEJIGA URINARIA,10. (55 59) OPERACIONES SOBRE EL APARATO URINARIO,10. (55 59) OPERACIONES SOBRE EL APARATO URINARIO
57.19,CISTOTOMIA.OTRA,57 OPERACIONES SOBRE VEJIGA URINARIA,10. (55 59) OPERACIONES SOBRE EL APARATO URINARIO,10. (55 59) OPERACIONES SOBRE EL APARATO URINARIO
57.2,VESICOSTOMIA,57 OPERACIONES SOBRE VEJIGA URINARIA,10. (55 59) OPERACIONES SOBRE EL APARATO URINARIO,10. (55 59) OPERACIONES SOBRE EL APARATO URINARIO
57.21,VESICOSTOMIA,57 OPERACIONES SOBRE VEJIGA URINARIA,10. (55 59) OPERACIONES SOBRE EL APARATO URINARIO,10. (55 59) OPERACIONES SOBRE EL APARATO URINARIO
57.22,REVISION VESICOSTOMIA,57 OPERACIONES SOBRE VEJIGA URINARIA,10. (55 59) OPERACIONES SOBRE EL APARATO URINARIO,10. (55 59) OPERACIONES SOBRE EL APARATO URINARIO
57.3,PROCEDIMIENTO DIAGNOSTICO VEJIGA,57 OPERACIONES SOBRE VEJIGA URINARIA,10. (55 59) OPERACIONES SOBRE EL APARATO URINARIO,10. (55 59) OPERACIONES SOBRE EL APARATO URINARIO
57.31,CISTOSCOPIA POR ESTOMA ARTIFICIAL,57 OPERACIONES SOBRE VEJIGA URINARIA,10. (55 59) OPERACIONES SOBRE EL APARATO URINARIO,10. (55 59) OPERACIONES SOBRE EL APARATO URINARIO
57.32,CISTOSCOPIA OTRA,57 OPERACIONES SOBRE VEJIGA URINARIA,10. (55 59) OPERACIONES SOBRE EL APARATO URINARIO,10. (55 59) OPERACIONES SOBRE EL APARATO URINARIO
57.33,BIOPSIA VEJIGA CERRADA TRANSURETRAL,57 OPERACIONES SOBRE VEJIGA URINARIA,10. (55 59) OPERACIONES SOBRE EL APARATO URINARIO,10. (55 59) OPERACIONES SOBRE EL APARATO URINARIO
57.34,BIOPSIA VEJIGA ABIERTA,57 OPERACIONES SOBRE VEJIGA URINARIA,10. (55 59) OPERACIONES SOBRE EL APARATO URINARIO,10. (55 59) OPERACIONES SOBRE EL APARATO URINARIO
57.39,PROCEDIMIENTO DIAGNOSTICO VEJIGA.OTRO,57 OPERACIONES SOBRE VEJIGA URINARIA,10. (55 59) OPERACIONES SOBRE EL APARATO URINARIO,10. (55 59) OPERACIONES SOBRE EL APARATO URINARIO
57.4,ESCISION VEJIGA LOCAL TRANSURETRAL,57 OPERACIONES SOBRE VEJIGA URINARIA,10. (55 59) OPERACIONES SOBRE EL APARATO URINARIO,10. (55 59) OPERACIONES SOBRE EL APARATO URINARIO
57.41,LISIS TRANSURETRAL ADHESION INTRALUMINAL VEJIGA,57 OPERACIONES SOBRE VEJIGA URINARIA,10. (55 59) OPERACIONES SOBRE EL APARATO URINARIO,10. (55 59) OPERACIONES SOBRE EL APARATO URINARIO
57.49,ESCISION VEJIGA LOCAL TRANSURETRAL.OTRA,57 OPERACIONES SOBRE VEJIGA URINARIA,10. (55 59) OPERACIONES SOBRE EL APARATO URINARIO,10. (55 59) OPERACIONES SOBRE EL APARATO URINARIO
57.5,ESCISION VEJIGA LOCAL ABIERTA,57 OPERACIONES SOBRE VEJIGA URINARIA,10. (55 59) OPERACIONES SOBRE EL APARATO URINARIO,10. (55 59) OPERACIONES SOBRE EL APARATO URINARIO
57.51,ESCISION URACO,57 OPERACIONES SOBRE VEJIGA URINARIA,10. (55 59) OPERACIONES SOBRE EL APARATO URINARIO,10. (55 59) OPERACIONES SOBRE EL APARATO URINARIO
57.59,ESCISION VEJIGA LOCAL ABIERTA.OTRA,57 OPERACIONES SOBRE VEJIGA URINARIA,10. (55 59) OPERACIONES SOBRE EL APARATO URINARIO,10. (55 59) OPERACIONES SOBRE EL APARATO URINARIO
57.6,CISTECTOMIA PARCIAL,57 OPERACIONES SOBRE VEJIGA URINARIA,10. (55 59) OPERACIONES SOBRE EL APARATO URINARIO,10. (55 59) OPERACIONES SOBRE EL APARATO URINARIO
57.7,CISTECTOMIA TOTAL,57 OPERACIONES SOBRE VEJIGA URINARIA,10. (55 59) OPERACIONES SOBRE EL APARATO URINARIO,10. (55 59) OPERACIONES SOBRE EL APARATO URINARIO
57.71,CISTECTOMIA RADICAL,57 OPERACIONES SOBRE VEJIGA URINARIA,10. (55 59) OPERACIONES SOBRE EL APARATO URINARIO,10. (55 59) OPERACIONES SOBRE EL APARATO URINARIO
57.79,CISTECTOMIA TOTAL.OTRA,57 OPERACIONES SOBRE VEJIGA URINARIA,10. (55 59) OPERACIONES SOBRE EL APARATO URINARIO,10. (55 59) OPERACIONES SOBRE EL APARATO URINARIO
57.8,REPARACION VEJIGA URINARIA OTRA,57 OPERACIONES SOBRE VEJIGA URINARIA,10. (55 59) OPERACIONES SOBRE EL APARATO URINARIO,10. (55 59) OPERACIONES SOBRE EL APARATO URINARIO
57.81,SUTURA VEJIGA,57 OPERACIONES SOBRE VEJIGA URINARIA,10. (55 59) OPERACIONES SOBRE EL APARATO URINARIO,10. (55 59) OPERACIONES SOBRE EL APARATO URINARIO
57.82,CIERRE CISTOSTOMIA,57 OPERACIONES SOBRE VEJIGA URINARIA,10. (55 59) OPERACIONES SOBRE EL APARATO URINARIO,10. (55 59) OPERACIONES SOBRE EL APARATO URINARIO
57.83,REPARACION FISTULA ENTEROVESICAL,57 OPERACIONES SOBRE VEJIGA URINARIA,10. (55 59) OPERACIONES SOBRE EL APARATO URINARIO,10. (55 59) OPERACIONES SOBRE EL APARATO URINARIO
57.84,REPARACION FISTULA VEJIGA OTRA,57 OPERACIONES SOBRE VEJIGA URINARIA,10. (55 59) OPERACIONES SOBRE EL APARATO URINARIO,10. (55 59) OPERACIONES SOBRE EL APARATO URINARIO
57.85,CISTOURETROPLASTIA Y REPARACION PLASTICA CUELLO VEJIGA,57 OPERACIONES SOBRE VEJIGA URINARIA,10. (55 59) OPERACIONES SOBRE EL APARATO URINARIO,10. (55 59) OPERACIONES SOBRE EL APARATO URINARIO
57.86,REPARACION EXTROFIA VEJIGA,57 OPERACIONES SOBRE VEJIGA URINARIA,10. (55 59) OPERACIONES SOBRE EL APARATO URINARIO,10. (55 59) OPERACIONES SOBRE EL APARATO URINARIO
57.87,RECONSTRUCCION VEJIGA,57 OPERACIONES SOBRE VEJIGA URINARIA,10. (55 59) OPERACIONES SOBRE EL APARATO URINARIO,10. (55 59) OPERACIONES SOBRE EL APARATO URINARIO
57.88,ANASTOMOSIS VEJIGA OTRA,57 OPERACIONES SOBRE VEJIGA URINARIA,10. (55 59) OPERACIONES SOBRE EL APARATO URINARIO,10. (55 59) OPERACIONES SOBRE EL APARATO URINARIO
57.89,REPARACION VEJIGA.OTRA,57 OPERACIONES SOBRE VEJIGA URINARIA,10. (55 59) OPERACIONES SOBRE EL APARATO URINARIO,10. (55 59) OPERACIONES SOBRE EL APARATO URINARIO
57.9,OPERACION VEJIGA OTRA,57 OPERACIONES SOBRE VEJIGA URINARIA,10. (55 59) OPERACIONES SOBRE EL APARATO URINARIO,10. (55 59) OPERACIONES SOBRE EL APARATO URINARIO
57.91,ESFINTEROTOMIA VEJIGA,57 OPERACIONES SOBRE VEJIGA URINARIA,10. (55 59) OPERACIONES SOBRE EL APARATO URINARIO,10. (55 59) OPERACIONES SOBRE EL APARATO URINARIO
57.92,DILATACION CUELLO VEJIGA,57 OPERACIONES SOBRE VEJIGA URINARIA,10. (55 59) OPERACIONES SOBRE EL APARATO URINARIO,10. (55 59) OPERACIONES SOBRE EL APARATO URINARIO
57.93,CONTROL HEMORRAGIA VEJIGA POSTOPERATORIA,57 OPERACIONES SOBRE VEJIGA URINARIA,10. (55 59) OPERACIONES SOBRE EL APARATO URINARIO,10. (55 59) OPERACIONES SOBRE EL APARATO URINARIO
57.94,SONDAJE URINARIO PERMANENTE,57 OPERACIONES SOBRE VEJIGA URINARIA,10. (55 59) OPERACIONES SOBRE EL APARATO URINARIO,10. (55 59) OPERACIONES SOBRE EL APARATO URINARIO
57.95,SUSTITUCION SONDA URINARIA PERMANENTE,57 OPERACIONES SOBRE VEJIGA URINARIA,10. (55 59) OPERACIONES SOBRE EL APARATO URINARIO,10. (55 59) OPERACIONES SOBRE EL APARATO URINARIO
57.96,IMPLANTACION ESTIMULADOR VEJIGA ELECTRONICO,57 OPERACIONES SOBRE VEJIGA URINARIA,10. (55 59) OPERACIONES SOBRE EL APARATO URINARIO,10. (55 59) OPERACIONES SOBRE EL APARATO URINARIO
57.97,SUSTITUCION ESTIMULADOR VEJIGA ELECTRONICO,57 OPERACIONES SOBRE VEJIGA URINARIA,10. (55 59) OPERACIONES SOBRE EL APARATO URINARIO,10. (55 59) OPERACIONES SOBRE EL APARATO URINARIO
57.98,EXTRACCION ESTIMULADOR VEJIGA ELECTRONICO,57 OPERACIONES SOBRE VEJIGA URINARIA,10. (55 59) OPERACIONES SOBRE EL APARATO URINARIO,10. (55 59) OPERACIONES SOBRE EL APARATO URINARIO
57.99,OPERACION VEJIGA OTRA.OTRA,57 OPERACIONES SOBRE VEJIGA URINARIA,10. (55 59) OPERACIONES SOBRE EL APARATO URINARIO,10. (55 59) OPERACIONES SOBRE EL APARATO URINARIO
58,OPERACION URETRA,58 OPERACIONES SOBRE URETRA,10. (55 59) OPERACIONES SOBRE EL APARATO URINARIO,10. (55 59) OPERACIONES SOBRE EL APARATO URINARIO
58.0,URETROTOMIA,58 OPERACIONES SOBRE URETRA,10. (55 59) OPERACIONES SOBRE EL APARATO URINARIO,10. (55 59) OPERACIONES SOBRE EL APARATO URINARIO
58.1,MEATOTOMIA URETRAL,58 OPERACIONES SOBRE URETRA,10. (55 59) OPERACIONES SOBRE EL APARATO URINARIO,10. (55 59) OPERACIONES SOBRE EL APARATO URINARIO
58.2,PROCEDIMIENTO DIAGNOSTICO URETRA,58 OPERACIONES SOBRE URETRA,10. (55 59) OPERACIONES SOBRE EL APARATO URINARIO,10. (55 59) OPERACIONES SOBRE EL APARATO URINARIO
58.21,URETROSCOPIA PERINEAL,58 OPERACIONES SOBRE URETRA,10. (55 59) OPERACIONES SOBRE EL APARATO URINARIO,10. (55 59) OPERACIONES SOBRE EL APARATO URINARIO
58.22,URETROSCOPIA OTRA,58 OPERACIONES SOBRE URETRA,10. (55 59) OPERACIONES SOBRE EL APARATO URINARIO,10. (55 59) OPERACIONES SOBRE EL APARATO URINARIO
58.23,BIOPSIA URETRA,58 OPERACIONES SOBRE URETRA,10. (55 59) OPERACIONES SOBRE EL APARATO URINARIO,10. (55 59) OPERACIONES SOBRE EL APARATO URINARIO
58.24,BIOPSIA TEJIDO PERIURETRAL,58 OPERACIONES SOBRE URETRA,10. (55 59) OPERACIONES SOBRE EL APARATO URINARIO,10. (55 59) OPERACIONES SOBRE EL APARATO URINARIO
58.29,PROCEDIMIENTO DIAGNOSTICO URETRA.OTRO,58 OPERACIONES SOBRE URETRA,10. (55 59) OPERACIONES SOBRE EL APARATO URINARIO,10. (55 59) OPERACIONES SOBRE EL APARATO URINARIO
58.3,ESCISION URETRA LOCAL,58 OPERACIONES SOBRE URETRA,10. (55 59) OPERACIONES SOBRE EL APARATO URINARIO,10. (55 59) OPERACIONES SOBRE EL APARATO URINARIO
58.31,ESCISION URETRA LOCAL.ENDOSCOPICA,58 OPERACIONES SOBRE URETRA,10. (55 59) OPERACIONES SOBRE EL APARATO URINARIO,10. (55 59) OPERACIONES SOBRE EL APARATO URINARIO
58.39,ESCISION URETRA LOCAL.OTRA,58 OPERACIONES SOBRE URETRA,10. (55 59) OPERACIONES SOBRE EL APARATO URINARIO,10. (55 59) OPERACIONES SOBRE EL APARATO URINARIO
58.4,REPARACION URETRA,58 OPERACIONES SOBRE URETRA,10. (55 59) OPERACIONES SOBRE EL APARATO URINARIO,10. (55 59) OPERACIONES SOBRE EL APARATO URINARIO
58.41,SUTURA URETRA,58 OPERACIONES SOBRE URETRA,10. (55 59) OPERACIONES SOBRE EL APARATO URINARIO,10. (55 59) OPERACIONES SOBRE EL APARATO URINARIO
58.42,CIERRE URETROSTOMIA,58 OPERACIONES SOBRE URETRA,10. (55 59) OPERACIONES SOBRE EL APARATO URINARIO,10. (55 59) OPERACIONES SOBRE EL APARATO URINARIO
58.43,CIERRE FISTULA URETRA OTRA,58 OPERACIONES SOBRE URETRA,10. (55 59) OPERACIONES SOBRE EL APARATO URINARIO,10. (55 59) OPERACIONES SOBRE EL APARATO URINARIO
58.44,REANASTOMOSIS URETRA,58 OPERACIONES SOBRE URETRA,10. (55 59) OPERACIONES SOBRE EL APARATO URINARIO,10. (55 59) OPERACIONES SOBRE EL APARATO URINARIO
58.45,REPARACION HIPOSPADIA Y EPISPADIA,58 OPERACIONES SOBRE URETRA,10. (55 59) OPERACIONES SOBRE EL APARATO URINARIO,10. (55 59) OPERACIONES SOBRE EL APARATO URINARIO
58.46,RECONSTRUCCION URETRA OTRA,58 OPERACIONES SOBRE URETRA,10. (55 59) OPERACIONES SOBRE EL APARATO URINARIO,10. (55 59) OPERACIONES SOBRE EL APARATO URINARIO
58.47,MEATOPLASTIA URETRA,58 OPERACIONES SOBRE URETRA,10. (55 59) OPERACIONES SOBRE EL APARATO URINARIO,10. (55 59) OPERACIONES SOBRE EL APARATO URINARIO
58.49,REPARACION URETRA.OTRA,58 OPERACIONES SOBRE URETRA,10. (55 59) OPERACIONES SOBRE EL APARATO URINARIO,10. (55 59) OPERACIONES SOBRE EL APARATO URINARIO
58.5,LIBERACION ESTENOSIS URETRA,58 OPERACIONES SOBRE URETRA,10. (55 59) OPERACIONES SOBRE EL APARATO URINARIO,10. (55 59) OPERACIONES SOBRE EL APARATO URINARIO
58.6,DILATACION URETRA,58 OPERACIONES SOBRE URETRA,10. (55 59) OPERACIONES SOBRE EL APARATO URINARIO,10. (55 59) OPERACIONES SOBRE EL APARATO URINARIO
58.9,OPERACION URETRA Y TEJIDO PERIURETRAL OTRA,58 OPERACIONES SOBRE URETRA,10. (55 59) OPERACIONES SOBRE EL APARATO URINARIO,10. (55 59) OPERACIONES SOBRE EL APARATO URINARIO
58.91,INCISION TEJIDO PERIURETRAL,58 OPERACIONES SOBRE URETRA,10. (55 59) OPERACIONES SOBRE EL APARATO URINARIO,10. (55 59) OPERACIONES SOBRE EL APARATO URINARIO
58.92,ESCISION TEJIDO PERIURETRAL,58 OPERACIONES SOBRE URETRA,10. (55 59) OPERACIONES SOBRE EL APARATO URINARIO,10. (55 59) OPERACIONES SOBRE EL APARATO URINARIO
58.93,IMPLANTACION ESFINTER URINARIO ARTIFICIAL [EUA],58 OPERACIONES SOBRE URETRA,10. (55 59) OPERACIONES SOBRE EL APARATO URINARIO,10. (55 59) OPERACIONES SOBRE EL APARATO URINARIO
58.99,OPERACION URETRA Y TEJIDO PERIURETRAL.OTRA,58 OPERACIONES SOBRE URETRA,10. (55 59) OPERACIONES SOBRE EL APARATO URINARIO,10. (55 59) OPERACIONES SOBRE EL APARATO URINARIO
59,OPERACION TRACTO URINARIO OTRA,59 OTRAS OPERACIONES SOBRE EL TRACTO URINARIO,10. (55 59) OPERACIONES SOBRE EL APARATO URINARIO,10. (55 59) OPERACIONES SOBRE EL APARATO URINARIO
59.0,DISECCION TEJIDO RETROPERITONEAL,59 OTRAS OPERACIONES SOBRE EL TRACTO URINARIO,10. (55 59) OPERACIONES SOBRE EL APARATO URINARIO,10. (55 59) OPERACIONES SOBRE EL APARATO URINARIO
59.00,DISECCION TEJIDO RETROPERITONEAL.NEOM,59 OTRAS OPERACIONES SOBRE EL TRACTO URINARIO,10. (55 59) OPERACIONES SOBRE EL APARATO URINARIO,10. (55 59) OPERACIONES SOBRE EL APARATO URINARIO
59.02,LISIS ADHERENCIA PERIRRENAL O PERIURETERAL OTRA,59 OTRAS OPERACIONES SOBRE EL TRACTO URINARIO,10. (55 59) OPERACIONES SOBRE EL APARATO URINARIO,10. (55 59) OPERACIONES SOBRE EL APARATO URINARIO
59.03,LISIS ADHERENCIA PERIRRENAL O PERIURETERAL LAPAROSCOPICA,59 OTRAS OPERACIONES SOBRE EL TRACTO URINARIO,10. (55 59) OPERACIONES SOBRE EL APARATO URINARIO,10. (55 59) OPERACIONES SOBRE EL APARATO URINARIO
59.09,INCISION TEJIDO PERIRRENAL O PERIURETERAL OTRA,59 OTRAS OPERACIONES SOBRE EL TRACTO URINARIO,10. (55 59) OPERACIONES SOBRE EL APARATO URINARIO,10. (55 59) OPERACIONES SOBRE EL APARATO URINARIO
59.1,INCISION TEJIDO PERIVESICAL,59 OTRAS OPERACIONES SOBRE EL TRACTO URINARIO,10. (55 59) OPERACIONES SOBRE EL APARATO URINARIO,10. (55 59) OPERACIONES SOBRE EL APARATO URINARIO
59.11,LISIS ADHERENCIA PERIVESICAL OTRA,59 OTRAS OPERACIONES SOBRE EL TRACTO URINARIO,10. (55 59) OPERACIONES SOBRE EL APARATO URINARIO,10. (55 59) OPERACIONES SOBRE EL APARATO URINARIO
59.12,LISIS ADHERENCIA PERIVESICAL LAPAROSCOPICA,59 OTRAS OPERACIONES SOBRE EL TRACTO URINARIO,10. (55 59) OPERACIONES SOBRE EL APARATO URINARIO,10. (55 59) OPERACIONES SOBRE EL APARATO URINARIO
59.19,INCISION TEJIDO PERIVESICAL.OTRA,59 OTRAS OPERACIONES SOBRE EL TRACTO URINARIO,10. (55 59) OPERACIONES SOBRE EL APARATO URINARIO,10. (55 59) OPERACIONES SOBRE EL APARATO URINARIO
59.2,PROCEDIMIENTO DIAGNOSTICO TEJIDO PERIRRENAL Y PERIVESICAL,59 OTRAS OPERACIONES SOBRE EL TRACTO URINARIO,10. (55 59) OPERACIONES SOBRE EL APARATO URINARIO,10. (55 59) OPERACIONES SOBRE EL APARATO URINARIO
59.21,BIOPSIA TEJIDO PERIRRENAL O PERIVESICAL,59 OTRAS OPERACIONES SOBRE EL TRACTO URINARIO,10. (55 59) OPERACIONES SOBRE EL APARATO URINARIO,10. (55 59) OPERACIONES SOBRE EL APARATO URINARIO
59.29,PROCEDIMIENTO DIAGNOSTICO TEJIDO PERIRRENAL Y RETROPERITONEO,59 OTRAS OPERACIONES SOBRE EL TRACTO URINARIO,10. (55 59) OPERACIONES SOBRE EL APARATO URINARIO,10. (55 59) OPERACIONES SOBRE EL APARATO URINARIO
59.3,PLICATURA UNION URETROVESICAL,59 OTRAS OPERACIONES SOBRE EL TRACTO URINARIO,10. (55 59) OPERACIONES SOBRE EL APARATO URINARIO,10. (55 59) OPERACIONES SOBRE EL APARATO URINARIO
59.4,SUSPENSION URETRA SUPRAPUBICA,59 OTRAS OPERACIONES SOBRE EL TRACTO URINARIO,10. (55 59) OPERACIONES SOBRE EL APARATO URINARIO,10. (55 59) OPERACIONES SOBRE EL APARATO URINARIO
59.5,SUSPENSION URETRA RETROPUBICA,59 OTRAS OPERACIONES SOBRE EL TRACTO URINARIO,10. (55 59) OPERACIONES SOBRE EL APARATO URINARIO,10. (55 59) OPERACIONES SOBRE EL APARATO URINARIO
59.6,SUSPENSION PARAURETRAL,59 OTRAS OPERACIONES SOBRE EL TRACTO URINARIO,10. (55 59) OPERACIONES SOBRE EL APARATO URINARIO,10. (55 59) OPERACIONES SOBRE EL APARATO URINARIO
59.7,REPARACION INCONTINENCIA ORINA DE ESFUERZO,59 OTRAS OPERACIONES SOBRE EL TRACTO URINARIO,10. (55 59) OPERACIONES SOBRE EL APARATO URINARIO,10. (55 59) OPERACIONES SOBRE EL APARATO URINARIO
59.71,SUSPENSION URETROVESICAL CON MUSCULO ELEVADOR,59 OTRAS OPERACIONES SOBRE EL TRACTO URINARIO,10. (55 59) OPERACIONES SOBRE EL APARATO URINARIO,10. (55 59) OPERACIONES SOBRE EL APARATO URINARIO
59.72,INYECCION IMPLANTE URETRA O CUELLO VEJIGA,59 OTRAS OPERACIONES SOBRE EL TRACTO URINARIO,10. (55 59) OPERACIONES SOBRE EL APARATO URINARIO,10. (55 59) OPERACIONES SOBRE EL APARATO URINARIO
59.79,REPARACION INCONTINENCIA ORINA.OTRA,59 OTRAS OPERACIONES SOBRE EL TRACTO URINARIO,10. (55 59) OPERACIONES SOBRE EL APARATO URINARIO,10. (55 59) OPERACIONES SOBRE EL APARATO URINARIO
59.8,CATETERISMO URETER,59 OTRAS OPERACIONES SOBRE EL TRACTO URINARIO,10. (55 59) OPERACIONES SOBRE EL APARATO URINARIO,10. (55 59) OPERACIONES SOBRE EL APARATO URINARIO
59.9,OPERACION APARATO URINARIO OTRA,59 OTRAS OPERACIONES SOBRE EL TRACTO URINARIO,10. (55 59) OPERACIONES SOBRE EL APARATO URINARIO,10. (55 59) OPERACIONES SOBRE EL APARATO URINARIO
59.91,ESCISION TEJIDO PERIRRENAL O PERIVESICAL,59 OTRAS OPERACIONES SOBRE EL TRACTO URINARIO,10. (55 59) OPERACIONES SOBRE EL APARATO URINARIO,10. (55 59) OPERACIONES SOBRE EL APARATO URINARIO
59.92,OPERACION TEJIDO PERIRRENAL O PERIVESICAL OTRA,59 OTRAS OPERACIONES SOBRE EL TRACTO URINARIO,10. (55 59) OPERACIONES SOBRE EL APARATO URINARIO,10. (55 59) OPERACIONES SOBRE EL APARATO URINARIO
59.93,SUSTITUCION TUBO URETEROSTOMIA,59 OTRAS OPERACIONES SOBRE EL TRACTO URINARIO,10. (55 59) OPERACIONES SOBRE EL APARATO URINARIO,10. (55 59) OPERACIONES SOBRE EL APARATO URINARIO
59.94,SUSTITUCION TUBO CISTOSTOMIA,59 OTRAS OPERACIONES SOBRE EL TRACTO URINARIO,10. (55 59) OPERACIONES SOBRE EL APARATO URINARIO,10. (55 59) OPERACIONES SOBRE EL APARATO URINARIO
59.95,FRAGMENTACION CALCULO URINARIO POR ULTRASONIDOS,59 OTRAS OPERACIONES SOBRE EL TRACTO URINARIO,10. (55 59) OPERACIONES SOBRE EL APARATO URINARIO,10. (55 59) OPERACIONES SOBRE EL APARATO URINARIO
59.99,OPERACION APARATO URINARIO.OTRA,59 OTRAS OPERACIONES SOBRE EL TRACTO URINARIO,10. (55 59) OPERACIONES SOBRE EL APARATO URINARIO,10. (55 59) OPERACIONES SOBRE EL APARATO URINARIO
60,OPERACION PROSTATA Y VESICULA SEMINAL,60 OPERACIONES SOBRE PROSTATA Y VESICULAS SEMINALES,11. (60 64) OPERACIONES SOBRE ORGANOS GENITALES MASCULINOS,11. (60 64) OPERACIONES SOBRE ORGANOS GENITALES MASCULINOS
60.0,INCISION PROSTATA,60 OPERACIONES SOBRE PROSTATA Y VESICULAS SEMINALES,11. (60 64) OPERACIONES SOBRE ORGANOS GENITALES MASCULINOS,11. (60 64) OPERACIONES SOBRE ORGANOS GENITALES MASCULINOS
60.1,PROCEDIMIENTO DIAGNOSTICO PROSTATA Y VESICULA SEMINAL,60 OPERACIONES SOBRE PROSTATA Y VESICULAS SEMINALES,11. (60 64) OPERACIONES SOBRE ORGANOS GENITALES MASCULINOS,11. (60 64) OPERACIONES SOBRE ORGANOS GENITALES MASCULINOS
60.11,BIOPSIA PROSTATA POR AGUJA,60 OPERACIONES SOBRE PROSTATA Y VESICULAS SEMINALES,11. (60 64) OPERACIONES SOBRE ORGANOS GENITALES MASCULINOS,11. (60 64) OPERACIONES SOBRE ORGANOS GENITALES MASCULINOS
60.12,BIOPSIA PROSTATA OTRA,60 OPERACIONES SOBRE PROSTATA Y VESICULAS SEMINALES,11. (60 64) OPERACIONES SOBRE ORGANOS GENITALES MASCULINOS,11. (60 64) OPERACIONES SOBRE ORGANOS GENITALES MASCULINOS
60.13,BIOPSIA VESICULA SEMINAL PERCUTANEA,60 OPERACIONES SOBRE PROSTATA Y VESICULAS SEMINALES,11. (60 64) OPERACIONES SOBRE ORGANOS GENITALES MASCULINOS,11. (60 64) OPERACIONES SOBRE ORGANOS GENITALES MASCULINOS
60.14,BIOPSIA VESICULA SEMINAL OTRA,60 OPERACIONES SOBRE PROSTATA Y VESICULAS SEMINALES,11. (60 64) OPERACIONES SOBRE ORGANOS GENITALES MASCULINOS,11. (60 64) OPERACIONES SOBRE ORGANOS GENITALES MASCULINOS
60.15,BIOPSIA TEJIDO PERIPROSTATICO,60 OPERACIONES SOBRE PROSTATA Y VESICULAS SEMINALES,11. (60 64) OPERACIONES SOBRE ORGANOS GENITALES MASCULINOS,11. (60 64) OPERACIONES SOBRE ORGANOS GENITALES MASCULINOS
60.18,PROCEDIMIENTO DIAGNOSTICO PROSTATA Y TEJIDO PERIPROSTATICO,60 OPERACIONES SOBRE PROSTATA Y VESICULAS SEMINALES,11. (60 64) OPERACIONES SOBRE ORGANOS GENITALES MASCULINOS,11. (60 64) OPERACIONES SOBRE ORGANOS GENITALES MASCULINOS
60.19,PROCEDIMIENTO DIAGNOSTICO VESICULA SEMINAL OTRO,60 OPERACIONES SOBRE PROSTATA Y VESICULAS SEMINALES,11. (60 64) OPERACIONES SOBRE ORGANOS GENITALES MASCULINOS,11. (60 64) OPERACIONES SOBRE ORGANOS GENITALES MASCULINOS
60.2,PROSTATECTOMIA TRANSURETRAL,60 OPERACIONES SOBRE PROSTATA Y VESICULAS SEMINALES,11. (60 64) OPERACIONES SOBRE ORGANOS GENITALES MASCULINOS,11. (60 64) OPERACIONES SOBRE ORGANOS GENITALES MASCULINOS
60.21,PROSTATECTOMIA TRANSURETRAL POR LASER INDUCIDO [TULIP],60 OPERACIONES SOBRE PROSTATA Y VESICULAS SEMINALES,11. (60 64) OPERACIONES SOBRE ORGANOS GENITALES MASCULINOS,11. (60 64) OPERACIONES SOBRE ORGANOS GENITALES MASCULINOS
60.29,PROSTATECTOMIA TRANSURETRAL.OTRA,60 OPERACIONES SOBRE PROSTATA Y VESICULAS SEMINALES,11. (60 64) OPERACIONES SOBRE ORGANOS GENITALES MASCULINOS,11. (60 64) OPERACIONES SOBRE ORGANOS GENITALES MASCULINOS
60.3,PROSTATECTOMIA SUPRAPUBICA,60 OPERACIONES SOBRE PROSTATA Y VESICULAS SEMINALES,11. (60 64) OPERACIONES SOBRE ORGANOS GENITALES MASCULINOS,11. (60 64) OPERACIONES SOBRE ORGANOS GENITALES MASCULINOS
60.4,PROSTATECTOMIA RETROPUBICA,60 OPERACIONES SOBRE PROSTATA Y VESICULAS SEMINALES,11. (60 64) OPERACIONES SOBRE ORGANOS GENITALES MASCULINOS,11. (60 64) OPERACIONES SOBRE ORGANOS GENITALES MASCULINOS
60.5,PROSTATECTOMIA RADICAL,60 OPERACIONES SOBRE PROSTATA Y VESICULAS SEMINALES,11. (60 64) OPERACIONES SOBRE ORGANOS GENITALES MASCULINOS,11. (60 64) OPERACIONES SOBRE ORGANOS GENITALES MASCULINOS
60.6,PROSTATECTOMIA OTRA,60 OPERACIONES SOBRE PROSTATA Y VESICULAS SEMINALES,11. (60 64) OPERACIONES SOBRE ORGANOS GENITALES MASCULINOS,11. (60 64) OPERACIONES SOBRE ORGANOS GENITALES MASCULINOS
60.61,ESCISION PROSTATA LOCAL,60 OPERACIONES SOBRE PROSTATA Y VESICULAS SEMINALES,11. (60 64) OPERACIONES SOBRE ORGANOS GENITALES MASCULINOS,11. (60 64) OPERACIONES SOBRE ORGANOS GENITALES MASCULINOS
60.62,PROSTATECTOMIA PERINEAL,60 OPERACIONES SOBRE PROSTATA Y VESICULAS SEMINALES,11. (60 64) OPERACIONES SOBRE ORGANOS GENITALES MASCULINOS,11. (60 64) OPERACIONES SOBRE ORGANOS GENITALES MASCULINOS
60.69,PROSTATECTOMIA.OTRA,60 OPERACIONES SOBRE PROSTATA Y VESICULAS SEMINALES,11. (60 64) OPERACIONES SOBRE ORGANOS GENITALES MASCULINOS,11. (60 64) OPERACIONES SOBRE ORGANOS GENITALES MASCULINOS
60.7,OPERACION VESICULA SEMINAL,60 OPERACIONES SOBRE PROSTATA Y VESICULAS SEMINALES,11. (60 64) OPERACIONES SOBRE ORGANOS GENITALES MASCULINOS,11. (60 64) OPERACIONES SOBRE ORGANOS GENITALES MASCULINOS
60.71,ASPIRACION PERCUTANEA VESICULA SEMINAL,60 OPERACIONES SOBRE PROSTATA Y VESICULAS SEMINALES,11. (60 64) OPERACIONES SOBRE ORGANOS GENITALES MASCULINOS,11. (60 64) OPERACIONES SOBRE ORGANOS GENITALES MASCULINOS
60.72,INCISION VESICULA SEMINAL,60 OPERACIONES SOBRE PROSTATA Y VESICULAS SEMINALES,11. (60 64) OPERACIONES SOBRE ORGANOS GENITALES MASCULINOS,11. (60 64) OPERACIONES SOBRE ORGANOS GENITALES MASCULINOS
60.73,ESCISION VESICULA SEMINAL,60 OPERACIONES SOBRE PROSTATA Y VESICULAS SEMINALES,11. (60 64) OPERACIONES SOBRE ORGANOS GENITALES MASCULINOS,11. (60 64) OPERACIONES SOBRE ORGANOS GENITALES MASCULINOS
60.79,OPERACION VESICULA SEMINAL.OTRA,60 OPERACIONES SOBRE PROSTATA Y VESICULAS SEMINALES,11. (60 64) OPERACIONES SOBRE ORGANOS GENITALES MASCULINOS,11. (60 64) OPERACIONES SOBRE ORGANOS GENITALES MASCULINOS
60.8,INCISION TEJIDO PERIPROSTATICO,60 OPERACIONES SOBRE PROSTATA Y VESICULAS SEMINALES,11. (60 64) OPERACIONES SOBRE ORGANOS GENITALES MASCULINOS,11. (60 64) OPERACIONES SOBRE ORGANOS GENITALES MASCULINOS
60.81,INCISION TEJIDO PERIPROSTATICO,60 OPERACIONES SOBRE PROSTATA Y VESICULAS SEMINALES,11. (60 64) OPERACIONES SOBRE ORGANOS GENITALES MASCULINOS,11. (60 64) OPERACIONES SOBRE ORGANOS GENITALES MASCULINOS
60.82,ESCISION TEJIDO PERIPROSTATICO,60 OPERACIONES SOBRE PROSTATA Y VESICULAS SEMINALES,11. (60 64) OPERACIONES SOBRE ORGANOS GENITALES MASCULINOS,11. (60 64) OPERACIONES SOBRE ORGANOS GENITALES MASCULINOS
60.9,OPERACION PROSTATA OTRA,60 OPERACIONES SOBRE PROSTATA Y VESICULAS SEMINALES,11. (60 64) OPERACIONES SOBRE ORGANOS GENITALES MASCULINOS,11. (60 64) OPERACIONES SOBRE ORGANOS GENITALES MASCULINOS
60.91,ASPIRACION PERCUTANEA PROSTATA,60 OPERACIONES SOBRE PROSTATA Y VESICULAS SEMINALES,11. (60 64) OPERACIONES SOBRE ORGANOS GENITALES MASCULINOS,11. (60 64) OPERACIONES SOBRE ORGANOS GENITALES MASCULINOS
60.92,INYECCION PROSTATA,60 OPERACIONES SOBRE PROSTATA Y VESICULAS SEMINALES,11. (60 64) OPERACIONES SOBRE ORGANOS GENITALES MASCULINOS,11. (60 64) OPERACIONES SOBRE ORGANOS GENITALES MASCULINOS
60.93,REPARACION PROSTATA,60 OPERACIONES SOBRE PROSTATA Y VESICULAS SEMINALES,11. (60 64) OPERACIONES SOBRE ORGANOS GENITALES MASCULINOS,11. (60 64) OPERACIONES SOBRE ORGANOS GENITALES MASCULINOS
60.94,CONTROL HEMORRAGIA PROSTATA POSTOPERATORIA,60 OPERACIONES SOBRE PROSTATA Y VESICULAS SEMINALES,11. (60 64) OPERACIONES SOBRE ORGANOS GENITALES MASCULINOS,11. (60 64) OPERACIONES SOBRE ORGANOS GENITALES MASCULINOS
60.95,DILATACION TRANSURETRAL URETRA PROSTATICA,60 OPERACIONES SOBRE PROSTATA Y VESICULAS SEMINALES,11. (60 64) OPERACIONES SOBRE ORGANOS GENITALES MASCULINOS,11. (60 64) OPERACIONES SOBRE ORGANOS GENITALES MASCULINOS
60.96,ESCISION PROSTATA TRANSURETRAL POR TERMOTERAPIA MICROONDAS,60 OPERACIONES SOBRE PROSTATA Y VESICULAS SEMINALES,11. (60 64) OPERACIONES SOBRE ORGANOS GENITALES MASCULINOS,11. (60 64) OPERACIONES SOBRE ORGANOS GENITALES MASCULINOS
60.97,ESCISION PROSTATA TRANSURETRAL POR TERMOTERAPIA OTRA,60 OPERACIONES SOBRE PROSTATA Y VESICULAS SEMINALES,11. (60 64) OPERACIONES SOBRE ORGANOS GENITALES MASCULINOS,11. (60 64) OPERACIONES SOBRE ORGANOS GENITALES MASCULINOS
60.99,OPERACION PROSTATA.OTRA,60 OPERACIONES SOBRE PROSTATA Y VESICULAS SEMINALES,11. (60 64) OPERACIONES SOBRE ORGANOS GENITALES MASCULINOS,11. (60 64) OPERACIONES SOBRE ORGANOS GENITALES MASCULINOS
61,OPERACION ESCROTO Y TUNICA VAGINAL,61 OPERACIONES SOBRE ESCROTO Y TUNICA VAGINAL,11. (60 64) OPERACIONES SOBRE ORGANOS GENITALES MASCULINOS,11. (60 64) OPERACIONES SOBRE ORGANOS GENITALES MASCULINOS
61.0,INCISION ESCROTO Y TUNICA VAGINAL Y DRENAJE,61 OPERACIONES SOBRE ESCROTO Y TUNICA VAGINAL,11. (60 64) OPERACIONES SOBRE ORGANOS GENITALES MASCULINOS,11. (60 64) OPERACIONES SOBRE ORGANOS GENITALES MASCULINOS
61.1,PROCEDIMIENTO DIAGNOSTICO ESCROTO Y TUNICA VAGINAL,61 OPERACIONES SOBRE ESCROTO Y TUNICA VAGINAL,11. (60 64) OPERACIONES SOBRE ORGANOS GENITALES MASCULINOS,11. (60 64) OPERACIONES SOBRE ORGANOS GENITALES MASCULINOS
61.11,BIOPSIA ESCROTO Y TUNICA VAGINAL,61 OPERACIONES SOBRE ESCROTO Y TUNICA VAGINAL,11. (60 64) OPERACIONES SOBRE ORGANOS GENITALES MASCULINOS,11. (60 64) OPERACIONES SOBRE ORGANOS GENITALES MASCULINOS
61.19,PROCEDIMIENTO DIAGNOSTICO ESCROTO Y TUNICA VAGINAL.OTRO,61 OPERACIONES SOBRE ESCROTO Y TUNICA VAGINAL,11. (60 64) OPERACIONES SOBRE ORGANOS GENITALES MASCULINOS,11. (60 64) OPERACIONES SOBRE ORGANOS GENITALES MASCULINOS
61.2,REPARACION HIDROCELE (TUNICA VAGINAL),61 OPERACIONES SOBRE ESCROTO Y TUNICA VAGINAL,11. (60 64) OPERACIONES SOBRE ORGANOS GENITALES MASCULINOS,11. (60 64) OPERACIONES SOBRE ORGANOS GENITALES MASCULINOS
61.3,ESCISION ESCROTO LOCAL,61 OPERACIONES SOBRE ESCROTO Y TUNICA VAGINAL,11. (60 64) OPERACIONES SOBRE ORGANOS GENITALES MASCULINOS,11. (60 64) OPERACIONES SOBRE ORGANOS GENITALES MASCULINOS
61.4,REPARACION ESCROTO Y TUNICA VAGINAL,61 OPERACIONES SOBRE ESCROTO Y TUNICA VAGINAL,11. (60 64) OPERACIONES SOBRE ORGANOS GENITALES MASCULINOS,11. (60 64) OPERACIONES SOBRE ORGANOS GENITALES MASCULINOS
61.41,SUTURA ESCROTO Y TUNICA VAGINAL,61 OPERACIONES SOBRE ESCROTO Y TUNICA VAGINAL,11. (60 64) OPERACIONES SOBRE ORGANOS GENITALES MASCULINOS,11. (60 64) OPERACIONES SOBRE ORGANOS GENITALES MASCULINOS
61.42,REPARACION FISTULA ESCROTAL,61 OPERACIONES SOBRE ESCROTO Y TUNICA VAGINAL,11. (60 64) OPERACIONES SOBRE ORGANOS GENITALES MASCULINOS,11. (60 64) OPERACIONES SOBRE ORGANOS GENITALES MASCULINOS
61.49,REPARACION ESCROTO Y TUNICA VAGINAL.OTRA,61 OPERACIONES SOBRE ESCROTO Y TUNICA VAGINAL,11. (60 64) OPERACIONES SOBRE ORGANOS GENITALES MASCULINOS,11. (60 64) OPERACIONES SOBRE ORGANOS GENITALES MASCULINOS
61.9,OPERACION ESCROTO Y TUNICA VAGINAL OTRA,61 OPERACIONES SOBRE ESCROTO Y TUNICA VAGINAL,11. (60 64) OPERACIONES SOBRE ORGANOS GENITALES MASCULINOS,11. (60 64) OPERACIONES SOBRE ORGANOS GENITALES MASCULINOS
61.91,ASPIRACION PERCUTANEA TUNICA VAGINAL,61 OPERACIONES SOBRE ESCROTO Y TUNICA VAGINAL,11. (60 64) OPERACIONES SOBRE ORGANOS GENITALES MASCULINOS,11. (60 64) OPERACIONES SOBRE ORGANOS GENITALES MASCULINOS
61.92,ESCISION TUNICA VAGINAL LOCAL SALVO HIDROCELE,61 OPERACIONES SOBRE ESCROTO Y TUNICA VAGINAL,11. (60 64) OPERACIONES SOBRE ORGANOS GENITALES MASCULINOS,11. (60 64) OPERACIONES SOBRE ORGANOS GENITALES MASCULINOS
61.99,OPERACION ESCROTO Y TUNICA VAGINAL.OTRA,61 OPERACIONES SOBRE ESCROTO Y TUNICA VAGINAL,11. (60 64) OPERACIONES SOBRE ORGANOS GENITALES MASCULINOS,11. (60 64) OPERACIONES SOBRE ORGANOS GENITALES MASCULINOS
62,OPERACION TESTICULO,62 OPERACIONES SOBRE TESTICULOS,11. (60 64) OPERACIONES SOBRE ORGANOS GENITALES MASCULINOS,11. (60 64) OPERACIONES SOBRE ORGANOS GENITALES MASCULINOS
62.0,INCISION TESTICULO,62 OPERACIONES SOBRE TESTICULOS,11. (60 64) OPERACIONES SOBRE ORGANOS GENITALES MASCULINOS,11. (60 64) OPERACIONES SOBRE ORGANOS GENITALES MASCULINOS
62.1,PROCEDIMIENTO DIAGNOSTICO TESTICULO,62 OPERACIONES SOBRE TESTICULOS,11. (60 64) OPERACIONES SOBRE ORGANOS GENITALES MASCULINOS,11. (60 64) OPERACIONES SOBRE ORGANOS GENITALES MASCULINOS
62.11,BIOPSIA TESTICULO PERCUTANEA,62 OPERACIONES SOBRE TESTICULOS,11. (60 64) OPERACIONES SOBRE ORGANOS GENITALES MASCULINOS,11. (60 64) OPERACIONES SOBRE ORGANOS GENITALES MASCULINOS
62.12,BIOPSIA TESTICULO OTRA,62 OPERACIONES SOBRE TESTICULOS,11. (60 64) OPERACIONES SOBRE ORGANOS GENITALES MASCULINOS,11. (60 64) OPERACIONES SOBRE ORGANOS GENITALES MASCULINOS
62.19,PROCEDIMIENTO DIAGNOSTICO TESTICULO.OTRO,62 OPERACIONES SOBRE TESTICULOS,11. (60 64) OPERACIONES SOBRE ORGANOS GENITALES MASCULINOS,11. (60 64) OPERACIONES SOBRE ORGANOS GENITALES MASCULINOS
62.2,ESCISION TESTICULO LOCAL,62 OPERACIONES SOBRE TESTICULOS,11. (60 64) OPERACIONES SOBRE ORGANOS GENITALES MASCULINOS,11. (60 64) OPERACIONES SOBRE ORGANOS GENITALES MASCULINOS
62.3,ORQUIECTOMIA UNILATERAL,62 OPERACIONES SOBRE TESTICULOS,11. (60 64) OPERACIONES SOBRE ORGANOS GENITALES MASCULINOS,11. (60 64) OPERACIONES SOBRE ORGANOS GENITALES MASCULINOS
62.4,ORQUIECTOMIA BILATERAL,62 OPERACIONES SOBRE TESTICULOS,11. (60 64) OPERACIONES SOBRE ORGANOS GENITALES MASCULINOS,11. (60 64) OPERACIONES SOBRE ORGANOS GENITALES MASCULINOS
62.41,ESCISION TESTICULO BILATERAL EN UNA INTERVENCION,62 OPERACIONES SOBRE TESTICULOS,11. (60 64) OPERACIONES SOBRE ORGANOS GENITALES MASCULINOS,11. (60 64) OPERACIONES SOBRE ORGANOS GENITALES MASCULINOS
62.42,ESCISION TESTICULO UNICO,62 OPERACIONES SOBRE TESTICULOS,11. (60 64) OPERACIONES SOBRE ORGANOS GENITALES MASCULINOS,11. (60 64) OPERACIONES SOBRE ORGANOS GENITALES MASCULINOS
62.5,ORQUIDOPEXIA,62 OPERACIONES SOBRE TESTICULOS,11. (60 64) OPERACIONES SOBRE ORGANOS GENITALES MASCULINOS,11. (60 64) OPERACIONES SOBRE ORGANOS GENITALES MASCULINOS
62.6,REPARACION TESTICULO,62 OPERACIONES SOBRE TESTICULOS,11. (60 64) OPERACIONES SOBRE ORGANOS GENITALES MASCULINOS,11. (60 64) OPERACIONES SOBRE ORGANOS GENITALES MASCULINOS
62.61,SUTURA TESTICULO,62 OPERACIONES SOBRE TESTICULOS,11. (60 64) OPERACIONES SOBRE ORGANOS GENITALES MASCULINOS,11. (60 64) OPERACIONES SOBRE ORGANOS GENITALES MASCULINOS
62.69,REPARACION TESTICULO.OTRA,62 OPERACIONES SOBRE TESTICULOS,11. (60 64) OPERACIONES SOBRE ORGANOS GENITALES MASCULINOS,11. (60 64) OPERACIONES SOBRE ORGANOS GENITALES MASCULINOS
62.7,IMPLANTACION PROTESIS TESTICULO,62 OPERACIONES SOBRE TESTICULOS,11. (60 64) OPERACIONES SOBRE ORGANOS GENITALES MASCULINOS,11. (60 64) OPERACIONES SOBRE ORGANOS GENITALES MASCULINOS
62.9,OPERACION TESTICULO.OTRA,62 OPERACIONES SOBRE TESTICULOS,11. (60 64) OPERACIONES SOBRE ORGANOS GENITALES MASCULINOS,11. (60 64) OPERACIONES SOBRE ORGANOS GENITALES MASCULINOS
62.91,ASPIRACION TESTICULO,62 OPERACIONES SOBRE TESTICULOS,11. (60 64) OPERACIONES SOBRE ORGANOS GENITALES MASCULINOS,11. (60 64) OPERACIONES SOBRE ORGANOS GENITALES MASCULINOS
62.92,INYECCION SUSTANCIA TERAPEUTICA TESTICULO,62 OPERACIONES SOBRE TESTICULOS,11. (60 64) OPERACIONES SOBRE ORGANOS GENITALES MASCULINOS,11. (60 64) OPERACIONES SOBRE ORGANOS GENITALES MASCULINOS
62.99,OPERACION TESTICULO.OTRA,62 OPERACIONES SOBRE TESTICULOS,11. (60 64) OPERACIONES SOBRE ORGANOS GENITALES MASCULINOS,11. (60 64) OPERACIONES SOBRE ORGANOS GENITALES MASCULINOS
63,"OPERACION CORDON ESPERMATICO,EPIDIDIMO Y DEFERENTE","63 OPERACIONES SOBRE CORDON ESPERMATICO,EPIDIDIMO Y C.DEFERENTE",11. (60 64) OPERACIONES SOBRE ORGANOS GENITALES MASCULINOS,11. (60 64) OPERACIONES SOBRE ORGANOS GENITALES MASCULINOS
63.0,PROCEDIMIENTO DIAGNOSTICO CORDON ESPERMATICO Y EPIDIDIMO,"63 OPERACIONES SOBRE CORDON ESPERMATICO,EPIDIDIMO Y C.DEFERENTE",11. (60 64) OPERACIONES SOBRE ORGANOS GENITALES MASCULINOS,11. (60 64) OPERACIONES SOBRE ORGANOS GENITALES MASCULINOS
63.01,"BIOPSIA CORDON ESPERMATICO,EPIDIDIMO Y DEFERENTE","63 OPERACIONES SOBRE CORDON ESPERMATICO,EPIDIDIMO Y C.DEFERENTE",11. (60 64) OPERACIONES SOBRE ORGANOS GENITALES MASCULINOS,11. (60 64) OPERACIONES SOBRE ORGANOS GENITALES MASCULINOS
63.09,PROCEDIMIENTO DIAGNOSTICO EPIDIDIMO Y DEFERENTE.OTRO,"63 OPERACIONES SOBRE CORDON ESPERMATICO,EPIDIDIMO Y C.DEFERENTE",11. (60 64) OPERACIONES SOBRE ORGANOS GENITALES MASCULINOS,11. (60 64) OPERACIONES SOBRE ORGANOS GENITALES MASCULINOS
63.1,ESCISION VARICOCELE E HIDROCELE CORDON ESPERMATICO,"63 OPERACIONES SOBRE CORDON ESPERMATICO,EPIDIDIMO Y C.DEFERENTE",11. (60 64) OPERACIONES SOBRE ORGANOS GENITALES MASCULINOS,11. (60 64) OPERACIONES SOBRE ORGANOS GENITALES MASCULINOS
63.2,ESCISION QUISTE EPIDIDIMO,"63 OPERACIONES SOBRE CORDON ESPERMATICO,EPIDIDIMO Y C.DEFERENTE",11. (60 64) OPERACIONES SOBRE ORGANOS GENITALES MASCULINOS,11. (60 64) OPERACIONES SOBRE ORGANOS GENITALES MASCULINOS
63.3,ESCISION CORDON ESPERMATICO Y EPIDIDIMO LOCAL OTRA,"63 OPERACIONES SOBRE CORDON ESPERMATICO,EPIDIDIMO Y C.DEFERENTE",11. (60 64) OPERACIONES SOBRE ORGANOS GENITALES MASCULINOS,11. (60 64) OPERACIONES SOBRE ORGANOS GENITALES MASCULINOS
63.4,EPIDIDIMECTOMIA,"63 OPERACIONES SOBRE CORDON ESPERMATICO,EPIDIDIMO Y C.DEFERENTE",11. (60 64) OPERACIONES SOBRE ORGANOS GENITALES MASCULINOS,11. (60 64) OPERACIONES SOBRE ORGANOS GENITALES MASCULINOS
63.5,REPARACION CORDON ESPERMATICO Y EPIDIDIMO,"63 OPERACIONES SOBRE CORDON ESPERMATICO,EPIDIDIMO Y C.DEFERENTE",11. (60 64) OPERACIONES SOBRE ORGANOS GENITALES MASCULINOS,11. (60 64) OPERACIONES SOBRE ORGANOS GENITALES MASCULINOS
63.51,SUTURA CORDON ESPERMATICO Y EPIDIDIDMO,"63 OPERACIONES SOBRE CORDON ESPERMATICO,EPIDIDIMO Y C.DEFERENTE",11. (60 64) OPERACIONES SOBRE ORGANOS GENITALES MASCULINOS,11. (60 64) OPERACIONES SOBRE ORGANOS GENITALES MASCULINOS
63.52,REDUCCION TORSION TESTICULO O CORDON ESPERMATICO,"63 OPERACIONES SOBRE CORDON ESPERMATICO,EPIDIDIMO Y C.DEFERENTE",11. (60 64) OPERACIONES SOBRE ORGANOS GENITALES MASCULINOS,11. (60 64) OPERACIONES SOBRE ORGANOS GENITALES MASCULINOS
63.53,TRASPLANTE CORDON ESPERMATICO,"63 OPERACIONES SOBRE CORDON ESPERMATICO,EPIDIDIMO Y C.DEFERENTE",11. (60 64) OPERACIONES SOBRE ORGANOS GENITALES MASCULINOS,11. (60 64) OPERACIONES SOBRE ORGANOS GENITALES MASCULINOS
63.59,REPARACION CORDON ESPERMATICO Y EPIDIDIMO.OTRA,"63 OPERACIONES SOBRE CORDON ESPERMATICO,EPIDIDIMO Y C.DEFERENTE",11. (60 64) OPERACIONES SOBRE ORGANOS GENITALES MASCULINOS,11. (60 64) OPERACIONES SOBRE ORGANOS GENITALES MASCULINOS
63.6,VASOTOMIA CONDUCTO ESPERMATICO,"63 OPERACIONES SOBRE CORDON ESPERMATICO,EPIDIDIMO Y C.DEFERENTE",11. (60 64) OPERACIONES SOBRE ORGANOS GENITALES MASCULINOS,11. (60 64) OPERACIONES SOBRE ORGANOS GENITALES MASCULINOS
63.7,VASECTOMIA Y LIGADURA CONDUCTO DEFERENTE,"63 OPERACIONES SOBRE CORDON ESPERMATICO,EPIDIDIMO Y C.DEFERENTE",11. (60 64) OPERACIONES SOBRE ORGANOS GENITALES MASCULINOS,11. (60 64) OPERACIONES SOBRE ORGANOS GENITALES MASCULINOS
63.70,ESTERILIZACION MASCULINA NEOM,"63 OPERACIONES SOBRE CORDON ESPERMATICO,EPIDIDIMO Y C.DEFERENTE",11. (60 64) OPERACIONES SOBRE ORGANOS GENITALES MASCULINOS,11. (60 64) OPERACIONES SOBRE ORGANOS GENITALES MASCULINOS
63.71,LIGADURA CONDUCTO DEFERENTE,"63 OPERACIONES SOBRE CORDON ESPERMATICO,EPIDIDIMO Y C.DEFERENTE",11. (60 64) OPERACIONES SOBRE ORGANOS GENITALES MASCULINOS,11. (60 64) OPERACIONES SOBRE ORGANOS GENITALES MASCULINOS
63.72,LIGADURA CORDON ESPERMATICO,"63 OPERACIONES SOBRE CORDON ESPERMATICO,EPIDIDIMO Y C.DEFERENTE",11. (60 64) OPERACIONES SOBRE ORGANOS GENITALES MASCULINOS,11. (60 64) OPERACIONES SOBRE ORGANOS GENITALES MASCULINOS
63.73,VASECTOMIA,"63 OPERACIONES SOBRE CORDON ESPERMATICO,EPIDIDIMO Y C.DEFERENTE",11. (60 64) OPERACIONES SOBRE ORGANOS GENITALES MASCULINOS,11. (60 64) OPERACIONES SOBRE ORGANOS GENITALES MASCULINOS
63.8,REPARACION CONDUCTO DEFERENTE Y EPIDIDIMO,"63 OPERACIONES SOBRE CORDON ESPERMATICO,EPIDIDIMO Y C.DEFERENTE",11. (60 64) OPERACIONES SOBRE ORGANOS GENITALES MASCULINOS,11. (60 64) OPERACIONES SOBRE ORGANOS GENITALES MASCULINOS
63.81,SUTURA CONDUCTO DEFERENTE Y EPIDIDIMO,"63 OPERACIONES SOBRE CORDON ESPERMATICO,EPIDIDIMO Y C.DEFERENTE",11. (60 64) OPERACIONES SOBRE ORGANOS GENITALES MASCULINOS,11. (60 64) OPERACIONES SOBRE ORGANOS GENITALES MASCULINOS
63.82,RECONSTRUCCION CONDUCTO DEFERENTE DIVIDIDO QUIRURGICAMENTE,"63 OPERACIONES SOBRE CORDON ESPERMATICO,EPIDIDIMO Y C.DEFERENTE",11. (60 64) OPERACIONES SOBRE ORGANOS GENITALES MASCULINOS,11. (60 64) OPERACIONES SOBRE ORGANOS GENITALES MASCULINOS
63.83,EPIDIDIMOVASOSTOMIA,"63 OPERACIONES SOBRE CORDON ESPERMATICO,EPIDIDIMO Y C.DEFERENTE",11. (60 64) OPERACIONES SOBRE ORGANOS GENITALES MASCULINOS,11. (60 64) OPERACIONES SOBRE ORGANOS GENITALES MASCULINOS
63.84,RETIRADA LIGADURA CONDUCTO DEFERENTE,"63 OPERACIONES SOBRE CORDON ESPERMATICO,EPIDIDIMO Y C.DEFERENTE",11. (60 64) OPERACIONES SOBRE ORGANOS GENITALES MASCULINOS,11. (60 64) OPERACIONES SOBRE ORGANOS GENITALES MASCULINOS
63.85,EXTRACCION VALVULA CONDUCTO DEFERENTE,"63 OPERACIONES SOBRE CORDON ESPERMATICO,EPIDIDIMO Y C.DEFERENTE",11. (60 64) OPERACIONES SOBRE ORGANOS GENITALES MASCULINOS,11. (60 64) OPERACIONES SOBRE ORGANOS GENITALES MASCULINOS
63.89,REPARACION CONDUCTO DEFERENTE Y EPIDIDIMO.OTRA,"63 OPERACIONES SOBRE CORDON ESPERMATICO,EPIDIDIMO Y C.DEFERENTE",11. (60 64) OPERACIONES SOBRE ORGANOS GENITALES MASCULINOS,11. (60 64) OPERACIONES SOBRE ORGANOS GENITALES MASCULINOS
63.9,"OPERACION CORDON ESPERMATICO,EPIDIDIMO Y DEFERENTE","63 OPERACIONES SOBRE CORDON ESPERMATICO,EPIDIDIMO Y C.DEFERENTE",11. (60 64) OPERACIONES SOBRE ORGANOS GENITALES MASCULINOS,11. (60 64) OPERACIONES SOBRE ORGANOS GENITALES MASCULINOS
63.91,ASPIRACION ESPERMATOCELE,"63 OPERACIONES SOBRE CORDON ESPERMATICO,EPIDIDIMO Y C.DEFERENTE",11. (60 64) OPERACIONES SOBRE ORGANOS GENITALES MASCULINOS,11. (60 64) OPERACIONES SOBRE ORGANOS GENITALES MASCULINOS
63.92,EPIDIDIMOTOMIA,"63 OPERACIONES SOBRE CORDON ESPERMATICO,EPIDIDIMO Y C.DEFERENTE",11. (60 64) OPERACIONES SOBRE ORGANOS GENITALES MASCULINOS,11. (60 64) OPERACIONES SOBRE ORGANOS GENITALES MASCULINOS
63.93,INCISION CORDON ESPERMATICO,"63 OPERACIONES SOBRE CORDON ESPERMATICO,EPIDIDIMO Y C.DEFERENTE",11. (60 64) OPERACIONES SOBRE ORGANOS GENITALES MASCULINOS,11. (60 64) OPERACIONES SOBRE ORGANOS GENITALES MASCULINOS
63.94,LISIS ADHERENCIA CORDON ESPERMATICO,"63 OPERACIONES SOBRE CORDON ESPERMATICO,EPIDIDIMO Y C.DEFERENTE",11. (60 64) OPERACIONES SOBRE ORGANOS GENITALES MASCULINOS,11. (60 64) OPERACIONES SOBRE ORGANOS GENITALES MASCULINOS
63.95,INSERCION VALVULA VASO DEFERENTE,"63 OPERACIONES SOBRE CORDON ESPERMATICO,EPIDIDIMO Y C.DEFERENTE",11. (60 64) OPERACIONES SOBRE ORGANOS GENITALES MASCULINOS,11. (60 64) OPERACIONES SOBRE ORGANOS GENITALES MASCULINOS
63.99,"OPERACION CORDON ESPERMATICO,EPIDIDIMO Y DEFERENTE.OTRA","63 OPERACIONES SOBRE CORDON ESPERMATICO,EPIDIDIMO Y C.DEFERENTE",11. (60 64) OPERACIONES SOBRE ORGANOS GENITALES MASCULINOS,11. (60 64) OPERACIONES SOBRE ORGANOS GENITALES MASCULINOS
64,OPERACION PENE,64 OPERACIONES SOBRE EL PENE,11. (60 64) OPERACIONES SOBRE ORGANOS GENITALES MASCULINOS,11. (60 64) OPERACIONES SOBRE ORGANOS GENITALES MASCULINOS
64.0,CIRCUNCISION,64 OPERACIONES SOBRE EL PENE,11. (60 64) OPERACIONES SOBRE ORGANOS GENITALES MASCULINOS,11. (60 64) OPERACIONES SOBRE ORGANOS GENITALES MASCULINOS
64.1,PROCEDIMIENTO DIAGNOSTICO PENE,64 OPERACIONES SOBRE EL PENE,11. (60 64) OPERACIONES SOBRE ORGANOS GENITALES MASCULINOS,11. (60 64) OPERACIONES SOBRE ORGANOS GENITALES MASCULINOS
64.11,BIOPSIA PENE,64 OPERACIONES SOBRE EL PENE,11. (60 64) OPERACIONES SOBRE ORGANOS GENITALES MASCULINOS,11. (60 64) OPERACIONES SOBRE ORGANOS GENITALES MASCULINOS
64.19,PROCEDIMIENTO DIAGNOSTICO PENE.OTRO,64 OPERACIONES SOBRE EL PENE,11. (60 64) OPERACIONES SOBRE ORGANOS GENITALES MASCULINOS,11. (60 64) OPERACIONES SOBRE ORGANOS GENITALES MASCULINOS
64.2,ESCISION PENE LOCAL,64 OPERACIONES SOBRE EL PENE,11. (60 64) OPERACIONES SOBRE ORGANOS GENITALES MASCULINOS,11. (60 64) OPERACIONES SOBRE ORGANOS GENITALES MASCULINOS
64.3,AMPUTACION PENE,64 OPERACIONES SOBRE EL PENE,11. (60 64) OPERACIONES SOBRE ORGANOS GENITALES MASCULINOS,11. (60 64) OPERACIONES SOBRE ORGANOS GENITALES MASCULINOS
64.4,REPARACION PENE PLASTICA,64 OPERACIONES SOBRE EL PENE,11. (60 64) OPERACIONES SOBRE ORGANOS GENITALES MASCULINOS,11. (60 64) OPERACIONES SOBRE ORGANOS GENITALES MASCULINOS
64.41,SUTURA PENE,64 OPERACIONES SOBRE EL PENE,11. (60 64) OPERACIONES SOBRE ORGANOS GENITALES MASCULINOS,11. (60 64) OPERACIONES SOBRE ORGANOS GENITALES MASCULINOS
64.42,LIBERACION ENCORDAMIENTO,64 OPERACIONES SOBRE EL PENE,11. (60 64) OPERACIONES SOBRE ORGANOS GENITALES MASCULINOS,11. (60 64) OPERACIONES SOBRE ORGANOS GENITALES MASCULINOS
64.43,CONSTRUCCION PENE,64 OPERACIONES SOBRE EL PENE,11. (60 64) OPERACIONES SOBRE ORGANOS GENITALES MASCULINOS,11. (60 64) OPERACIONES SOBRE ORGANOS GENITALES MASCULINOS
64.44,RECONSTRUCCION PENE,64 OPERACIONES SOBRE EL PENE,11. (60 64) OPERACIONES SOBRE ORGANOS GENITALES MASCULINOS,11. (60 64) OPERACIONES SOBRE ORGANOS GENITALES MASCULINOS
64.45,REIMPLANTACION PENE,64 OPERACIONES SOBRE EL PENE,11. (60 64) OPERACIONES SOBRE ORGANOS GENITALES MASCULINOS,11. (60 64) OPERACIONES SOBRE ORGANOS GENITALES MASCULINOS
64.49,REPARACION PENE.OTRA,64 OPERACIONES SOBRE EL PENE,11. (60 64) OPERACIONES SOBRE ORGANOS GENITALES MASCULINOS,11. (60 64) OPERACIONES SOBRE ORGANOS GENITALES MASCULINOS
64.5,OPERACION TRANSFORMACION SEXO NCOC,64 OPERACIONES SOBRE EL PENE,11. (60 64) OPERACIONES SOBRE ORGANOS GENITALES MASCULINOS,11. (60 64) OPERACIONES SOBRE ORGANOS GENITALES MASCULINOS
64.9,OPERACION ORGANO GENITAL MASCULINO OTRA,64 OPERACIONES SOBRE EL PENE,11. (60 64) OPERACIONES SOBRE ORGANOS GENITALES MASCULINOS,11. (60 64) OPERACIONES SOBRE ORGANOS GENITALES MASCULINOS
64.91,INCISION DORSAL O LATERAL PREPUCIO,64 OPERACIONES SOBRE EL PENE,11. (60 64) OPERACIONES SOBRE ORGANOS GENITALES MASCULINOS,11. (60 64) OPERACIONES SOBRE ORGANOS GENITALES MASCULINOS
64.92,INCISION PENE,64 OPERACIONES SOBRE EL PENE,11. (60 64) OPERACIONES SOBRE ORGANOS GENITALES MASCULINOS,11. (60 64) OPERACIONES SOBRE ORGANOS GENITALES MASCULINOS
64.93,SECCION ADHERENCIA PENE,64 OPERACIONES SOBRE EL PENE,11. (60 64) OPERACIONES SOBRE ORGANOS GENITALES MASCULINOS,11. (60 64) OPERACIONES SOBRE ORGANOS GENITALES MASCULINOS
64.94,COLOCACION PROTESIS EXTERNA PENE,64 OPERACIONES SOBRE EL PENE,11. (60 64) OPERACIONES SOBRE ORGANOS GENITALES MASCULINOS,11. (60 64) OPERACIONES SOBRE ORGANOS GENITALES MASCULINOS
64.95,COLOCACION PROTESIS INTERNA PENE,64 OPERACIONES SOBRE EL PENE,11. (60 64) OPERACIONES SOBRE ORGANOS GENITALES MASCULINOS,11. (60 64) OPERACIONES SOBRE ORGANOS GENITALES MASCULINOS
64.96,EXTRACCION PROTESIS INTERNA PENE,64 OPERACIONES SOBRE EL PENE,11. (60 64) OPERACIONES SOBRE ORGANOS GENITALES MASCULINOS,11. (60 64) OPERACIONES SOBRE ORGANOS GENITALES MASCULINOS
64.97,IMPLANTACION PROTESIS PENE INFLABLE,64 OPERACIONES SOBRE EL PENE,11. (60 64) OPERACIONES SOBRE ORGANOS GENITALES MASCULINOS,11. (60 64) OPERACIONES SOBRE ORGANOS GENITALES MASCULINOS
64.98,OPERACION PENE OTRA,64 OPERACIONES SOBRE EL PENE,11. (60 64) OPERACIONES SOBRE ORGANOS GENITALES MASCULINOS,11. (60 64) OPERACIONES SOBRE ORGANOS GENITALES MASCULINOS
64.99,OPERACION ORGANO GENITAL MASCULINO.OTRA,64 OPERACIONES SOBRE EL PENE,11. (60 64) OPERACIONES SOBRE ORGANOS GENITALES MASCULINOS,11. (60 64) OPERACIONES SOBRE ORGANOS GENITALES MASCULINOS
65,OPERACION OVARIO,65 OPERACIONES SOBRE OVARIO,12. (65 71) OPERACIONES SOBRE ORGANOS GENITALES FEMENINOS,12. (65 71) OPERACIONES SOBRE ORGANOS GENITALES FEMENINOS
65.0,OOFOROTOMIA,65 OPERACIONES SOBRE OVARIO,12. (65 71) OPERACIONES SOBRE ORGANOS GENITALES FEMENINOS,12. (65 71) OPERACIONES SOBRE ORGANOS GENITALES FEMENINOS
65.01,OOFOROTOMIA.LAPAROSCOPICA,65 OPERACIONES SOBRE OVARIO,12. (65 71) OPERACIONES SOBRE ORGANOS GENITALES FEMENINOS,12. (65 71) OPERACIONES SOBRE ORGANOS GENITALES FEMENINOS
65.09,OOFOROTOMIA.OTRA,65 OPERACIONES SOBRE OVARIO,12. (65 71) OPERACIONES SOBRE ORGANOS GENITALES FEMENINOS,12. (65 71) OPERACIONES SOBRE ORGANOS GENITALES FEMENINOS
65.1,PROCEDIMIENTO DIAGNOSTICO OVARIO,65 OPERACIONES SOBRE OVARIO,12. (65 71) OPERACIONES SOBRE ORGANOS GENITALES FEMENINOS,12. (65 71) OPERACIONES SOBRE ORGANOS GENITALES FEMENINOS
65.11,BIOPSIA OVARIO POR ASPIRACION,65 OPERACIONES SOBRE OVARIO,12. (65 71) OPERACIONES SOBRE ORGANOS GENITALES FEMENINOS,12. (65 71) OPERACIONES SOBRE ORGANOS GENITALES FEMENINOS
65.12,BIOPSIA OVARIO OTRA,65 OPERACIONES SOBRE OVARIO,12. (65 71) OPERACIONES SOBRE ORGANOS GENITALES FEMENINOS,12. (65 71) OPERACIONES SOBRE ORGANOS GENITALES FEMENINOS
65.13,BIOPSIA OVARIO LAPAROSCOPICA,65 OPERACIONES SOBRE OVARIO,12. (65 71) OPERACIONES SOBRE ORGANOS GENITALES FEMENINOS,12. (65 71) OPERACIONES SOBRE ORGANOS GENITALES FEMENINOS
65.14,PROCEDIMIENTO DIAGNOSTICO OVARIO LAPAROSCOPICO OTRO,65 OPERACIONES SOBRE OVARIO,12. (65 71) OPERACIONES SOBRE ORGANOS GENITALES FEMENINOS,12. (65 71) OPERACIONES SOBRE ORGANOS GENITALES FEMENINOS
65.19,PROCEDIMIENTO DIAGNOSTICO OVARIO.OTRO,65 OPERACIONES SOBRE OVARIO,12. (65 71) OPERACIONES SOBRE ORGANOS GENITALES FEMENINOS,12. (65 71) OPERACIONES SOBRE ORGANOS GENITALES FEMENINOS
65.2,ESCISION OVARIO LOCAL,65 OPERACIONES SOBRE OVARIO,12. (65 71) OPERACIONES SOBRE ORGANOS GENITALES FEMENINOS,12. (65 71) OPERACIONES SOBRE ORGANOS GENITALES FEMENINOS
65.21,MARSUPIALIZACION QUISTE OVARIO,65 OPERACIONES SOBRE OVARIO,12. (65 71) OPERACIONES SOBRE ORGANOS GENITALES FEMENINOS,12. (65 71) OPERACIONES SOBRE ORGANOS GENITALES FEMENINOS
65.22,ESCISION OVARIO EN CUÑA,65 OPERACIONES SOBRE OVARIO,12. (65 71) OPERACIONES SOBRE ORGANOS GENITALES FEMENINOS,12. (65 71) OPERACIONES SOBRE ORGANOS GENITALES FEMENINOS
65.23,MARSUPIALIZACION QUISTE OVARIO LAPAROSCOPICA,65 OPERACIONES SOBRE OVARIO,12. (65 71) OPERACIONES SOBRE ORGANOS GENITALES FEMENINOS,12. (65 71) OPERACIONES SOBRE ORGANOS GENITALES FEMENINOS
65.24,ESCISION OVARIO EN CUÑA LAPAROSCOPICA,65 OPERACIONES SOBRE OVARIO,12. (65 71) OPERACIONES SOBRE ORGANOS GENITALES FEMENINOS,12. (65 71) OPERACIONES SOBRE ORGANOS GENITALES FEMENINOS
65.25,ESCISION OVARIO LOCAL LAPAROSCOPICA OTRA,65 OPERACIONES SOBRE OVARIO,12. (65 71) OPERACIONES SOBRE ORGANOS GENITALES FEMENINOS,12. (65 71) OPERACIONES SOBRE ORGANOS GENITALES FEMENINOS
65.29,ESCISION OVARIO LOCAL.OTRA,65 OPERACIONES SOBRE OVARIO,12. (65 71) OPERACIONES SOBRE ORGANOS GENITALES FEMENINOS,12. (65 71) OPERACIONES SOBRE ORGANOS GENITALES FEMENINOS
65.3,OOFORECTOMIA UNILATERAL,65 OPERACIONES SOBRE OVARIO,12. (65 71) OPERACIONES SOBRE ORGANOS GENITALES FEMENINOS,12. (65 71) OPERACIONES SOBRE ORGANOS GENITALES FEMENINOS
65.31,OOFORECTOMIA UNILATERAL.LAPAROSCOPICA,65 OPERACIONES SOBRE OVARIO,12. (65 71) OPERACIONES SOBRE ORGANOS GENITALES FEMENINOS,12. (65 71) OPERACIONES SOBRE ORGANOS GENITALES FEMENINOS
65.39,OOFORECTOMIA UNILATERAL.OTRA,65 OPERACIONES SOBRE OVARIO,12. (65 71) OPERACIONES SOBRE ORGANOS GENITALES FEMENINOS,12. (65 71) OPERACIONES SOBRE ORGANOS GENITALES FEMENINOS
65.4,SALPINGOOFORECTOMIA UNILATERAL,65 OPERACIONES SOBRE OVARIO,12. (65 71) OPERACIONES SOBRE ORGANOS GENITALES FEMENINOS,12. (65 71) OPERACIONES SOBRE ORGANOS GENITALES FEMENINOS
65.41,SALPINGOOFORECTOMIA UNILATERAL.LAPAROSCOPICA,65 OPERACIONES SOBRE OVARIO,12. (65 71) OPERACIONES SOBRE ORGANOS GENITALES FEMENINOS,12. (65 71) OPERACIONES SOBRE ORGANOS GENITALES FEMENINOS
65.49,SALPINGOOFORECTOMIA UNILATERAL.OTRA,65 OPERACIONES SOBRE OVARIO,12. (65 71) OPERACIONES SOBRE ORGANOS GENITALES FEMENINOS,12. (65 71) OPERACIONES SOBRE ORGANOS GENITALES FEMENINOS
65.5,OOFORECTOMIA BILATERAL,65 OPERACIONES SOBRE OVARIO,12. (65 71) OPERACIONES SOBRE ORGANOS GENITALES FEMENINOS,12. (65 71) OPERACIONES SOBRE ORGANOS GENITALES FEMENINOS
65.51,OOFORECTOMIA BILATERAL EN UNA INTERVENCION OTRA,65 OPERACIONES SOBRE OVARIO,12. (65 71) OPERACIONES SOBRE ORGANOS GENITALES FEMENINOS,12. (65 71) OPERACIONES SOBRE ORGANOS GENITALES FEMENINOS
65.52,OOFORECTOMIA OVARIO UNICO OTRA,65 OPERACIONES SOBRE OVARIO,12. (65 71) OPERACIONES SOBRE ORGANOS GENITALES FEMENINOS,12. (65 71) OPERACIONES SOBRE ORGANOS GENITALES FEMENINOS
65.53,OOFORECTOMIA BILATERAL EN UNA INTERVENCION LAPAROSCOPICA,65 OPERACIONES SOBRE OVARIO,12. (65 71) OPERACIONES SOBRE ORGANOS GENITALES FEMENINOS,12. (65 71) OPERACIONES SOBRE ORGANOS GENITALES FEMENINOS
65.54,OOFORECTOMIA OVARIO UNICO LAPAROSCOPICA,65 OPERACIONES SOBRE OVARIO,12. (65 71) OPERACIONES SOBRE ORGANOS GENITALES FEMENINOS,12. (65 71) OPERACIONES SOBRE ORGANOS GENITALES FEMENINOS
65.6,SALPINGOOFORECTOMIA BILATERAL,65 OPERACIONES SOBRE OVARIO,12. (65 71) OPERACIONES SOBRE ORGANOS GENITALES FEMENINOS,12. (65 71) OPERACIONES SOBRE ORGANOS GENITALES FEMENINOS
65.61,SALPINGOOFORECTOMIA BILATERAL EN UNA INTERVENCION OTRA,65 OPERACIONES SOBRE OVARIO,12. (65 71) OPERACIONES SOBRE ORGANOS GENITALES FEMENINOS,12. (65 71) OPERACIONES SOBRE ORGANOS GENITALES FEMENINOS
65.62,SALPINGOOFORECTOMIA OVARIO Y TROMPA UNICA OTRA,65 OPERACIONES SOBRE OVARIO,12. (65 71) OPERACIONES SOBRE ORGANOS GENITALES FEMENINOS,12. (65 71) OPERACIONES SOBRE ORGANOS GENITALES FEMENINOS
65.63,SALPINGOOFORECTOMIA BILATERAL EN UNA LAPAROSCOPIA,65 OPERACIONES SOBRE OVARIO,12. (65 71) OPERACIONES SOBRE ORGANOS GENITALES FEMENINOS,12. (65 71) OPERACIONES SOBRE ORGANOS GENITALES FEMENINOS
65.64,SALPINGOOFORECTOMIA OVARIO Y TROMPA UNICA LAPAROSCOPICA,65 OPERACIONES SOBRE OVARIO,12. (65 71) OPERACIONES SOBRE ORGANOS GENITALES FEMENINOS,12. (65 71) OPERACIONES SOBRE ORGANOS GENITALES FEMENINOS
65.7,REPARACION OVARIO,65 OPERACIONES SOBRE OVARIO,12. (65 71) OPERACIONES SOBRE ORGANOS GENITALES FEMENINOS,12. (65 71) OPERACIONES SOBRE ORGANOS GENITALES FEMENINOS
65.71,SUTURA OVARIO OTRA,65 OPERACIONES SOBRE OVARIO,12. (65 71) OPERACIONES SOBRE ORGANOS GENITALES FEMENINOS,12. (65 71) OPERACIONES SOBRE ORGANOS GENITALES FEMENINOS
65.72,REIMPLANTACION OVARIO OTRA,65 OPERACIONES SOBRE OVARIO,12. (65 71) OPERACIONES SOBRE ORGANOS GENITALES FEMENINOS,12. (65 71) OPERACIONES SOBRE ORGANOS GENITALES FEMENINOS
65.73,SALPINGOOFOROPLASTIA OTRA,65 OPERACIONES SOBRE OVARIO,12. (65 71) OPERACIONES SOBRE ORGANOS GENITALES FEMENINOS,12. (65 71) OPERACIONES SOBRE ORGANOS GENITALES FEMENINOS
65.74,SUTURA OVARIO LAPAROSCOPICA,65 OPERACIONES SOBRE OVARIO,12. (65 71) OPERACIONES SOBRE ORGANOS GENITALES FEMENINOS,12. (65 71) OPERACIONES SOBRE ORGANOS GENITALES FEMENINOS
65.75,REIMPLANTACION OVARIO LAPAROSCOPICA,65 OPERACIONES SOBRE OVARIO,12. (65 71) OPERACIONES SOBRE ORGANOS GENITALES FEMENINOS,12. (65 71) OPERACIONES SOBRE ORGANOS GENITALES FEMENINOS
65.76,SALPINGOOFOROPLASTIA LAPAROSCOPICA,65 OPERACIONES SOBRE OVARIO,12. (65 71) OPERACIONES SOBRE ORGANOS GENITALES FEMENINOS,12. (65 71) OPERACIONES SOBRE ORGANOS GENITALES FEMENINOS
65.79,REPARACION OVARIO.OTRA,65 OPERACIONES SOBRE OVARIO,12. (65 71) OPERACIONES SOBRE ORGANOS GENITALES FEMENINOS,12. (65 71) OPERACIONES SOBRE ORGANOS GENITALES FEMENINOS
65.8,LISIS ADHERENCIA OVARIO Y TROMPA DE FALOPIO OTRA,65 OPERACIONES SOBRE OVARIO,12. (65 71) OPERACIONES SOBRE ORGANOS GENITALES FEMENINOS,12. (65 71) OPERACIONES SOBRE ORGANOS GENITALES FEMENINOS
65.81,LISIS ADHERENCIA OVARIO Y TROMPA DE FALOPIO LAPAROSCOPICA,65 OPERACIONES SOBRE OVARIO,12. (65 71) OPERACIONES SOBRE ORGANOS GENITALES FEMENINOS,12. (65 71) OPERACIONES SOBRE ORGANOS GENITALES FEMENINOS
65.89,LISIS AHDERENCIA OVARIO Y TROMPA DE FALOPIO OTRA,65 OPERACIONES SOBRE OVARIO,12. (65 71) OPERACIONES SOBRE ORGANOS GENITALES FEMENINOS,12. (65 71) OPERACIONES SOBRE ORGANOS GENITALES FEMENINOS
65.9,OPERACION OVARIO OTRA,65 OPERACIONES SOBRE OVARIO,12. (65 71) OPERACIONES SOBRE ORGANOS GENITALES FEMENINOS,12. (65 71) OPERACIONES SOBRE ORGANOS GENITALES FEMENINOS
65.91,ASPIRACION OVARIO,65 OPERACIONES SOBRE OVARIO,12. (65 71) OPERACIONES SOBRE ORGANOS GENITALES FEMENINOS,12. (65 71) OPERACIONES SOBRE ORGANOS GENITALES FEMENINOS
65.92,TRASPLANTE OVARIO,65 OPERACIONES SOBRE OVARIO,12. (65 71) OPERACIONES SOBRE ORGANOS GENITALES FEMENINOS,12. (65 71) OPERACIONES SOBRE ORGANOS GENITALES FEMENINOS
65.93,ROTURA MANUAL QUISTE OVARIO,65 OPERACIONES SOBRE OVARIO,12. (65 71) OPERACIONES SOBRE ORGANOS GENITALES FEMENINOS,12. (65 71) OPERACIONES SOBRE ORGANOS GENITALES FEMENINOS
65.94,DENERVACION OVARICA,65 OPERACIONES SOBRE OVARIO,12. (65 71) OPERACIONES SOBRE ORGANOS GENITALES FEMENINOS,12. (65 71) OPERACIONES SOBRE ORGANOS GENITALES FEMENINOS
65.95,REDUCCION TORSION OVARIO,65 OPERACIONES SOBRE OVARIO,12. (65 71) OPERACIONES SOBRE ORGANOS GENITALES FEMENINOS,12. (65 71) OPERACIONES SOBRE ORGANOS GENITALES FEMENINOS
65.99,OPERACION OVARIO.OTRA,65 OPERACIONES SOBRE OVARIO,12. (65 71) OPERACIONES SOBRE ORGANOS GENITALES FEMENINOS,12. (65 71) OPERACIONES SOBRE ORGANOS GENITALES FEMENINOS
66,OPERACION TROMPA DE FALOPIO,66 OPERACIONES SOBRE TROMPA DE FALOPIO,12. (65 71) OPERACIONES SOBRE ORGANOS GENITALES FEMENINOS,12. (65 71) OPERACIONES SOBRE ORGANOS GENITALES FEMENINOS
66.0,SALPINGOTOMIA Y SALPINGOSTOMIA,66 OPERACIONES SOBRE TROMPA DE FALOPIO,12. (65 71) OPERACIONES SOBRE ORGANOS GENITALES FEMENINOS,12. (65 71) OPERACIONES SOBRE ORGANOS GENITALES FEMENINOS
66.01,SALPINGOTOMIA,66 OPERACIONES SOBRE TROMPA DE FALOPIO,12. (65 71) OPERACIONES SOBRE ORGANOS GENITALES FEMENINOS,12. (65 71) OPERACIONES SOBRE ORGANOS GENITALES FEMENINOS
66.02,SALPINGOSTOMIA,66 OPERACIONES SOBRE TROMPA DE FALOPIO,12. (65 71) OPERACIONES SOBRE ORGANOS GENITALES FEMENINOS,12. (65 71) OPERACIONES SOBRE ORGANOS GENITALES FEMENINOS
66.1,PROCEDIMIENTO DIAGNOSTICO TROMPA DE FALOPIO,66 OPERACIONES SOBRE TROMPA DE FALOPIO,12. (65 71) OPERACIONES SOBRE ORGANOS GENITALES FEMENINOS,12. (65 71) OPERACIONES SOBRE ORGANOS GENITALES FEMENINOS
66.11,BIOPSIA TROMPA DE FALOPIO,66 OPERACIONES SOBRE TROMPA DE FALOPIO,12. (65 71) OPERACIONES SOBRE ORGANOS GENITALES FEMENINOS,12. (65 71) OPERACIONES SOBRE ORGANOS GENITALES FEMENINOS
66.19,PROCEDIMIENTO DIAGNOSTICO TROMPA DE FALOPIO.OTRO,66 OPERACIONES SOBRE TROMPA DE FALOPIO,12. (65 71) OPERACIONES SOBRE ORGANOS GENITALES FEMENINOS,12. (65 71) OPERACIONES SOBRE ORGANOS GENITALES FEMENINOS
66.2,OCLUSION TROMPA DE FALOPIO BILATERAL ENDOSCOPICA,66 OPERACIONES SOBRE TROMPA DE FALOPIO,12. (65 71) OPERACIONES SOBRE ORGANOS GENITALES FEMENINOS,12. (65 71) OPERACIONES SOBRE ORGANOS GENITALES FEMENINOS
66.21,LIGADURA TROMPA DE FALOPIO BILATERAL ENDOSCOPICA,66 OPERACIONES SOBRE TROMPA DE FALOPIO,12. (65 71) OPERACIONES SOBRE ORGANOS GENITALES FEMENINOS,12. (65 71) OPERACIONES SOBRE ORGANOS GENITALES FEMENINOS
66.22,SECCION TROMPA DE FALOPIO BILATERAL ENDOSCOPICA,66 OPERACIONES SOBRE TROMPA DE FALOPIO,12. (65 71) OPERACIONES SOBRE ORGANOS GENITALES FEMENINOS,12. (65 71) OPERACIONES SOBRE ORGANOS GENITALES FEMENINOS
66.29,OCLUSION TROMPA DE FALOPIO BILATERAL ENDOSCOPICA.OTRA,66 OPERACIONES SOBRE TROMPA DE FALOPIO,12. (65 71) OPERACIONES SOBRE ORGANOS GENITALES FEMENINOS,12. (65 71) OPERACIONES SOBRE ORGANOS GENITALES FEMENINOS
66.3,OCLUSION TROMPA DE FALOPIO BILATERAL OTRA,66 OPERACIONES SOBRE TROMPA DE FALOPIO,12. (65 71) OPERACIONES SOBRE ORGANOS GENITALES FEMENINOS,12. (65 71) OPERACIONES SOBRE ORGANOS GENITALES FEMENINOS
66.31,LIGADURA TROMPA DE FALOPIO BILATERAL OTRA,66 OPERACIONES SOBRE TROMPA DE FALOPIO,12. (65 71) OPERACIONES SOBRE ORGANOS GENITALES FEMENINOS,12. (65 71) OPERACIONES SOBRE ORGANOS GENITALES FEMENINOS
66.32,SECCION TROMPA DE FALOPIO BILATERAL OTRA,66 OPERACIONES SOBRE TROMPA DE FALOPIO,12. (65 71) OPERACIONES SOBRE ORGANOS GENITALES FEMENINOS,12. (65 71) OPERACIONES SOBRE ORGANOS GENITALES FEMENINOS
66.39,OCLUSION TROMPA DE FALOPIO BILATERAL.OTRA,66 OPERACIONES SOBRE TROMPA DE FALOPIO,12. (65 71) OPERACIONES SOBRE ORGANOS GENITALES FEMENINOS,12. (65 71) OPERACIONES SOBRE ORGANOS GENITALES FEMENINOS
66.4,SALPINGECTOMIA UNILATERAL TOTAL,66 OPERACIONES SOBRE TROMPA DE FALOPIO,12. (65 71) OPERACIONES SOBRE ORGANOS GENITALES FEMENINOS,12. (65 71) OPERACIONES SOBRE ORGANOS GENITALES FEMENINOS
66.5,SALPINGECTOMIA BILATERAL TOTAL,66 OPERACIONES SOBRE TROMPA DE FALOPIO,12. (65 71) OPERACIONES SOBRE ORGANOS GENITALES FEMENINOS,12. (65 71) OPERACIONES SOBRE ORGANOS GENITALES FEMENINOS
66.51,SALPINGECTOMIA BILATERAL EN UNA INTERVENCION,66 OPERACIONES SOBRE TROMPA DE FALOPIO,12. (65 71) OPERACIONES SOBRE ORGANOS GENITALES FEMENINOS,12. (65 71) OPERACIONES SOBRE ORGANOS GENITALES FEMENINOS
66.52,SALPINGECTOMIA TROMPA DE FALOPIO UNICA,66 OPERACIONES SOBRE TROMPA DE FALOPIO,12. (65 71) OPERACIONES SOBRE ORGANOS GENITALES FEMENINOS,12. (65 71) OPERACIONES SOBRE ORGANOS GENITALES FEMENINOS
66.6,SALPINGECTOMIA OTRA,66 OPERACIONES SOBRE TROMPA DE FALOPIO,12. (65 71) OPERACIONES SOBRE ORGANOS GENITALES FEMENINOS,12. (65 71) OPERACIONES SOBRE ORGANOS GENITALES FEMENINOS
66.61,ESCISION TROMPA DE FALOPIO LOCAL,66 OPERACIONES SOBRE TROMPA DE FALOPIO,12. (65 71) OPERACIONES SOBRE ORGANOS GENITALES FEMENINOS,12. (65 71) OPERACIONES SOBRE ORGANOS GENITALES FEMENINOS
66.62,SALPINGECTOMIA CON EXTRACCION EMBARAZO TUBARICO,66 OPERACIONES SOBRE TROMPA DE FALOPIO,12. (65 71) OPERACIONES SOBRE ORGANOS GENITALES FEMENINOS,12. (65 71) OPERACIONES SOBRE ORGANOS GENITALES FEMENINOS
66.63,SALPINGECTOMIA PARCIAL BILATERAL NEOM,66 OPERACIONES SOBRE TROMPA DE FALOPIO,12. (65 71) OPERACIONES SOBRE ORGANOS GENITALES FEMENINOS,12. (65 71) OPERACIONES SOBRE ORGANOS GENITALES FEMENINOS
66.69,SALPINGECTOMIA PARCIAL OTRA,66 OPERACIONES SOBRE TROMPA DE FALOPIO,12. (65 71) OPERACIONES SOBRE ORGANOS GENITALES FEMENINOS,12. (65 71) OPERACIONES SOBRE ORGANOS GENITALES FEMENINOS
66.7,REPARACION TROMPA DE FALOPIO,66 OPERACIONES SOBRE TROMPA DE FALOPIO,12. (65 71) OPERACIONES SOBRE ORGANOS GENITALES FEMENINOS,12. (65 71) OPERACIONES SOBRE ORGANOS GENITALES FEMENINOS
66.71,SUTURA TROMPA DE FALOPIO,66 OPERACIONES SOBRE TROMPA DE FALOPIO,12. (65 71) OPERACIONES SOBRE ORGANOS GENITALES FEMENINOS,12. (65 71) OPERACIONES SOBRE ORGANOS GENITALES FEMENINOS
66.72,SALPINGOOFOROSTOMIA,66 OPERACIONES SOBRE TROMPA DE FALOPIO,12. (65 71) OPERACIONES SOBRE ORGANOS GENITALES FEMENINOS,12. (65 71) OPERACIONES SOBRE ORGANOS GENITALES FEMENINOS
66.73,SALPINGOSALPINGOSTOMIA,66 OPERACIONES SOBRE TROMPA DE FALOPIO,12. (65 71) OPERACIONES SOBRE ORGANOS GENITALES FEMENINOS,12. (65 71) OPERACIONES SOBRE ORGANOS GENITALES FEMENINOS
66.74,SALPINGOUTEROSTOMIA,66 OPERACIONES SOBRE TROMPA DE FALOPIO,12. (65 71) OPERACIONES SOBRE ORGANOS GENITALES FEMENINOS,12. (65 71) OPERACIONES SOBRE ORGANOS GENITALES FEMENINOS
66.79,REPARACION TROMPA DE FALOPIO.OTRA,66 OPERACIONES SOBRE TROMPA DE FALOPIO,12. (65 71) OPERACIONES SOBRE ORGANOS GENITALES FEMENINOS,12. (65 71) OPERACIONES SOBRE ORGANOS GENITALES FEMENINOS
66.8,INSUFLACION TROMPA DE FALOPIO,66 OPERACIONES SOBRE TROMPA DE FALOPIO,12. (65 71) OPERACIONES SOBRE ORGANOS GENITALES FEMENINOS,12. (65 71) OPERACIONES SOBRE ORGANOS GENITALES FEMENINOS
66.9,OPERACION TROMPA DE FALOPIO OTRA,66 OPERACIONES SOBRE TROMPA DE FALOPIO,12. (65 71) OPERACIONES SOBRE ORGANOS GENITALES FEMENINOS,12. (65 71) OPERACIONES SOBRE ORGANOS GENITALES FEMENINOS
66.91,ASPIRACION TROMPA DE FALOPIO,66 OPERACIONES SOBRE TROMPA DE FALOPIO,12. (65 71) OPERACIONES SOBRE ORGANOS GENITALES FEMENINOS,12. (65 71) OPERACIONES SOBRE ORGANOS GENITALES FEMENINOS
66.92,OCLUSION TROMPA DE FALOPIO UNILATERAL,66 OPERACIONES SOBRE TROMPA DE FALOPIO,12. (65 71) OPERACIONES SOBRE ORGANOS GENITALES FEMENINOS,12. (65 71) OPERACIONES SOBRE ORGANOS GENITALES FEMENINOS
66.93,IMPLANTACION O SUSTITUCION PROTESIS TROMPA DE FALOPIO,66 OPERACIONES SOBRE TROMPA DE FALOPIO,12. (65 71) OPERACIONES SOBRE ORGANOS GENITALES FEMENINOS,12. (65 71) OPERACIONES SOBRE ORGANOS GENITALES FEMENINOS
66.94,EXTRACCION PROTESIS TROMPA DE FALOPIO,66 OPERACIONES SOBRE TROMPA DE FALOPIO,12. (65 71) OPERACIONES SOBRE ORGANOS GENITALES FEMENINOS,12. (65 71) OPERACIONES SOBRE ORGANOS GENITALES FEMENINOS
66.95,INSUFLACION AGENTE TERAPEUTICO TROMPA DE FALOPIO,66 OPERACIONES SOBRE TROMPA DE FALOPIO,12. (65 71) OPERACIONES SOBRE ORGANOS GENITALES FEMENINOS,12. (65 71) OPERACIONES SOBRE ORGANOS GENITALES FEMENINOS
66.96,DILATACION TROMPA DE FALOPIO,66 OPERACIONES SOBRE TROMPA DE FALOPIO,12. (65 71) OPERACIONES SOBRE ORGANOS GENITALES FEMENINOS,12. (65 71) OPERACIONES SOBRE ORGANOS GENITALES FEMENINOS
66.97,ENTERRAMIENTO FIMBRIA EN PARED UTERO,66 OPERACIONES SOBRE TROMPA DE FALOPIO,12. (65 71) OPERACIONES SOBRE ORGANOS GENITALES FEMENINOS,12. (65 71) OPERACIONES SOBRE ORGANOS GENITALES FEMENINOS
66.99,OPERACION TROMPA DE FALOPIO.OTRA,66 OPERACIONES SOBRE TROMPA DE FALOPIO,12. (65 71) OPERACIONES SOBRE ORGANOS GENITALES FEMENINOS,12. (65 71) OPERACIONES SOBRE ORGANOS GENITALES FEMENINOS
67,OPERACION CERVIX,67 OPERACIONES SOBRE CUELLO UTERINO,12. (65 71) OPERACIONES SOBRE ORGANOS GENITALES FEMENINOS,12. (65 71) OPERACIONES SOBRE ORGANOS GENITALES FEMENINOS
67.0,DILATACION CANAL CERVIX,67 OPERACIONES SOBRE CUELLO UTERINO,12. (65 71) OPERACIONES SOBRE ORGANOS GENITALES FEMENINOS,12. (65 71) OPERACIONES SOBRE ORGANOS GENITALES FEMENINOS
67.1,PROCEDIMIENTO DIAGNOSTICO CERVIX,67 OPERACIONES SOBRE CUELLO UTERINO,12. (65 71) OPERACIONES SOBRE ORGANOS GENITALES FEMENINOS,12. (65 71) OPERACIONES SOBRE ORGANOS GENITALES FEMENINOS
67.11,BIOPSIA ENDOCERVICAL UTERO,67 OPERACIONES SOBRE CUELLO UTERINO,12. (65 71) OPERACIONES SOBRE ORGANOS GENITALES FEMENINOS,12. (65 71) OPERACIONES SOBRE ORGANOS GENITALES FEMENINOS
67.12,BIOPSIA CERVIX OTRA,67 OPERACIONES SOBRE CUELLO UTERINO,12. (65 71) OPERACIONES SOBRE ORGANOS GENITALES FEMENINOS,12. (65 71) OPERACIONES SOBRE ORGANOS GENITALES FEMENINOS
67.19,PROCEDIMIENTO DIAGNOSTICO CERVIX.OTRO,67 OPERACIONES SOBRE CUELLO UTERINO,12. (65 71) OPERACIONES SOBRE ORGANOS GENITALES FEMENINOS,12. (65 71) OPERACIONES SOBRE ORGANOS GENITALES FEMENINOS
67.2,CONIZACION CERVIX,67 OPERACIONES SOBRE CUELLO UTERINO,12. (65 71) OPERACIONES SOBRE ORGANOS GENITALES FEMENINOS,12. (65 71) OPERACIONES SOBRE ORGANOS GENITALES FEMENINOS
67.3,ESCISION CERVIX LOCAL OTRA,67 OPERACIONES SOBRE CUELLO UTERINO,12. (65 71) OPERACIONES SOBRE ORGANOS GENITALES FEMENINOS,12. (65 71) OPERACIONES SOBRE ORGANOS GENITALES FEMENINOS
67.31,MARSUPIALIZACION QUISTE CERVIX,67 OPERACIONES SOBRE CUELLO UTERINO,12. (65 71) OPERACIONES SOBRE ORGANOS GENITALES FEMENINOS,12. (65 71) OPERACIONES SOBRE ORGANOS GENITALES FEMENINOS
67.32,ESCISION CERVIX LOCAL POR CAUTERIZACION,67 OPERACIONES SOBRE CUELLO UTERINO,12. (65 71) OPERACIONES SOBRE ORGANOS GENITALES FEMENINOS,12. (65 71) OPERACIONES SOBRE ORGANOS GENITALES FEMENINOS
67.33,ESCISION CERVIX LOCAL POR CRIOCIRUGIA,67 OPERACIONES SOBRE CUELLO UTERINO,12. (65 71) OPERACIONES SOBRE ORGANOS GENITALES FEMENINOS,12. (65 71) OPERACIONES SOBRE ORGANOS GENITALES FEMENINOS
67.39,ESCISION CERVIX LOCAL OTRA.OTRA,67 OPERACIONES SOBRE CUELLO UTERINO,12. (65 71) OPERACIONES SOBRE ORGANOS GENITALES FEMENINOS,12. (65 71) OPERACIONES SOBRE ORGANOS GENITALES FEMENINOS
67.4,AMPUTACION CERVIX,67 OPERACIONES SOBRE CUELLO UTERINO,12. (65 71) OPERACIONES SOBRE ORGANOS GENITALES FEMENINOS,12. (65 71) OPERACIONES SOBRE ORGANOS GENITALES FEMENINOS
67.5,REPARACION ORIFICIO CERVICAL INTERNO,67 OPERACIONES SOBRE CUELLO UTERINO,12. (65 71) OPERACIONES SOBRE ORGANOS GENITALES FEMENINOS,12. (65 71) OPERACIONES SOBRE ORGANOS GENITALES FEMENINOS
67.51,CERCLAJE CERVIX TRANSABDOMINAL,67 OPERACIONES SOBRE CUELLO UTERINO,12. (65 71) OPERACIONES SOBRE ORGANOS GENITALES FEMENINOS,12. (65 71) OPERACIONES SOBRE ORGANOS GENITALES FEMENINOS
67.59,REPARACION ORIFICIO CERVICAL INTERNO.OTRA,67 OPERACIONES SOBRE CUELLO UTERINO,12. (65 71) OPERACIONES SOBRE ORGANOS GENITALES FEMENINOS,12. (65 71) OPERACIONES SOBRE ORGANOS GENITALES FEMENINOS
67.6,REPARACION CERVIX OTRA,67 OPERACIONES SOBRE CUELLO UTERINO,12. (65 71) OPERACIONES SOBRE ORGANOS GENITALES FEMENINOS,12. (65 71) OPERACIONES SOBRE ORGANOS GENITALES FEMENINOS
67.61,SUTURA CERVIX,67 OPERACIONES SOBRE CUELLO UTERINO,12. (65 71) OPERACIONES SOBRE ORGANOS GENITALES FEMENINOS,12. (65 71) OPERACIONES SOBRE ORGANOS GENITALES FEMENINOS
67.62,REPARACION FISTULA CERVIX,67 OPERACIONES SOBRE CUELLO UTERINO,12. (65 71) OPERACIONES SOBRE ORGANOS GENITALES FEMENINOS,12. (65 71) OPERACIONES SOBRE ORGANOS GENITALES FEMENINOS
67.69,REPARACION CERVIX.OTRA,67 OPERACIONES SOBRE CUELLO UTERINO,12. (65 71) OPERACIONES SOBRE ORGANOS GENITALES FEMENINOS,12. (65 71) OPERACIONES SOBRE ORGANOS GENITALES FEMENINOS
68,INCISION UTERO OTRA,68 OTRA INCISION Y EXCISION DE UTERO,12. (65 71) OPERACIONES SOBRE ORGANOS GENITALES FEMENINOS,12. (65 71) OPERACIONES SOBRE ORGANOS GENITALES FEMENINOS
68.0,HISTEROTOMIA,68 OTRA INCISION Y EXCISION DE UTERO,12. (65 71) OPERACIONES SOBRE ORGANOS GENITALES FEMENINOS,12. (65 71) OPERACIONES SOBRE ORGANOS GENITALES FEMENINOS
68.1,PROCEDIMIENTO DIAGNOSTICO UTERO Y ESTRUCTURA SOPORTE,68 OTRA INCISION Y EXCISION DE UTERO,12. (65 71) OPERACIONES SOBRE ORGANOS GENITALES FEMENINOS,12. (65 71) OPERACIONES SOBRE ORGANOS GENITALES FEMENINOS
68.11,EXPLORACION DIGITAL UTERO,68 OTRA INCISION Y EXCISION DE UTERO,12. (65 71) OPERACIONES SOBRE ORGANOS GENITALES FEMENINOS,12. (65 71) OPERACIONES SOBRE ORGANOS GENITALES FEMENINOS
68.12,HISTEROSCOPIA,68 OTRA INCISION Y EXCISION DE UTERO,12. (65 71) OPERACIONES SOBRE ORGANOS GENITALES FEMENINOS,12. (65 71) OPERACIONES SOBRE ORGANOS GENITALES FEMENINOS
68.13,BIOPSIA UTERO ABIERTA,68 OTRA INCISION Y EXCISION DE UTERO,12. (65 71) OPERACIONES SOBRE ORGANOS GENITALES FEMENINOS,12. (65 71) OPERACIONES SOBRE ORGANOS GENITALES FEMENINOS
68.14,BIOPSIA LIGAMENTO UTERO ABIERTA,68 OTRA INCISION Y EXCISION DE UTERO,12. (65 71) OPERACIONES SOBRE ORGANOS GENITALES FEMENINOS,12. (65 71) OPERACIONES SOBRE ORGANOS GENITALES FEMENINOS
68.15,BIOPSIA LIGAMENTO UTERO ENDOSCOPICA,68 OTRA INCISION Y EXCISION DE UTERO,12. (65 71) OPERACIONES SOBRE ORGANOS GENITALES FEMENINOS,12. (65 71) OPERACIONES SOBRE ORGANOS GENITALES FEMENINOS
68.16,BIOPSIA UTERO CERRADA,68 OTRA INCISION Y EXCISION DE UTERO,12. (65 71) OPERACIONES SOBRE ORGANOS GENITALES FEMENINOS,12. (65 71) OPERACIONES SOBRE ORGANOS GENITALES FEMENINOS
68.19,PROCEDIMIENTO DIAGNOSTICO UTERO Y ESTRUCTURA SOPORTE.OTRO,68 OTRA INCISION Y EXCISION DE UTERO,12. (65 71) OPERACIONES SOBRE ORGANOS GENITALES FEMENINOS,12. (65 71) OPERACIONES SOBRE ORGANOS GENITALES FEMENINOS
68.2,ESCISION UTERO LOCAL,68 OTRA INCISION Y EXCISION DE UTERO,12. (65 71) OPERACIONES SOBRE ORGANOS GENITALES FEMENINOS,12. (65 71) OPERACIONES SOBRE ORGANOS GENITALES FEMENINOS
68.21,SECCION SINEQUIA ENDOMETRIO,68 OTRA INCISION Y EXCISION DE UTERO,12. (65 71) OPERACIONES SOBRE ORGANOS GENITALES FEMENINOS,12. (65 71) OPERACIONES SOBRE ORGANOS GENITALES FEMENINOS
68.22,ESCISION TABIQUE CONGENITO UTERO LOCAL,68 OTRA INCISION Y EXCISION DE UTERO,12. (65 71) OPERACIONES SOBRE ORGANOS GENITALES FEMENINOS,12. (65 71) OPERACIONES SOBRE ORGANOS GENITALES FEMENINOS
68.23,ESCISION ENDOMETRIO,68 OTRA INCISION Y EXCISION DE UTERO,12. (65 71) OPERACIONES SOBRE ORGANOS GENITALES FEMENINOS,12. (65 71) OPERACIONES SOBRE ORGANOS GENITALES FEMENINOS
68.24,EMBOLIZACION ARTERIA UTERINA CON ESPIRAL,68 OTRA INCISION Y EXCISION DE UTERO,12. (65 71) OPERACIONES SOBRE ORGANOS GENITALES FEMENINOS,12. (65 71) OPERACIONES SOBRE ORGANOS GENITALES FEMENINOS
68.25,EMBOLIZACION ARTERIA UTERINA SIN ESPIRAL,68 OTRA INCISION Y EXCISION DE UTERO,12. (65 71) OPERACIONES SOBRE ORGANOS GENITALES FEMENINOS,12. (65 71) OPERACIONES SOBRE ORGANOS GENITALES FEMENINOS
68.29,ESCISION UTERO LOCAL.OTRA,68 OTRA INCISION Y EXCISION DE UTERO,12. (65 71) OPERACIONES SOBRE ORGANOS GENITALES FEMENINOS,12. (65 71) OPERACIONES SOBRE ORGANOS GENITALES FEMENINOS
68.3,HISTERECTOMIA ABDOMINAL SUBTOTAL,68 OTRA INCISION Y EXCISION DE UTERO,12. (65 71) OPERACIONES SOBRE ORGANOS GENITALES FEMENINOS,12. (65 71) OPERACIONES SOBRE ORGANOS GENITALES FEMENINOS
68.31,HISTERECTOMIA SUPRACERVICAL LAPAROSCOPICA,68 OTRA INCISION Y EXCISION DE UTERO,12. (65 71) OPERACIONES SOBRE ORGANOS GENITALES FEMENINOS,12. (65 71) OPERACIONES SOBRE ORGANOS GENITALES FEMENINOS
68.39,HISTERECTOMIA ABDOMINAL SUBITOTAL.OTRA Y NEOM,68 OTRA INCISION Y EXCISION DE UTERO,12. (65 71) OPERACIONES SOBRE ORGANOS GENITALES FEMENINOS,12. (65 71) OPERACIONES SOBRE ORGANOS GENITALES FEMENINOS
68.4,HISTERECTOMIA ABDOMINAL TOTAL,68 OTRA INCISION Y EXCISION DE UTERO,12. (65 71) OPERACIONES SOBRE ORGANOS GENITALES FEMENINOS,12. (65 71) OPERACIONES SOBRE ORGANOS GENITALES FEMENINOS
68.41,HISTERECTOMIA ABDOMINAL TOTAL.LAPAROSCOPICA,68 OTRA INCISION Y EXCISION DE UTERO,12. (65 71) OPERACIONES SOBRE ORGANOS GENITALES FEMENINOS,12. (65 71) OPERACIONES SOBRE ORGANOS GENITALES FEMENINOS
68.49,HISTERECTOMIA TOTAL.OTRA Y NEOM,68 OTRA INCISION Y EXCISION DE UTERO,12. (65 71) OPERACIONES SOBRE ORGANOS GENITALES FEMENINOS,12. (65 71) OPERACIONES SOBRE ORGANOS GENITALES FEMENINOS
68.5,HISTERECTOMIA VAGINAL,68 OTRA INCISION Y EXCISION DE UTERO,12. (65 71) OPERACIONES SOBRE ORGANOS GENITALES FEMENINOS,12. (65 71) OPERACIONES SOBRE ORGANOS GENITALES FEMENINOS
68.51,HISTERECTOMIA VAGINAL LAPAROSCOPICA ASISTIDA (LAVH),68 OTRA INCISION Y EXCISION DE UTERO,12. (65 71) OPERACIONES SOBRE ORGANOS GENITALES FEMENINOS,12. (65 71) OPERACIONES SOBRE ORGANOS GENITALES FEMENINOS
68.59,HISTERECTOMIA VAGINAL OTRA,68 OTRA INCISION Y EXCISION DE UTERO,12. (65 71) OPERACIONES SOBRE ORGANOS GENITALES FEMENINOS,12. (65 71) OPERACIONES SOBRE ORGANOS GENITALES FEMENINOS
68.6,HISTERECTOMIA ABDOMINAL RADICAL,68 OTRA INCISION Y EXCISION DE UTERO,12. (65 71) OPERACIONES SOBRE ORGANOS GENITALES FEMENINOS,12. (65 71) OPERACIONES SOBRE ORGANOS GENITALES FEMENINOS
68.61,HISTERECTOMIA ABDOMINAL RADICAL.LAPAROSCOPICA,68 OTRA INCISION Y EXCISION DE UTERO,12. (65 71) OPERACIONES SOBRE ORGANOS GENITALES FEMENINOS,12. (65 71) OPERACIONES SOBRE ORGANOS GENITALES FEMENINOS
68.69,HISTERECTOMIA ABDOMINAL RADICAL.OTRA Y NEOM,68 OTRA INCISION Y EXCISION DE UTERO,12. (65 71) OPERACIONES SOBRE ORGANOS GENITALES FEMENINOS,12. (65 71) OPERACIONES SOBRE ORGANOS GENITALES FEMENINOS
68.7,HISTERECTOMIA VAGINAL RADICAL,68 OTRA INCISION Y EXCISION DE UTERO,12. (65 71) OPERACIONES SOBRE ORGANOS GENITALES FEMENINOS,12. (65 71) OPERACIONES SOBRE ORGANOS GENITALES FEMENINOS
68.71,HISTERECTOMIA VAGINAL RADICAL.LAPAROSCOPICA,68 OTRA INCISION Y EXCISION DE UTERO,12. (65 71) OPERACIONES SOBRE ORGANOS GENITALES FEMENINOS,12. (65 71) OPERACIONES SOBRE ORGANOS GENITALES FEMENINOS
68.79,HISTERECTOMIA VAGINAL RADICAL.OTRA Y NEOM,68 OTRA INCISION Y EXCISION DE UTERO,12. (65 71) OPERACIONES SOBRE ORGANOS GENITALES FEMENINOS,12. (65 71) OPERACIONES SOBRE ORGANOS GENITALES FEMENINOS
68.8,EXENTERACION PELVIS,68 OTRA INCISION Y EXCISION DE UTERO,12. (65 71) OPERACIONES SOBRE ORGANOS GENITALES FEMENINOS,12. (65 71) OPERACIONES SOBRE ORGANOS GENITALES FEMENINOS
68.9,HISTERECTOMIA OTRA Y NEOM,68 OTRA INCISION Y EXCISION DE UTERO,12. (65 71) OPERACIONES SOBRE ORGANOS GENITALES FEMENINOS,12. (65 71) OPERACIONES SOBRE ORGANOS GENITALES FEMENINOS
69,OPERACION UTERO Y ESTRUCTURA SOPORTE OTRA,69 OTRAS OPERACIONES SOBRE UTERO Y ESTRUCTURAS DE SOPORTE,12. (65 71) OPERACIONES SOBRE ORGANOS GENITALES FEMENINOS,12. (65 71) OPERACIONES SOBRE ORGANOS GENITALES FEMENINOS
69.0,LEGRADO Y DILATACION UTERO,69 OTRAS OPERACIONES SOBRE UTERO Y ESTRUCTURAS DE SOPORTE,12. (65 71) OPERACIONES SOBRE ORGANOS GENITALES FEMENINOS,12. (65 71) OPERACIONES SOBRE ORGANOS GENITALES FEMENINOS
69.01,LEGRADO Y DILATACION UTERO PARA TERMINACION EMBARAZO,69 OTRAS OPERACIONES SOBRE UTERO Y ESTRUCTURAS DE SOPORTE,12. (65 71) OPERACIONES SOBRE ORGANOS GENITALES FEMENINOS,12. (65 71) OPERACIONES SOBRE ORGANOS GENITALES FEMENINOS
69.02,LEGRADO Y DILATACION UTERO POSTPARTO O TRAS ABORTO,69 OTRAS OPERACIONES SOBRE UTERO Y ESTRUCTURAS DE SOPORTE,12. (65 71) OPERACIONES SOBRE ORGANOS GENITALES FEMENINOS,12. (65 71) OPERACIONES SOBRE ORGANOS GENITALES FEMENINOS
69.09,LEGRADO Y DILATACION UTERO.OTRA,69 OTRAS OPERACIONES SOBRE UTERO Y ESTRUCTURAS DE SOPORTE,12. (65 71) OPERACIONES SOBRE ORGANOS GENITALES FEMENINOS,12. (65 71) OPERACIONES SOBRE ORGANOS GENITALES FEMENINOS
69.1,ESCISION UTERO Y ESTRUCTURA SOPORTE LOCAL,69 OTRAS OPERACIONES SOBRE UTERO Y ESTRUCTURAS DE SOPORTE,12. (65 71) OPERACIONES SOBRE ORGANOS GENITALES FEMENINOS,12. (65 71) OPERACIONES SOBRE ORGANOS GENITALES FEMENINOS
69.19,ESCISION UTERO Y ESTRUCTURA SOPORTE LOCAL.OTRA,69 OTRAS OPERACIONES SOBRE UTERO Y ESTRUCTURAS DE SOPORTE,12. (65 71) OPERACIONES SOBRE ORGANOS GENITALES FEMENINOS,12. (65 71) OPERACIONES SOBRE ORGANOS GENITALES FEMENINOS
69.2,REPARACION ESTRUCTURA SOPORTE UTERO,69 OTRAS OPERACIONES SOBRE UTERO Y ESTRUCTURAS DE SOPORTE,12. (65 71) OPERACIONES SOBRE ORGANOS GENITALES FEMENINOS,12. (65 71) OPERACIONES SOBRE ORGANOS GENITALES FEMENINOS
69.21,INTERPOSICION LIGAMENTO UTERO,69 OTRAS OPERACIONES SOBRE UTERO Y ESTRUCTURAS DE SOPORTE,12. (65 71) OPERACIONES SOBRE ORGANOS GENITALES FEMENINOS,12. (65 71) OPERACIONES SOBRE ORGANOS GENITALES FEMENINOS
69.22,SUSPENSION UTERO OTRA,69 OTRAS OPERACIONES SOBRE UTERO Y ESTRUCTURAS DE SOPORTE,12. (65 71) OPERACIONES SOBRE ORGANOS GENITALES FEMENINOS,12. (65 71) OPERACIONES SOBRE ORGANOS GENITALES FEMENINOS
69.23,REPARACION PROLAPSO CRONICO UTERO VIA VAGINAL,69 OTRAS OPERACIONES SOBRE UTERO Y ESTRUCTURAS DE SOPORTE,12. (65 71) OPERACIONES SOBRE ORGANOS GENITALES FEMENINOS,12. (65 71) OPERACIONES SOBRE ORGANOS GENITALES FEMENINOS
69.29,REPARACION UTERO Y ESTRUCTURA SOPORTE OTRA,69 OTRAS OPERACIONES SOBRE UTERO Y ESTRUCTURAS DE SOPORTE,12. (65 71) OPERACIONES SOBRE ORGANOS GENITALES FEMENINOS,12. (65 71) OPERACIONES SOBRE ORGANOS GENITALES FEMENINOS
69.3,DENERVACION UTERO PARACERVICAL,69 OTRAS OPERACIONES SOBRE UTERO Y ESTRUCTURAS DE SOPORTE,12. (65 71) OPERACIONES SOBRE ORGANOS GENITALES FEMENINOS,12. (65 71) OPERACIONES SOBRE ORGANOS GENITALES FEMENINOS
69.4,REPARACION UTERO,69 OTRAS OPERACIONES SOBRE UTERO Y ESTRUCTURAS DE SOPORTE,12. (65 71) OPERACIONES SOBRE ORGANOS GENITALES FEMENINOS,12. (65 71) OPERACIONES SOBRE ORGANOS GENITALES FEMENINOS
69.41,SUTURA UTERO,69 OTRAS OPERACIONES SOBRE UTERO Y ESTRUCTURAS DE SOPORTE,12. (65 71) OPERACIONES SOBRE ORGANOS GENITALES FEMENINOS,12. (65 71) OPERACIONES SOBRE ORGANOS GENITALES FEMENINOS
69.42,CIERRE FISTULA UTERO,69 OTRAS OPERACIONES SOBRE UTERO Y ESTRUCTURAS DE SOPORTE,12. (65 71) OPERACIONES SOBRE ORGANOS GENITALES FEMENINOS,12. (65 71) OPERACIONES SOBRE ORGANOS GENITALES FEMENINOS
69.49,REPARACION UTERO.OTRA,69 OTRAS OPERACIONES SOBRE UTERO Y ESTRUCTURAS DE SOPORTE,12. (65 71) OPERACIONES SOBRE ORGANOS GENITALES FEMENINOS,12. (65 71) OPERACIONES SOBRE ORGANOS GENITALES FEMENINOS
69.5,LEGRADO POR ASPIRACION UTERO,69 OTRAS OPERACIONES SOBRE UTERO Y ESTRUCTURAS DE SOPORTE,12. (65 71) OPERACIONES SOBRE ORGANOS GENITALES FEMENINOS,12. (65 71) OPERACIONES SOBRE ORGANOS GENITALES FEMENINOS
69.51,LEGRADO POR ASPIRACION UTERO PARA TERMINACION EMBARAZO,69 OTRAS OPERACIONES SOBRE UTERO Y ESTRUCTURAS DE SOPORTE,12. (65 71) OPERACIONES SOBRE ORGANOS GENITALES FEMENINOS,12. (65 71) OPERACIONES SOBRE ORGANOS GENITALES FEMENINOS
69.52,LEGRADO POR ASPIRACION UTERO POSTPARTO Y TRAS ABORTO,69 OTRAS OPERACIONES SOBRE UTERO Y ESTRUCTURAS DE SOPORTE,12. (65 71) OPERACIONES SOBRE ORGANOS GENITALES FEMENINOS,12. (65 71) OPERACIONES SOBRE ORGANOS GENITALES FEMENINOS
69.59,LEGRADO POR ASPIRACION UTERO.OTRO,69 OTRAS OPERACIONES SOBRE UTERO Y ESTRUCTURAS DE SOPORTE,12. (65 71) OPERACIONES SOBRE ORGANOS GENITALES FEMENINOS,12. (65 71) OPERACIONES SOBRE ORGANOS GENITALES FEMENINOS
69.6,EXTRACCION MENSTRUAL,69 OTRAS OPERACIONES SOBRE UTERO Y ESTRUCTURAS DE SOPORTE,12. (65 71) OPERACIONES SOBRE ORGANOS GENITALES FEMENINOS,12. (65 71) OPERACIONES SOBRE ORGANOS GENITALES FEMENINOS
69.7,COLOCACION DISPOSITIVO INTRAUTERINO ANTICONCEPTIVO,69 OTRAS OPERACIONES SOBRE UTERO Y ESTRUCTURAS DE SOPORTE,12. (65 71) OPERACIONES SOBRE ORGANOS GENITALES FEMENINOS,12. (65 71) OPERACIONES SOBRE ORGANOS GENITALES FEMENINOS
69.9,"OPERACION UTERO,CUELLO Y ESTRUCTURA APOYO OTRA",69 OTRAS OPERACIONES SOBRE UTERO Y ESTRUCTURAS DE SOPORTE,12. (65 71) OPERACIONES SOBRE ORGANOS GENITALES FEMENINOS,12. (65 71) OPERACIONES SOBRE ORGANOS GENITALES FEMENINOS
69.91,INSERCION DISPOSITIVO TERAPEUTICO UTERO,69 OTRAS OPERACIONES SOBRE UTERO Y ESTRUCTURAS DE SOPORTE,12. (65 71) OPERACIONES SOBRE ORGANOS GENITALES FEMENINOS,12. (65 71) OPERACIONES SOBRE ORGANOS GENITALES FEMENINOS
69.92,INSEMINACION ARTIFICIAL,69 OTRAS OPERACIONES SOBRE UTERO Y ESTRUCTURAS DE SOPORTE,12. (65 71) OPERACIONES SOBRE ORGANOS GENITALES FEMENINOS,12. (65 71) OPERACIONES SOBRE ORGANOS GENITALES FEMENINOS
69.93,INSERCION LAMINARIA,69 OTRAS OPERACIONES SOBRE UTERO Y ESTRUCTURAS DE SOPORTE,12. (65 71) OPERACIONES SOBRE ORGANOS GENITALES FEMENINOS,12. (65 71) OPERACIONES SOBRE ORGANOS GENITALES FEMENINOS
69.94,REPOSICION MANUAL UTERO INVERTIDO NO OBSTETRICO,69 OTRAS OPERACIONES SOBRE UTERO Y ESTRUCTURAS DE SOPORTE,12. (65 71) OPERACIONES SOBRE ORGANOS GENITALES FEMENINOS,12. (65 71) OPERACIONES SOBRE ORGANOS GENITALES FEMENINOS
69.95,INCISION CERVIX,69 OTRAS OPERACIONES SOBRE UTERO Y ESTRUCTURAS DE SOPORTE,12. (65 71) OPERACIONES SOBRE ORGANOS GENITALES FEMENINOS,12. (65 71) OPERACIONES SOBRE ORGANOS GENITALES FEMENINOS
69.96,EXTRACCION MATERIAL CERCLAJE CERVIX,69 OTRAS OPERACIONES SOBRE UTERO Y ESTRUCTURAS DE SOPORTE,12. (65 71) OPERACIONES SOBRE ORGANOS GENITALES FEMENINOS,12. (65 71) OPERACIONES SOBRE ORGANOS GENITALES FEMENINOS
69.97,EXTRACCION CUERPO EXTRAÑO PENETRANTE CERVIX,69 OTRAS OPERACIONES SOBRE UTERO Y ESTRUCTURAS DE SOPORTE,12. (65 71) OPERACIONES SOBRE ORGANOS GENITALES FEMENINOS,12. (65 71) OPERACIONES SOBRE ORGANOS GENITALES FEMENINOS
69.98,OPERACION ESTRUCTURA SOPORTE UTERO OTRA,69 OTRAS OPERACIONES SOBRE UTERO Y ESTRUCTURAS DE SOPORTE,12. (65 71) OPERACIONES SOBRE ORGANOS GENITALES FEMENINOS,12. (65 71) OPERACIONES SOBRE ORGANOS GENITALES FEMENINOS
69.99,OPERACION CERVIX Y UTERO OTRA,69 OTRAS OPERACIONES SOBRE UTERO Y ESTRUCTURAS DE SOPORTE,12. (65 71) OPERACIONES SOBRE ORGANOS GENITALES FEMENINOS,12. (65 71) OPERACIONES SOBRE ORGANOS GENITALES FEMENINOS
70,OPERACION VAGINA Y FONDO DE SACO VAGINA,70 OPERACIONES SOBRE VAGINA Y FONDO DE SACO,12. (65 71) OPERACIONES SOBRE ORGANOS GENITALES FEMENINOS,12. (65 71) OPERACIONES SOBRE ORGANOS GENITALES FEMENINOS
70.0,CULDOCENTESIS,70 OPERACIONES SOBRE VAGINA Y FONDO DE SACO,12. (65 71) OPERACIONES SOBRE ORGANOS GENITALES FEMENINOS,12. (65 71) OPERACIONES SOBRE ORGANOS GENITALES FEMENINOS
70.1,INCISION VAGINA Y FONDO DE SACO VAGINA,70 OPERACIONES SOBRE VAGINA Y FONDO DE SACO,12. (65 71) OPERACIONES SOBRE ORGANOS GENITALES FEMENINOS,12. (65 71) OPERACIONES SOBRE ORGANOS GENITALES FEMENINOS
70.11,HIMENOTOMIA,70 OPERACIONES SOBRE VAGINA Y FONDO DE SACO,12. (65 71) OPERACIONES SOBRE ORGANOS GENITALES FEMENINOS,12. (65 71) OPERACIONES SOBRE ORGANOS GENITALES FEMENINOS
70.12,CULDOTOMIA,70 OPERACIONES SOBRE VAGINA Y FONDO DE SACO,12. (65 71) OPERACIONES SOBRE ORGANOS GENITALES FEMENINOS,12. (65 71) OPERACIONES SOBRE ORGANOS GENITALES FEMENINOS
70.13,LISIS ADHERENCIA VAGINA,70 OPERACIONES SOBRE VAGINA Y FONDO DE SACO,12. (65 71) OPERACIONES SOBRE ORGANOS GENITALES FEMENINOS,12. (65 71) OPERACIONES SOBRE ORGANOS GENITALES FEMENINOS
70.14,VAGINOTOMIA OTRA,70 OPERACIONES SOBRE VAGINA Y FONDO DE SACO,12. (65 71) OPERACIONES SOBRE ORGANOS GENITALES FEMENINOS,12. (65 71) OPERACIONES SOBRE ORGANOS GENITALES FEMENINOS
70.2,PROCEDIMIENTO DIAGNOSTICO VAGINA Y FONDO DE SACO VAGINA,70 OPERACIONES SOBRE VAGINA Y FONDO DE SACO,12. (65 71) OPERACIONES SOBRE ORGANOS GENITALES FEMENINOS,12. (65 71) OPERACIONES SOBRE ORGANOS GENITALES FEMENINOS
70.21,VAGINOSCOPIA,70 OPERACIONES SOBRE VAGINA Y FONDO DE SACO,12. (65 71) OPERACIONES SOBRE ORGANOS GENITALES FEMENINOS,12. (65 71) OPERACIONES SOBRE ORGANOS GENITALES FEMENINOS
70.22,CULDOSCOPIA,70 OPERACIONES SOBRE VAGINA Y FONDO DE SACO,12. (65 71) OPERACIONES SOBRE ORGANOS GENITALES FEMENINOS,12. (65 71) OPERACIONES SOBRE ORGANOS GENITALES FEMENINOS
70.23,BIOPSIA FONDO DE SACO VAGINA,70 OPERACIONES SOBRE VAGINA Y FONDO DE SACO,12. (65 71) OPERACIONES SOBRE ORGANOS GENITALES FEMENINOS,12. (65 71) OPERACIONES SOBRE ORGANOS GENITALES FEMENINOS
70.24,BIOPSIA VAGINA,70 OPERACIONES SOBRE VAGINA Y FONDO DE SACO,12. (65 71) OPERACIONES SOBRE ORGANOS GENITALES FEMENINOS,12. (65 71) OPERACIONES SOBRE ORGANOS GENITALES FEMENINOS
70.29,PROCEDIMIENTO DIAGNOSTICO VAGINA Y FONDO DE SACO VAGINA.OTRO,70 OPERACIONES SOBRE VAGINA Y FONDO DE SACO,12. (65 71) OPERACIONES SOBRE ORGANOS GENITALES FEMENINOS,12. (65 71) OPERACIONES SOBRE ORGANOS GENITALES FEMENINOS
70.3,ESCISION VAGINA Y FONDO DE SACO VAGINA LOCAL,70 OPERACIONES SOBRE VAGINA Y FONDO DE SACO,12. (65 71) OPERACIONES SOBRE ORGANOS GENITALES FEMENINOS,12. (65 71) OPERACIONES SOBRE ORGANOS GENITALES FEMENINOS
70.31,HIMENECTOMIA,70 OPERACIONES SOBRE VAGINA Y FONDO DE SACO,12. (65 71) OPERACIONES SOBRE ORGANOS GENITALES FEMENINOS,12. (65 71) OPERACIONES SOBRE ORGANOS GENITALES FEMENINOS
70.32,ESCISION FONDO DE SACO VAGINA LOCAL,70 OPERACIONES SOBRE VAGINA Y FONDO DE SACO,12. (65 71) OPERACIONES SOBRE ORGANOS GENITALES FEMENINOS,12. (65 71) OPERACIONES SOBRE ORGANOS GENITALES FEMENINOS
70.33,ESCISION VAGINA LOCAL,70 OPERACIONES SOBRE VAGINA Y FONDO DE SACO,12. (65 71) OPERACIONES SOBRE ORGANOS GENITALES FEMENINOS,12. (65 71) OPERACIONES SOBRE ORGANOS GENITALES FEMENINOS
70.4,ESCISION VAGINA TOTAL,70 OPERACIONES SOBRE VAGINA Y FONDO DE SACO,12. (65 71) OPERACIONES SOBRE ORGANOS GENITALES FEMENINOS,12. (65 71) OPERACIONES SOBRE ORGANOS GENITALES FEMENINOS
70.5,REPARACION CISTOCELE Y RECTOCELE,70 OPERACIONES SOBRE VAGINA Y FONDO DE SACO,12. (65 71) OPERACIONES SOBRE ORGANOS GENITALES FEMENINOS,12. (65 71) OPERACIONES SOBRE ORGANOS GENITALES FEMENINOS
70.50,REPARACION CISTOCELE Y RECTOCELE,70 OPERACIONES SOBRE VAGINA Y FONDO DE SACO,12. (65 71) OPERACIONES SOBRE ORGANOS GENITALES FEMENINOS,12. (65 71) OPERACIONES SOBRE ORGANOS GENITALES FEMENINOS
70.51,REPARACION CISTOCELE,70 OPERACIONES SOBRE VAGINA Y FONDO DE SACO,12. (65 71) OPERACIONES SOBRE ORGANOS GENITALES FEMENINOS,12. (65 71) OPERACIONES SOBRE ORGANOS GENITALES FEMENINOS
70.52,REPARACION RECTOCELE,70 OPERACIONES SOBRE VAGINA Y FONDO DE SACO,12. (65 71) OPERACIONES SOBRE ORGANOS GENITALES FEMENINOS,12. (65 71) OPERACIONES SOBRE ORGANOS GENITALES FEMENINOS
70.53,REPARACION CISTOCELE Y RECTOCELE CON INJERTO O PROTESIS,70 OPERACIONES SOBRE VAGINA Y FONDO DE SACO,12. (65 71) OPERACIONES SOBRE ORGANOS GENITALES FEMENINOS,12. (65 71) OPERACIONES SOBRE ORGANOS GENITALES FEMENINOS
70.54,REPARACION CISTOCELE CON INJERTO O PROTESIS,70 OPERACIONES SOBRE VAGINA Y FONDO DE SACO,12. (65 71) OPERACIONES SOBRE ORGANOS GENITALES FEMENINOS,12. (65 71) OPERACIONES SOBRE ORGANOS GENITALES FEMENINOS
70.55,REPARACION RECTOCELE CON INJERTO O PROTESIS,70 OPERACIONES SOBRE VAGINA Y FONDO DE SACO,12. (65 71) OPERACIONES SOBRE ORGANOS GENITALES FEMENINOS,12. (65 71) OPERACIONES SOBRE ORGANOS GENITALES FEMENINOS
70.6,CONSTRUCCION Y RECONSTRUCCION VAGINA,70 OPERACIONES SOBRE VAGINA Y FONDO DE SACO,12. (65 71) OPERACIONES SOBRE ORGANOS GENITALES FEMENINOS,12. (65 71) OPERACIONES SOBRE ORGANOS GENITALES FEMENINOS
70.61,CONSTRUCCION VAGINA (CREACION NEOVAGINA),70 OPERACIONES SOBRE VAGINA Y FONDO DE SACO,12. (65 71) OPERACIONES SOBRE ORGANOS GENITALES FEMENINOS,12. (65 71) OPERACIONES SOBRE ORGANOS GENITALES FEMENINOS
70.62,RECONSTRUCCION VAGINA,70 OPERACIONES SOBRE VAGINA Y FONDO DE SACO,12. (65 71) OPERACIONES SOBRE ORGANOS GENITALES FEMENINOS,12. (65 71) OPERACIONES SOBRE ORGANOS GENITALES FEMENINOS
70.63,CONSTRUCCION VAGINA CON INJERTO O PROTESIS,70 OPERACIONES SOBRE VAGINA Y FONDO DE SACO,12. (65 71) OPERACIONES SOBRE ORGANOS GENITALES FEMENINOS,12. (65 71) OPERACIONES SOBRE ORGANOS GENITALES FEMENINOS
70.64,RECONSTRUCCION VAGINA CON INJERTO O PROTESIS,70 OPERACIONES SOBRE VAGINA Y FONDO DE SACO,12. (65 71) OPERACIONES SOBRE ORGANOS GENITALES FEMENINOS,12. (65 71) OPERACIONES SOBRE ORGANOS GENITALES FEMENINOS
70.7,REPARACION VAGINA OTRA,70 OPERACIONES SOBRE VAGINA Y FONDO DE SACO,12. (65 71) OPERACIONES SOBRE ORGANOS GENITALES FEMENINOS,12. (65 71) OPERACIONES SOBRE ORGANOS GENITALES FEMENINOS
70.71,SUTURA VAGINA,70 OPERACIONES SOBRE VAGINA Y FONDO DE SACO,12. (65 71) OPERACIONES SOBRE ORGANOS GENITALES FEMENINOS,12. (65 71) OPERACIONES SOBRE ORGANOS GENITALES FEMENINOS
70.72,REPARACION FISTULA COLOVAGINAL,70 OPERACIONES SOBRE VAGINA Y FONDO DE SACO,12. (65 71) OPERACIONES SOBRE ORGANOS GENITALES FEMENINOS,12. (65 71) OPERACIONES SOBRE ORGANOS GENITALES FEMENINOS
70.73,REPARACION FISTULA RECTOVAGINAL,70 OPERACIONES SOBRE VAGINA Y FONDO DE SACO,12. (65 71) OPERACIONES SOBRE ORGANOS GENITALES FEMENINOS,12. (65 71) OPERACIONES SOBRE ORGANOS GENITALES FEMENINOS
70.74,REPARACION FISTULA VAGINOENTERICA OTRA,70 OPERACIONES SOBRE VAGINA Y FONDO DE SACO,12. (65 71) OPERACIONES SOBRE ORGANOS GENITALES FEMENINOS,12. (65 71) OPERACIONES SOBRE ORGANOS GENITALES FEMENINOS
70.75,REPARACION FISTULA VAGINA OTRA,70 OPERACIONES SOBRE VAGINA Y FONDO DE SACO,12. (65 71) OPERACIONES SOBRE ORGANOS GENITALES FEMENINOS,12. (65 71) OPERACIONES SOBRE ORGANOS GENITALES FEMENINOS
70.76,HIMENORRAFIA,70 OPERACIONES SOBRE VAGINA Y FONDO DE SACO,12. (65 71) OPERACIONES SOBRE ORGANOS GENITALES FEMENINOS,12. (65 71) OPERACIONES SOBRE ORGANOS GENITALES FEMENINOS
70.77,SUSPENSION Y FIJACION VAGINA,70 OPERACIONES SOBRE VAGINA Y FONDO DE SACO,12. (65 71) OPERACIONES SOBRE ORGANOS GENITALES FEMENINOS,12. (65 71) OPERACIONES SOBRE ORGANOS GENITALES FEMENINOS
70.78,SUSPENSION Y FIJACION VAGINA CON INJETO O PROTESIS,70 OPERACIONES SOBRE VAGINA Y FONDO DE SACO,12. (65 71) OPERACIONES SOBRE ORGANOS GENITALES FEMENINOS,12. (65 71) OPERACIONES SOBRE ORGANOS GENITALES FEMENINOS
70.79,REPARACION VAGINA.OTRA,70 OPERACIONES SOBRE VAGINA Y FONDO DE SACO,12. (65 71) OPERACIONES SOBRE ORGANOS GENITALES FEMENINOS,12. (65 71) OPERACIONES SOBRE ORGANOS GENITALES FEMENINOS
70.8,OCLUSION BOVEDA VAGINA,70 OPERACIONES SOBRE VAGINA Y FONDO DE SACO,12. (65 71) OPERACIONES SOBRE ORGANOS GENITALES FEMENINOS,12. (65 71) OPERACIONES SOBRE ORGANOS GENITALES FEMENINOS
70.9,OPERACION VAGINA Y FONDO DE SACO VAGINA OTRA,70 OPERACIONES SOBRE VAGINA Y FONDO DE SACO,12. (65 71) OPERACIONES SOBRE ORGANOS GENITALES FEMENINOS,12. (65 71) OPERACIONES SOBRE ORGANOS GENITALES FEMENINOS
70.91,OPERACION VAGINA OTRA,70 OPERACIONES SOBRE VAGINA Y FONDO DE SACO,12. (65 71) OPERACIONES SOBRE ORGANOS GENITALES FEMENINOS,12. (65 71) OPERACIONES SOBRE ORGANOS GENITALES FEMENINOS
70.92,OPERACION FONDO DE SACO VAGINA OTRA,70 OPERACIONES SOBRE VAGINA Y FONDO DE SACO,12. (65 71) OPERACIONES SOBRE ORGANOS GENITALES FEMENINOS,12. (65 71) OPERACIONES SOBRE ORGANOS GENITALES FEMENINOS
70.93,OPERACION FONDO SACO VAGINA CON INJERTO O PROTESIS,70 OPERACIONES SOBRE VAGINA Y FONDO DE SACO,12. (65 71) OPERACIONES SOBRE ORGANOS GENITALES FEMENINOS,12. (65 71) OPERACIONES SOBRE ORGANOS GENITALES FEMENINOS
70.94,INSERCION INJERTO BIOLOGICO VAGINA Y FONDO SACO,70 OPERACIONES SOBRE VAGINA Y FONDO DE SACO,12. (65 71) OPERACIONES SOBRE ORGANOS GENITALES FEMENINOS,12. (65 71) OPERACIONES SOBRE ORGANOS GENITALES FEMENINOS
70.95,INSERCION INJERTO O PROTESIS SINTETICA VAGINA Y FONDO SACO,70 OPERACIONES SOBRE VAGINA Y FONDO DE SACO,12. (65 71) OPERACIONES SOBRE ORGANOS GENITALES FEMENINOS,12. (65 71) OPERACIONES SOBRE ORGANOS GENITALES FEMENINOS
71,OPERACION VULVA Y PERINEO,71 OPERACIONES DOBRE VULVA Y PERINEO,12. (65 71) OPERACIONES SOBRE ORGANOS GENITALES FEMENINOS,12. (65 71) OPERACIONES SOBRE ORGANOS GENITALES FEMENINOS
71.0,INCISION VULVA Y PERINEO,71 OPERACIONES DOBRE VULVA Y PERINEO,12. (65 71) OPERACIONES SOBRE ORGANOS GENITALES FEMENINOS,12. (65 71) OPERACIONES SOBRE ORGANOS GENITALES FEMENINOS
71.01,LISIS ADHERENCIA VULVA,71 OPERACIONES DOBRE VULVA Y PERINEO,12. (65 71) OPERACIONES SOBRE ORGANOS GENITALES FEMENINOS,12. (65 71) OPERACIONES SOBRE ORGANOS GENITALES FEMENINOS
71.09,INCISION VULVA Y PERINEO.OTRA,71 OPERACIONES DOBRE VULVA Y PERINEO,12. (65 71) OPERACIONES SOBRE ORGANOS GENITALES FEMENINOS,12. (65 71) OPERACIONES SOBRE ORGANOS GENITALES FEMENINOS
71.1,PROCEDIMIENTO DIAGNOSTICO VULVA,71 OPERACIONES DOBRE VULVA Y PERINEO,12. (65 71) OPERACIONES SOBRE ORGANOS GENITALES FEMENINOS,12. (65 71) OPERACIONES SOBRE ORGANOS GENITALES FEMENINOS
71.11,BIOPSIA VULVA,71 OPERACIONES DOBRE VULVA Y PERINEO,12. (65 71) OPERACIONES SOBRE ORGANOS GENITALES FEMENINOS,12. (65 71) OPERACIONES SOBRE ORGANOS GENITALES FEMENINOS
71.19,PROCEDIMIENTO DIAGNOSTICO VULVA.OTRO,71 OPERACIONES DOBRE VULVA Y PERINEO,12. (65 71) OPERACIONES SOBRE ORGANOS GENITALES FEMENINOS,12. (65 71) OPERACIONES SOBRE ORGANOS GENITALES FEMENINOS
71.2,OPERACION GLANDULA DE BARTHOLINO,71 OPERACIONES DOBRE VULVA Y PERINEO,12. (65 71) OPERACIONES SOBRE ORGANOS GENITALES FEMENINOS,12. (65 71) OPERACIONES SOBRE ORGANOS GENITALES FEMENINOS
71.21,ASPIRACION PERCUTANEA GLANDULA DE BARTHOLINO (QUISTE),71 OPERACIONES DOBRE VULVA Y PERINEO,12. (65 71) OPERACIONES SOBRE ORGANOS GENITALES FEMENINOS,12. (65 71) OPERACIONES SOBRE ORGANOS GENITALES FEMENINOS
71.22,INCISION GLANDULA DE BARTHOLINO (QUISTE),71 OPERACIONES DOBRE VULVA Y PERINEO,12. (65 71) OPERACIONES SOBRE ORGANOS GENITALES FEMENINOS,12. (65 71) OPERACIONES SOBRE ORGANOS GENITALES FEMENINOS
71.23,MARSUPIALIZACION GLANDULA DE BARTHOLINO (QUISTE),71 OPERACIONES DOBRE VULVA Y PERINEO,12. (65 71) OPERACIONES SOBRE ORGANOS GENITALES FEMENINOS,12. (65 71) OPERACIONES SOBRE ORGANOS GENITALES FEMENINOS
71.24,ESCISION GLANDULA DE BARTHOLINO (QUISTE),71 OPERACIONES DOBRE VULVA Y PERINEO,12. (65 71) OPERACIONES SOBRE ORGANOS GENITALES FEMENINOS,12. (65 71) OPERACIONES SOBRE ORGANOS GENITALES FEMENINOS
71.29,OPERACION GLANDULA DE BARTHOLINO.OTRA,71 OPERACIONES DOBRE VULVA Y PERINEO,12. (65 71) OPERACIONES SOBRE ORGANOS GENITALES FEMENINOS,12. (65 71) OPERACIONES SOBRE ORGANOS GENITALES FEMENINOS
71.3,ESCISION VULVA Y PERINEO LOCAL OTRA,71 OPERACIONES DOBRE VULVA Y PERINEO,12. (65 71) OPERACIONES SOBRE ORGANOS GENITALES FEMENINOS,12. (65 71) OPERACIONES SOBRE ORGANOS GENITALES FEMENINOS
71.4,OPERACION CLITORIS,71 OPERACIONES DOBRE VULVA Y PERINEO,12. (65 71) OPERACIONES SOBRE ORGANOS GENITALES FEMENINOS,12. (65 71) OPERACIONES SOBRE ORGANOS GENITALES FEMENINOS
71.5,VULVECTOMIA RADICAL,71 OPERACIONES DOBRE VULVA Y PERINEO,12. (65 71) OPERACIONES SOBRE ORGANOS GENITALES FEMENINOS,12. (65 71) OPERACIONES SOBRE ORGANOS GENITALES FEMENINOS
71.6,VULVECTOMIA OTRA,71 OPERACIONES DOBRE VULVA Y PERINEO,12. (65 71) OPERACIONES SOBRE ORGANOS GENITALES FEMENINOS,12. (65 71) OPERACIONES SOBRE ORGANOS GENITALES FEMENINOS
71.61,VULVECTOMIA UNILATERAL,71 OPERACIONES DOBRE VULVA Y PERINEO,12. (65 71) OPERACIONES SOBRE ORGANOS GENITALES FEMENINOS,12. (65 71) OPERACIONES SOBRE ORGANOS GENITALES FEMENINOS
71.62,VULVECTOMIA BILATERAL,71 OPERACIONES DOBRE VULVA Y PERINEO,12. (65 71) OPERACIONES SOBRE ORGANOS GENITALES FEMENINOS,12. (65 71) OPERACIONES SOBRE ORGANOS GENITALES FEMENINOS
71.7,REPARACION VULVA Y PERINEO,71 OPERACIONES DOBRE VULVA Y PERINEO,12. (65 71) OPERACIONES SOBRE ORGANOS GENITALES FEMENINOS,12. (65 71) OPERACIONES SOBRE ORGANOS GENITALES FEMENINOS
71.71,SUTURA VULVA Y PERINEO,71 OPERACIONES DOBRE VULVA Y PERINEO,12. (65 71) OPERACIONES SOBRE ORGANOS GENITALES FEMENINOS,12. (65 71) OPERACIONES SOBRE ORGANOS GENITALES FEMENINOS
71.72,REPARACION FISTULA VULVA Y PERINEO,71 OPERACIONES DOBRE VULVA Y PERINEO,12. (65 71) OPERACIONES SOBRE ORGANOS GENITALES FEMENINOS,12. (65 71) OPERACIONES SOBRE ORGANOS GENITALES FEMENINOS
71.79,REPARACION VULVA Y PERINEO.OTRA,71 OPERACIONES DOBRE VULVA Y PERINEO,12. (65 71) OPERACIONES SOBRE ORGANOS GENITALES FEMENINOS,12. (65 71) OPERACIONES SOBRE ORGANOS GENITALES FEMENINOS
71.8,OPERACION VULVA OTRA,71 OPERACIONES DOBRE VULVA Y PERINEO,12. (65 71) OPERACIONES SOBRE ORGANOS GENITALES FEMENINOS,12. (65 71) OPERACIONES SOBRE ORGANOS GENITALES FEMENINOS
71.9,OPERACION ORGANO GENITAL FEMENINO OTRA,71 OPERACIONES DOBRE VULVA Y PERINEO,12. (65 71) OPERACIONES SOBRE ORGANOS GENITALES FEMENINOS,12. (65 71) OPERACIONES SOBRE ORGANOS GENITALES FEMENINOS
72,"PARTO CON FORCEPS,VENTOSA Y PRESENTACION NALGA","72 FORCEPS, VENTOSA Y PRESENTACION DE NALGAS",13. (72 75) PROCEDIMIENTOS OBSTETRICOS,13. (72 75) PROCEDIMIENTOS OBSTETRICOS
72.0,PARTO CON FORCEPS BAJO,"72 FORCEPS, VENTOSA Y PRESENTACION DE NALGAS",13. (72 75) PROCEDIMIENTOS OBSTETRICOS,13. (72 75) PROCEDIMIENTOS OBSTETRICOS
72.1,PARTO CON FORCEPS BAJO CON EPISIOTOMIA,"72 FORCEPS, VENTOSA Y PRESENTACION DE NALGAS",13. (72 75) PROCEDIMIENTOS OBSTETRICOS,13. (72 75) PROCEDIMIENTOS OBSTETRICOS
72.2,PARTO CON FORCEPS MEDIO,"72 FORCEPS, VENTOSA Y PRESENTACION DE NALGAS",13. (72 75) PROCEDIMIENTOS OBSTETRICOS,13. (72 75) PROCEDIMIENTOS OBSTETRICOS
72.21,PARTO CON FORCEPS MEDIO CON EPISIOTOMIA,"72 FORCEPS, VENTOSA Y PRESENTACION DE NALGAS",13. (72 75) PROCEDIMIENTOS OBSTETRICOS,13. (72 75) PROCEDIMIENTOS OBSTETRICOS
72.29,PARTO CON FORCEPS MEDIO.OTRO,"72 FORCEPS, VENTOSA Y PRESENTACION DE NALGAS",13. (72 75) PROCEDIMIENTOS OBSTETRICOS,13. (72 75) PROCEDIMIENTOS OBSTETRICOS
72.3,PARTO CON FORCEPS ALTO,"72 FORCEPS, VENTOSA Y PRESENTACION DE NALGAS",13. (72 75) PROCEDIMIENTOS OBSTETRICOS,13. (72 75) PROCEDIMIENTOS OBSTETRICOS
72.31,PARTO CON FORCEPS ALTO CON EPISIOTOMIA,"72 FORCEPS, VENTOSA Y PRESENTACION DE NALGAS",13. (72 75) PROCEDIMIENTOS OBSTETRICOS,13. (72 75) PROCEDIMIENTOS OBSTETRICOS
72.39,PARTO CON FORCEPS ALTO.OTRO,"72 FORCEPS, VENTOSA Y PRESENTACION DE NALGAS",13. (72 75) PROCEDIMIENTOS OBSTETRICOS,13. (72 75) PROCEDIMIENTOS OBSTETRICOS
72.4,ROTACION CABEZA FETO CON FORCEPS,"72 FORCEPS, VENTOSA Y PRESENTACION DE NALGAS",13. (72 75) PROCEDIMIENTOS OBSTETRICOS,13. (72 75) PROCEDIMIENTOS OBSTETRICOS
72.5,PARTO CON PRESENTACION NALGA,"72 FORCEPS, VENTOSA Y PRESENTACION DE NALGAS",13. (72 75) PROCEDIMIENTOS OBSTETRICOS,13. (72 75) PROCEDIMIENTOS OBSTETRICOS
72.51,PARTO DE NALGAS PARCIAL CON FORCEPS,"72 FORCEPS, VENTOSA Y PRESENTACION DE NALGAS",13. (72 75) PROCEDIMIENTOS OBSTETRICOS,13. (72 75) PROCEDIMIENTOS OBSTETRICOS
72.52,PARTO DE NALGAS PARCIAL OTRO,"72 FORCEPS, VENTOSA Y PRESENTACION DE NALGAS",13. (72 75) PROCEDIMIENTOS OBSTETRICOS,13. (72 75) PROCEDIMIENTOS OBSTETRICOS
72.53,PARTO DE NALGAS TOTAL CON FORCEPS,"72 FORCEPS, VENTOSA Y PRESENTACION DE NALGAS",13. (72 75) PROCEDIMIENTOS OBSTETRICOS,13. (72 75) PROCEDIMIENTOS OBSTETRICOS
72.54,PARTO DE NALGAS TOTAL OTRO,"72 FORCEPS, VENTOSA Y PRESENTACION DE NALGAS",13. (72 75) PROCEDIMIENTOS OBSTETRICOS,13. (72 75) PROCEDIMIENTOS OBSTETRICOS
72.6,PARTO CON FORCEPS A CABEZA ULTIMA,"72 FORCEPS, VENTOSA Y PRESENTACION DE NALGAS",13. (72 75) PROCEDIMIENTOS OBSTETRICOS,13. (72 75) PROCEDIMIENTOS OBSTETRICOS
72.7,PARTO CON VENTOSA,"72 FORCEPS, VENTOSA Y PRESENTACION DE NALGAS",13. (72 75) PROCEDIMIENTOS OBSTETRICOS,13. (72 75) PROCEDIMIENTOS OBSTETRICOS
72.71,PARTO CON VENTOSA Y EPISIOTOMIA,"72 FORCEPS, VENTOSA Y PRESENTACION DE NALGAS",13. (72 75) PROCEDIMIENTOS OBSTETRICOS,13. (72 75) PROCEDIMIENTOS OBSTETRICOS
72.79,PARTO CON VENTOSA OTRO,"72 FORCEPS, VENTOSA Y PRESENTACION DE NALGAS",13. (72 75) PROCEDIMIENTOS OBSTETRICOS,13. (72 75) PROCEDIMIENTOS OBSTETRICOS
72.8,PARTO INSTRUMENTAL OTRO,"72 FORCEPS, VENTOSA Y PRESENTACION DE NALGAS",13. (72 75) PROCEDIMIENTOS OBSTETRICOS,13. (72 75) PROCEDIMIENTOS OBSTETRICOS
72.9,PARTO INSTRUMENTAL NEOM,"72 FORCEPS, VENTOSA Y PRESENTACION DE NALGAS",13. (72 75) PROCEDIMIENTOS OBSTETRICOS,13. (72 75) PROCEDIMIENTOS OBSTETRICOS
73,PROCEDIMIENTO INDUCCION O ASISTENCIA PARTO OTRO,73 OTROS PROCEDIMIENTOS PARA INDUCCION O ASISTENCIA AL PARTO,13. (72 75) PROCEDIMIENTOS OBSTETRICOS,13. (72 75) PROCEDIMIENTOS OBSTETRICOS
73.0,ROTURA ARTIFICIAL MEMBRANA,73 OTROS PROCEDIMIENTOS PARA INDUCCION O ASISTENCIA AL PARTO,13. (72 75) PROCEDIMIENTOS OBSTETRICOS,13. (72 75) PROCEDIMIENTOS OBSTETRICOS
73.01,INDUCCION PARTO POR ROTURA ARTIFICIAL MEMBRANA,73 OTROS PROCEDIMIENTOS PARA INDUCCION O ASISTENCIA AL PARTO,13. (72 75) PROCEDIMIENTOS OBSTETRICOS,13. (72 75) PROCEDIMIENTOS OBSTETRICOS
73.09,ROTURA ARTIFICIAL MEMBRANA.OTRA,73 OTROS PROCEDIMIENTOS PARA INDUCCION O ASISTENCIA AL PARTO,13. (72 75) PROCEDIMIENTOS OBSTETRICOS,13. (72 75) PROCEDIMIENTOS OBSTETRICOS
73.1,INDUCCION QUIRURGICA PARTO OTRA,73 OTROS PROCEDIMIENTOS PARA INDUCCION O ASISTENCIA AL PARTO,13. (72 75) PROCEDIMIENTOS OBSTETRICOS,13. (72 75) PROCEDIMIENTOS OBSTETRICOS
73.2,VERSION INTERNA Y COMBINADA Y EXTRACCION PARTO,73 OTROS PROCEDIMIENTOS PARA INDUCCION O ASISTENCIA AL PARTO,13. (72 75) PROCEDIMIENTOS OBSTETRICOS,13. (72 75) PROCEDIMIENTOS OBSTETRICOS
73.21,VERSION INTERNA Y COMBINADA SIN EXTRACCION PARTO,73 OTROS PROCEDIMIENTOS PARA INDUCCION O ASISTENCIA AL PARTO,13. (72 75) PROCEDIMIENTOS OBSTETRICOS,13. (72 75) PROCEDIMIENTOS OBSTETRICOS
73.22,VERSION INTERNA Y COMBINADA CON EXTRACCION PARTO,73 OTROS PROCEDIMIENTOS PARA INDUCCION O ASISTENCIA AL PARTO,13. (72 75) PROCEDIMIENTOS OBSTETRICOS,13. (72 75) PROCEDIMIENTOS OBSTETRICOS
73.3,FORCEPS FALLIDO,73 OTROS PROCEDIMIENTOS PARA INDUCCION O ASISTENCIA AL PARTO,13. (72 75) PROCEDIMIENTOS OBSTETRICOS,13. (72 75) PROCEDIMIENTOS OBSTETRICOS
73.4,INDUCCION MEDICA PARTO,73 OTROS PROCEDIMIENTOS PARA INDUCCION O ASISTENCIA AL PARTO,13. (72 75) PROCEDIMIENTOS OBSTETRICOS,13. (72 75) PROCEDIMIENTOS OBSTETRICOS
73.5,PARTO ASISTIDO MANUALMENTE,73 OTROS PROCEDIMIENTOS PARA INDUCCION O ASISTENCIA AL PARTO,13. (72 75) PROCEDIMIENTOS OBSTETRICOS,13. (72 75) PROCEDIMIENTOS OBSTETRICOS
73.51,PARTO ASISTIDO MANUALMENTE CON ROTACION CABEZA FETO,73 OTROS PROCEDIMIENTOS PARA INDUCCION O ASISTENCIA AL PARTO,13. (72 75) PROCEDIMIENTOS OBSTETRICOS,13. (72 75) PROCEDIMIENTOS OBSTETRICOS
73.59,PARTO ASISTIDO MANUALMENTE.OTRO,73 OTROS PROCEDIMIENTOS PARA INDUCCION O ASISTENCIA AL PARTO,13. (72 75) PROCEDIMIENTOS OBSTETRICOS,13. (72 75) PROCEDIMIENTOS OBSTETRICOS
73.6,EPISIOTOMIA,73 OTROS PROCEDIMIENTOS PARA INDUCCION O ASISTENCIA AL PARTO,13. (72 75) PROCEDIMIENTOS OBSTETRICOS,13. (72 75) PROCEDIMIENTOS OBSTETRICOS
73.8,OPERACION FETO PARA FACILITAR PARTO,73 OTROS PROCEDIMIENTOS PARA INDUCCION O ASISTENCIA AL PARTO,13. (72 75) PROCEDIMIENTOS OBSTETRICOS,13. (72 75) PROCEDIMIENTOS OBSTETRICOS
73.9,OPERACION ASISTENCIA PARTO,73 OTROS PROCEDIMIENTOS PARA INDUCCION O ASISTENCIA AL PARTO,13. (72 75) PROCEDIMIENTOS OBSTETRICOS,13. (72 75) PROCEDIMIENTOS OBSTETRICOS
73.91,VERSION EXTERNA PARTO,73 OTROS PROCEDIMIENTOS PARA INDUCCION O ASISTENCIA AL PARTO,13. (72 75) PROCEDIMIENTOS OBSTETRICOS,13. (72 75) PROCEDIMIENTOS OBSTETRICOS
73.92,REPOSICION CORDON UMBILICAL PROLAPSADO PARTO,73 OTROS PROCEDIMIENTOS PARA INDUCCION O ASISTENCIA AL PARTO,13. (72 75) PROCEDIMIENTOS OBSTETRICOS,13. (72 75) PROCEDIMIENTOS OBSTETRICOS
73.93,INCISION CERVIX ASISTENCIA PARTO,73 OTROS PROCEDIMIENTOS PARA INDUCCION O ASISTENCIA AL PARTO,13. (72 75) PROCEDIMIENTOS OBSTETRICOS,13. (72 75) PROCEDIMIENTOS OBSTETRICOS
73.94,PUBIOTOMIA ASISTENCIA PARTO,73 OTROS PROCEDIMIENTOS PARA INDUCCION O ASISTENCIA AL PARTO,13. (72 75) PROCEDIMIENTOS OBSTETRICOS,13. (72 75) PROCEDIMIENTOS OBSTETRICOS
73.99,OPERACION ASISTENCIA PARTO.OTRA,73 OTROS PROCEDIMIENTOS PARA INDUCCION O ASISTENCIA AL PARTO,13. (72 75) PROCEDIMIENTOS OBSTETRICOS,13. (72 75) PROCEDIMIENTOS OBSTETRICOS
74,CESAREA Y EXTRACCION FETO,74 CESAREA Y EXTRACCION DE FETO,13. (72 75) PROCEDIMIENTOS OBSTETRICOS,13. (72 75) PROCEDIMIENTOS OBSTETRICOS
74.0,CESAREA CLASICA,74 CESAREA Y EXTRACCION DE FETO,13. (72 75) PROCEDIMIENTOS OBSTETRICOS,13. (72 75) PROCEDIMIENTOS OBSTETRICOS
74.1,CESAREA CERVICAL BAJA,74 CESAREA Y EXTRACCION DE FETO,13. (72 75) PROCEDIMIENTOS OBSTETRICOS,13. (72 75) PROCEDIMIENTOS OBSTETRICOS
74.2,CESAREA EXTRAPERITONEAL,74 CESAREA Y EXTRACCION DE FETO,13. (72 75) PROCEDIMIENTOS OBSTETRICOS,13. (72 75) PROCEDIMIENTOS OBSTETRICOS
74.3,EXTRACCION EMBRION INTRAPERITONEAL,74 CESAREA Y EXTRACCION DE FETO,13. (72 75) PROCEDIMIENTOS OBSTETRICOS,13. (72 75) PROCEDIMIENTOS OBSTETRICOS
74.4,CESAREA OTRA,74 CESAREA Y EXTRACCION DE FETO,13. (72 75) PROCEDIMIENTOS OBSTETRICOS,13. (72 75) PROCEDIMIENTOS OBSTETRICOS
74.9,CESAREA NEOM,74 CESAREA Y EXTRACCION DE FETO,13. (72 75) PROCEDIMIENTOS OBSTETRICOS,13. (72 75) PROCEDIMIENTOS OBSTETRICOS
74.91,HISTEROTOMIA PARA TERMINAR EMBARAZO,74 CESAREA Y EXTRACCION DE FETO,13. (72 75) PROCEDIMIENTOS OBSTETRICOS,13. (72 75) PROCEDIMIENTOS OBSTETRICOS
74.99,CESAREA.NEOM,74 CESAREA Y EXTRACCION DE FETO,13. (72 75) PROCEDIMIENTOS OBSTETRICOS,13. (72 75) PROCEDIMIENTOS OBSTETRICOS
75,OPERACION OBSTETRICA OTRA,75 OTRAS OPERACIONES OBSTETRICAS,13. (72 75) PROCEDIMIENTOS OBSTETRICOS,13. (72 75) PROCEDIMIENTOS OBSTETRICOS
75.0,INYECCION INTRAAMNIOTICA PARA INDUCCION ABORTO,75 OTRAS OPERACIONES OBSTETRICAS,13. (72 75) PROCEDIMIENTOS OBSTETRICOS,13. (72 75) PROCEDIMIENTOS OBSTETRICOS
75.1,AMNIOCENTESIS DIAGNOSTICA,75 OTRAS OPERACIONES OBSTETRICAS,13. (72 75) PROCEDIMIENTOS OBSTETRICOS,13. (72 75) PROCEDIMIENTOS OBSTETRICOS
75.2,TRANSFUSION INTRAUTERINA,75 OTRAS OPERACIONES OBSTETRICAS,13. (72 75) PROCEDIMIENTOS OBSTETRICOS,13. (72 75) PROCEDIMIENTOS OBSTETRICOS
75.3,OPERACION INTRAUTERINA FETO Y AMNIOS,75 OTRAS OPERACIONES OBSTETRICAS,13. (72 75) PROCEDIMIENTOS OBSTETRICOS,13. (72 75) PROCEDIMIENTOS OBSTETRICOS
75.31,AMNIOSCOPIA,75 OTRAS OPERACIONES OBSTETRICAS,13. (72 75) PROCEDIMIENTOS OBSTETRICOS,13. (72 75) PROCEDIMIENTOS OBSTETRICOS
75.32,ELECTROCARDIOGRAFIA FETO,75 OTRAS OPERACIONES OBSTETRICAS,13. (72 75) PROCEDIMIENTOS OBSTETRICOS,13. (72 75) PROCEDIMIENTOS OBSTETRICOS
75.33,EXTRACCION SANGRE FETO Y BIOPSIA,75 OTRAS OPERACIONES OBSTETRICAS,13. (72 75) PROCEDIMIENTOS OBSTETRICOS,13. (72 75) PROCEDIMIENTOS OBSTETRICOS
75.34,MONITORIZACION FETO OTRA,75 OTRAS OPERACIONES OBSTETRICAS,13. (72 75) PROCEDIMIENTOS OBSTETRICOS,13. (72 75) PROCEDIMIENTOS OBSTETRICOS
75.35,PROCEDIMIENTO DIAGNOSTICO FETO Y AMNIOS OTRO,75 OTRAS OPERACIONES OBSTETRICAS,13. (72 75) PROCEDIMIENTOS OBSTETRICOS,13. (72 75) PROCEDIMIENTOS OBSTETRICOS
75.36,CORRECCION DEFECTO FETO,75 OTRAS OPERACIONES OBSTETRICAS,13. (72 75) PROCEDIMIENTOS OBSTETRICOS,13. (72 75) PROCEDIMIENTOS OBSTETRICOS
75.37,AMNIOINFUSION,75 OTRAS OPERACIONES OBSTETRICAS,13. (72 75) PROCEDIMIENTOS OBSTETRICOS,13. (72 75) PROCEDIMIENTOS OBSTETRICOS
75.38,PULSIOXIMETRIA FETO,75 OTRAS OPERACIONES OBSTETRICAS,13. (72 75) PROCEDIMIENTOS OBSTETRICOS,13. (72 75) PROCEDIMIENTOS OBSTETRICOS
75.4,EXTRACCION PLACENTA RETENIDA MANUAL,75 OTRAS OPERACIONES OBSTETRICAS,13. (72 75) PROCEDIMIENTOS OBSTETRICOS,13. (72 75) PROCEDIMIENTOS OBSTETRICOS
75.5,REPARACION DESGARRO OBSTETRICO ACTUAL UTERO,75 OTRAS OPERACIONES OBSTETRICAS,13. (72 75) PROCEDIMIENTOS OBSTETRICOS,13. (72 75) PROCEDIMIENTOS OBSTETRICOS
75.50,REPARACION DESGARRO OBSTETRICO ACTUAL UTERO.NEOM,75 OTRAS OPERACIONES OBSTETRICAS,13. (72 75) PROCEDIMIENTOS OBSTETRICOS,13. (72 75) PROCEDIMIENTOS OBSTETRICOS
75.51,REPARACION DESGARRO OBSTETRICO ACTUAL CERVIX,75 OTRAS OPERACIONES OBSTETRICAS,13. (72 75) PROCEDIMIENTOS OBSTETRICOS,13. (72 75) PROCEDIMIENTOS OBSTETRICOS
75.52,REPARACION DESGARRO OBSTETRICO ACTUAL CUERPO UTERO,75 OTRAS OPERACIONES OBSTETRICAS,13. (72 75) PROCEDIMIENTOS OBSTETRICOS,13. (72 75) PROCEDIMIENTOS OBSTETRICOS
75.6,REPARACION DESGARRO OBSTETRICO ACTUAL OTRO,75 OTRAS OPERACIONES OBSTETRICAS,13. (72 75) PROCEDIMIENTOS OBSTETRICOS,13. (72 75) PROCEDIMIENTOS OBSTETRICOS
75.61,REPARACION DESGARRO OBSTETRICO ACTUAL VEJIGA Y URETRA,75 OTRAS OPERACIONES OBSTETRICAS,13. (72 75) PROCEDIMIENTOS OBSTETRICOS,13. (72 75) PROCEDIMIENTOS OBSTETRICOS
75.62,REPARACION DESGARRO OBSTETRICO ACTUAL RECTO Y ESFINTER ANO,75 OTRAS OPERACIONES OBSTETRICAS,13. (72 75) PROCEDIMIENTOS OBSTETRICOS,13. (72 75) PROCEDIMIENTOS OBSTETRICOS
75.69,REPARACION DESGARRO OBSTETRICO ACTUAL OTRO.OTRO,75 OTRAS OPERACIONES OBSTETRICAS,13. (72 75) PROCEDIMIENTOS OBSTETRICOS,13. (72 75) PROCEDIMIENTOS OBSTETRICOS
75.7,EXPLORACION CAVIDAD UTERO MANUAL TRAS PARTO,75 OTRAS OPERACIONES OBSTETRICAS,13. (72 75) PROCEDIMIENTOS OBSTETRICOS,13. (72 75) PROCEDIMIENTOS OBSTETRICOS
75.8,TAPONAMIENTO OBSTETRICO UTERO Y VAGINA,75 OTRAS OPERACIONES OBSTETRICAS,13. (72 75) PROCEDIMIENTOS OBSTETRICOS,13. (72 75) PROCEDIMIENTOS OBSTETRICOS
75.9,OPERACION OBSTETRICA OTRA,75 OTRAS OPERACIONES OBSTETRICAS,13. (72 75) PROCEDIMIENTOS OBSTETRICOS,13. (72 75) PROCEDIMIENTOS OBSTETRICOS
75.91,EVACUACION HEMATOMA POR INCISION OBSTETRICA PERINEO,75 OTRAS OPERACIONES OBSTETRICAS,13. (72 75) PROCEDIMIENTOS OBSTETRICOS,13. (72 75) PROCEDIMIENTOS OBSTETRICOS
75.92,EVACUACION OTRO HEMATOMA VULVA Y VAGINA,75 OTRAS OPERACIONES OBSTETRICAS,13. (72 75) PROCEDIMIENTOS OBSTETRICOS,13. (72 75) PROCEDIMIENTOS OBSTETRICOS
75.93,REPARACION QUIRURGICA UTERO INVERTIDO,75 OTRAS OPERACIONES OBSTETRICAS,13. (72 75) PROCEDIMIENTOS OBSTETRICOS,13. (72 75) PROCEDIMIENTOS OBSTETRICOS
75.94,REPOSICION MANUAL UTERO INVERTIDO POSTPARTO,75 OTRAS OPERACIONES OBSTETRICAS,13. (72 75) PROCEDIMIENTOS OBSTETRICOS,13. (72 75) PROCEDIMIENTOS OBSTETRICOS
75.99,OPERACION OBSTETRICA.OTRA,75 OTRAS OPERACIONES OBSTETRICAS,13. (72 75) PROCEDIMIENTOS OBSTETRICOS,13. (72 75) PROCEDIMIENTOS OBSTETRICOS
76,OPERACION HUESO Y ARTICULACION CARA,76 OPERACIONES SOBRE HUESOS Y ARTICULACIONES FACIALES,14. (76 84) OPERACIONES SOBRE EL APARATO MUSCULOESQUELETICO,14. (76 84) OPERACIONES SOBRE EL APARATO MUSCULOESQUELETICO
76.0,INCISION HUESO CARA SIN DIVISION,76 OPERACIONES SOBRE HUESOS Y ARTICULACIONES FACIALES,14. (76 84) OPERACIONES SOBRE EL APARATO MUSCULOESQUELETICO,14. (76 84) OPERACIONES SOBRE EL APARATO MUSCULOESQUELETICO
76.01,SECUESTRECTOMIA HUESO CARA,76 OPERACIONES SOBRE HUESOS Y ARTICULACIONES FACIALES,14. (76 84) OPERACIONES SOBRE EL APARATO MUSCULOESQUELETICO,14. (76 84) OPERACIONES SOBRE EL APARATO MUSCULOESQUELETICO
76.09,INCISION HUESO CARA.OTRA,76 OPERACIONES SOBRE HUESOS Y ARTICULACIONES FACIALES,14. (76 84) OPERACIONES SOBRE EL APARATO MUSCULOESQUELETICO,14. (76 84) OPERACIONES SOBRE EL APARATO MUSCULOESQUELETICO
76.1,PROCEDIMIENTO DIAGNOSTICO HUESO Y ARTICULACION CARA,76 OPERACIONES SOBRE HUESOS Y ARTICULACIONES FACIALES,14. (76 84) OPERACIONES SOBRE EL APARATO MUSCULOESQUELETICO,14. (76 84) OPERACIONES SOBRE EL APARATO MUSCULOESQUELETICO
76.11,BIOPSIA HUESO CARA,76 OPERACIONES SOBRE HUESOS Y ARTICULACIONES FACIALES,14. (76 84) OPERACIONES SOBRE EL APARATO MUSCULOESQUELETICO,14. (76 84) OPERACIONES SOBRE EL APARATO MUSCULOESQUELETICO
76.19,PROCEDIMIENTO DIAGNOSTICO HUESO Y ARTICULACION CARA.OTRO,76 OPERACIONES SOBRE HUESOS Y ARTICULACIONES FACIALES,14. (76 84) OPERACIONES SOBRE EL APARATO MUSCULOESQUELETICO,14. (76 84) OPERACIONES SOBRE EL APARATO MUSCULOESQUELETICO
76.2,ESCISION HUESO CARA LOCAL,76 OPERACIONES SOBRE HUESOS Y ARTICULACIONES FACIALES,14. (76 84) OPERACIONES SOBRE EL APARATO MUSCULOESQUELETICO,14. (76 84) OPERACIONES SOBRE EL APARATO MUSCULOESQUELETICO
76.3,OSTECTOMIA HUESO CARA PARCIAL,76 OPERACIONES SOBRE HUESOS Y ARTICULACIONES FACIALES,14. (76 84) OPERACIONES SOBRE EL APARATO MUSCULOESQUELETICO,14. (76 84) OPERACIONES SOBRE EL APARATO MUSCULOESQUELETICO
76.31,MANDIBULECTOMIA PARCIAL,76 OPERACIONES SOBRE HUESOS Y ARTICULACIONES FACIALES,14. (76 84) OPERACIONES SOBRE EL APARATO MUSCULOESQUELETICO,14. (76 84) OPERACIONES SOBRE EL APARATO MUSCULOESQUELETICO
76.39,OSTECTOMIA HUESO CARA PARCIAL.OTRA,76 OPERACIONES SOBRE HUESOS Y ARTICULACIONES FACIALES,14. (76 84) OPERACIONES SOBRE EL APARATO MUSCULOESQUELETICO,14. (76 84) OPERACIONES SOBRE EL APARATO MUSCULOESQUELETICO
76.4,RECONSTRUCCION HUESO CARA,76 OPERACIONES SOBRE HUESOS Y ARTICULACIONES FACIALES,14. (76 84) OPERACIONES SOBRE EL APARATO MUSCULOESQUELETICO,14. (76 84) OPERACIONES SOBRE EL APARATO MUSCULOESQUELETICO
76.41,MANDIBULECTOMIA Y RECONSTRUCCION SIMULTANEA,76 OPERACIONES SOBRE HUESOS Y ARTICULACIONES FACIALES,14. (76 84) OPERACIONES SOBRE EL APARATO MUSCULOESQUELETICO,14. (76 84) OPERACIONES SOBRE EL APARATO MUSCULOESQUELETICO
76.42,MANDIBULECTOMIA TOTAL OTRA,76 OPERACIONES SOBRE HUESOS Y ARTICULACIONES FACIALES,14. (76 84) OPERACIONES SOBRE EL APARATO MUSCULOESQUELETICO,14. (76 84) OPERACIONES SOBRE EL APARATO MUSCULOESQUELETICO
76.43,RECONSTRUCCION MANDIBULA OTRA,76 OPERACIONES SOBRE HUESOS Y ARTICULACIONES FACIALES,14. (76 84) OPERACIONES SOBRE EL APARATO MUSCULOESQUELETICO,14. (76 84) OPERACIONES SOBRE EL APARATO MUSCULOESQUELETICO
76.44,OSTECTOMIA HUESO CARA TOTAL CON RECONSTRUCCION OTRA,76 OPERACIONES SOBRE HUESOS Y ARTICULACIONES FACIALES,14. (76 84) OPERACIONES SOBRE EL APARATO MUSCULOESQUELETICO,14. (76 84) OPERACIONES SOBRE EL APARATO MUSCULOESQUELETICO
76.45,OSTECTOMIA HUESO CARA TOTAL OTRA,76 OPERACIONES SOBRE HUESOS Y ARTICULACIONES FACIALES,14. (76 84) OPERACIONES SOBRE EL APARATO MUSCULOESQUELETICO,14. (76 84) OPERACIONES SOBRE EL APARATO MUSCULOESQUELETICO
76.46,RECONSTRUCCION HUESO CARA OTRA,76 OPERACIONES SOBRE HUESOS Y ARTICULACIONES FACIALES,14. (76 84) OPERACIONES SOBRE EL APARATO MUSCULOESQUELETICO,14. (76 84) OPERACIONES SOBRE EL APARATO MUSCULOESQUELETICO
76.5,ARTROPLASTIA TEMPOROMANDIBULAR,76 OPERACIONES SOBRE HUESOS Y ARTICULACIONES FACIALES,14. (76 84) OPERACIONES SOBRE EL APARATO MUSCULOESQUELETICO,14. (76 84) OPERACIONES SOBRE EL APARATO MUSCULOESQUELETICO
76.6,REPARACION HUESO CARA Y CIRUGIA ORTOGNATICA,76 OPERACIONES SOBRE HUESOS Y ARTICULACIONES FACIALES,14. (76 84) OPERACIONES SOBRE EL APARATO MUSCULOESQUELETICO,14. (76 84) OPERACIONES SOBRE EL APARATO MUSCULOESQUELETICO
76.61,OSTEOPLASTIA RAMA MANDIBULAR CERRADA,76 OPERACIONES SOBRE HUESOS Y ARTICULACIONES FACIALES,14. (76 84) OPERACIONES SOBRE EL APARATO MUSCULOESQUELETICO,14. (76 84) OPERACIONES SOBRE EL APARATO MUSCULOESQUELETICO
76.62,OSTEOPLASTIA RAMA MANDIBULAR ABIERTA,76 OPERACIONES SOBRE HUESOS Y ARTICULACIONES FACIALES,14. (76 84) OPERACIONES SOBRE EL APARATO MUSCULOESQUELETICO,14. (76 84) OPERACIONES SOBRE EL APARATO MUSCULOESQUELETICO
76.63,OSTEOPLASTIA CUERPO MANDIBULA,76 OPERACIONES SOBRE HUESOS Y ARTICULACIONES FACIALES,14. (76 84) OPERACIONES SOBRE EL APARATO MUSCULOESQUELETICO,14. (76 84) OPERACIONES SOBRE EL APARATO MUSCULOESQUELETICO
76.64,OSTEOPLASTIA ORTOGNATICA MANDIBULA,76 OPERACIONES SOBRE HUESOS Y ARTICULACIONES FACIALES,14. (76 84) OPERACIONES SOBRE EL APARATO MUSCULOESQUELETICO,14. (76 84) OPERACIONES SOBRE EL APARATO MUSCULOESQUELETICO
76.65,OSTEOPLASTIA MAXILAR SEGMENTARIA,76 OPERACIONES SOBRE HUESOS Y ARTICULACIONES FACIALES,14. (76 84) OPERACIONES SOBRE EL APARATO MUSCULOESQUELETICO,14. (76 84) OPERACIONES SOBRE EL APARATO MUSCULOESQUELETICO
76.66,OSTEOPLASTIA MAXILAR TOTAL,76 OPERACIONES SOBRE HUESOS Y ARTICULACIONES FACIALES,14. (76 84) OPERACIONES SOBRE EL APARATO MUSCULOESQUELETICO,14. (76 84) OPERACIONES SOBRE EL APARATO MUSCULOESQUELETICO
76.67,GENIOPLASTIA REDUCCION,76 OPERACIONES SOBRE HUESOS Y ARTICULACIONES FACIALES,14. (76 84) OPERACIONES SOBRE EL APARATO MUSCULOESQUELETICO,14. (76 84) OPERACIONES SOBRE EL APARATO MUSCULOESQUELETICO
76.68,GENIOPLASTIA AUMENTO,76 OPERACIONES SOBRE HUESOS Y ARTICULACIONES FACIALES,14. (76 84) OPERACIONES SOBRE EL APARATO MUSCULOESQUELETICO,14. (76 84) OPERACIONES SOBRE EL APARATO MUSCULOESQUELETICO
76.69,REPARACION HUESO CARA.OTRA,76 OPERACIONES SOBRE HUESOS Y ARTICULACIONES FACIALES,14. (76 84) OPERACIONES SOBRE EL APARATO MUSCULOESQUELETICO,14. (76 84) OPERACIONES SOBRE EL APARATO MUSCULOESQUELETICO
76.7,REDUCCION FRACTURA CARA,76 OPERACIONES SOBRE HUESOS Y ARTICULACIONES FACIALES,14. (76 84) OPERACIONES SOBRE EL APARATO MUSCULOESQUELETICO,14. (76 84) OPERACIONES SOBRE EL APARATO MUSCULOESQUELETICO
76.70,REDUCCION FRACTURA CARA.NEOM,76 OPERACIONES SOBRE HUESOS Y ARTICULACIONES FACIALES,14. (76 84) OPERACIONES SOBRE EL APARATO MUSCULOESQUELETICO,14. (76 84) OPERACIONES SOBRE EL APARATO MUSCULOESQUELETICO
76.71,REDUCCION CERRADA FRACTURA MALAR,76 OPERACIONES SOBRE HUESOS Y ARTICULACIONES FACIALES,14. (76 84) OPERACIONES SOBRE EL APARATO MUSCULOESQUELETICO,14. (76 84) OPERACIONES SOBRE EL APARATO MUSCULOESQUELETICO
76.72,REDUCCION ABIERTA FRACTURA MALAR,76 OPERACIONES SOBRE HUESOS Y ARTICULACIONES FACIALES,14. (76 84) OPERACIONES SOBRE EL APARATO MUSCULOESQUELETICO,14. (76 84) OPERACIONES SOBRE EL APARATO MUSCULOESQUELETICO
76.73,REDUCCION CERRADA FRACTURA MAXILAR,76 OPERACIONES SOBRE HUESOS Y ARTICULACIONES FACIALES,14. (76 84) OPERACIONES SOBRE EL APARATO MUSCULOESQUELETICO,14. (76 84) OPERACIONES SOBRE EL APARATO MUSCULOESQUELETICO
76.74,REDUCCION ABIERTA FRACTURA MAXILAR,76 OPERACIONES SOBRE HUESOS Y ARTICULACIONES FACIALES,14. (76 84) OPERACIONES SOBRE EL APARATO MUSCULOESQUELETICO,14. (76 84) OPERACIONES SOBRE EL APARATO MUSCULOESQUELETICO
76.75,REDUCCION CERRADA FRACTURA MANDIBULA,76 OPERACIONES SOBRE HUESOS Y ARTICULACIONES FACIALES,14. (76 84) OPERACIONES SOBRE EL APARATO MUSCULOESQUELETICO,14. (76 84) OPERACIONES SOBRE EL APARATO MUSCULOESQUELETICO
76.76,REDUCCION ABIERTA FRACTURA MANDIBULA,76 OPERACIONES SOBRE HUESOS Y ARTICULACIONES FACIALES,14. (76 84) OPERACIONES SOBRE EL APARATO MUSCULOESQUELETICO,14. (76 84) OPERACIONES SOBRE EL APARATO MUSCULOESQUELETICO
76.77,REDUCCION ABIERTA FRACTURA ALVEOLO,76 OPERACIONES SOBRE HUESOS Y ARTICULACIONES FACIALES,14. (76 84) OPERACIONES SOBRE EL APARATO MUSCULOESQUELETICO,14. (76 84) OPERACIONES SOBRE EL APARATO MUSCULOESQUELETICO
76.78,REDUCCION CERRADA FRACTURA CARA OTRA,76 OPERACIONES SOBRE HUESOS Y ARTICULACIONES FACIALES,14. (76 84) OPERACIONES SOBRE EL APARATO MUSCULOESQUELETICO,14. (76 84) OPERACIONES SOBRE EL APARATO MUSCULOESQUELETICO
76.79,REDUCCION ABIERTA FRACTURA CARA OTRA,76 OPERACIONES SOBRE HUESOS Y ARTICULACIONES FACIALES,14. (76 84) OPERACIONES SOBRE EL APARATO MUSCULOESQUELETICO,14. (76 84) OPERACIONES SOBRE EL APARATO MUSCULOESQUELETICO
76.9,OPERACION HUESO Y ARTICULACION CARA OTRA,76 OPERACIONES SOBRE HUESOS Y ARTICULACIONES FACIALES,14. (76 84) OPERACIONES SOBRE EL APARATO MUSCULOESQUELETICO,14. (76 84) OPERACIONES SOBRE EL APARATO MUSCULOESQUELETICO
76.91,INJERTO OSEO HUESO CARA,76 OPERACIONES SOBRE HUESOS Y ARTICULACIONES FACIALES,14. (76 84) OPERACIONES SOBRE EL APARATO MUSCULOESQUELETICO,14. (76 84) OPERACIONES SOBRE EL APARATO MUSCULOESQUELETICO
76.92,IMPLANTACION HUESO CARA SINTETICO,76 OPERACIONES SOBRE HUESOS Y ARTICULACIONES FACIALES,14. (76 84) OPERACIONES SOBRE EL APARATO MUSCULOESQUELETICO,14. (76 84) OPERACIONES SOBRE EL APARATO MUSCULOESQUELETICO
76.93,REDUCCION CERRADA LUXACION TEMPOROMANDIBULAR,76 OPERACIONES SOBRE HUESOS Y ARTICULACIONES FACIALES,14. (76 84) OPERACIONES SOBRE EL APARATO MUSCULOESQUELETICO,14. (76 84) OPERACIONES SOBRE EL APARATO MUSCULOESQUELETICO
76.94,REDUCCION ABIERTA LUXACION TEMPOROMANDIBULAR,76 OPERACIONES SOBRE HUESOS Y ARTICULACIONES FACIALES,14. (76 84) OPERACIONES SOBRE EL APARATO MUSCULOESQUELETICO,14. (76 84) OPERACIONES SOBRE EL APARATO MUSCULOESQUELETICO
76.95,MANIPULACION ARTICULACION TEMPOROMANDIBULAR OTRA,76 OPERACIONES SOBRE HUESOS Y ARTICULACIONES FACIALES,14. (76 84) OPERACIONES SOBRE EL APARATO MUSCULOESQUELETICO,14. (76 84) OPERACIONES SOBRE EL APARATO MUSCULOESQUELETICO
76.96,INYECCION SUSTANCIA TERAPEUTICA TEMPOROMANDIBULAR,76 OPERACIONES SOBRE HUESOS Y ARTICULACIONES FACIALES,14. (76 84) OPERACIONES SOBRE EL APARATO MUSCULOESQUELETICO,14. (76 84) OPERACIONES SOBRE EL APARATO MUSCULOESQUELETICO
76.97,EXTRACCION DISPOSITIVO FIJACION INTERNA HUESO CARA,76 OPERACIONES SOBRE HUESOS Y ARTICULACIONES FACIALES,14. (76 84) OPERACIONES SOBRE EL APARATO MUSCULOESQUELETICO,14. (76 84) OPERACIONES SOBRE EL APARATO MUSCULOESQUELETICO
76.99,OPERACION HUESO Y ARTICULACION CARA.OTRA,76 OPERACIONES SOBRE HUESOS Y ARTICULACIONES FACIALES,14. (76 84) OPERACIONES SOBRE EL APARATO MUSCULOESQUELETICO,14. (76 84) OPERACIONES SOBRE EL APARATO MUSCULOESQUELETICO
77,ESCISION HUESO OTRO,"77 INCISION,EXCISION Y DIVISION DE OTROS HUESOS",14. (76 84) OPERACIONES SOBRE EL APARATO MUSCULOESQUELETICO,14. (76 84) OPERACIONES SOBRE EL APARATO MUSCULOESQUELETICO
77.0,SECUESTRECTOMIA,"77 INCISION,EXCISION Y DIVISION DE OTROS HUESOS",14. (76 84) OPERACIONES SOBRE EL APARATO MUSCULOESQUELETICO,14. (76 84) OPERACIONES SOBRE EL APARATO MUSCULOESQUELETICO
77.00,SECUESTRECTOMIA.NEOM,"77 INCISION,EXCISION Y DIVISION DE OTROS HUESOS",14. (76 84) OPERACIONES SOBRE EL APARATO MUSCULOESQUELETICO,14. (76 84) OPERACIONES SOBRE EL APARATO MUSCULOESQUELETICO
77.01,"SECUESTRECTOMIA.ESCAPULA,CLAVICULA Y TORAX","77 INCISION,EXCISION Y DIVISION DE OTROS HUESOS",14. (76 84) OPERACIONES SOBRE EL APARATO MUSCULOESQUELETICO,14. (76 84) OPERACIONES SOBRE EL APARATO MUSCULOESQUELETICO
77.02,SECUESTRECTOMIA.HUMERO,"77 INCISION,EXCISION Y DIVISION DE OTROS HUESOS",14. (76 84) OPERACIONES SOBRE EL APARATO MUSCULOESQUELETICO,14. (76 84) OPERACIONES SOBRE EL APARATO MUSCULOESQUELETICO
77.03,SECUESTRECTOMIA.RADIO Y CUBITO,"77 INCISION,EXCISION Y DIVISION DE OTROS HUESOS",14. (76 84) OPERACIONES SOBRE EL APARATO MUSCULOESQUELETICO,14. (76 84) OPERACIONES SOBRE EL APARATO MUSCULOESQUELETICO
77.04,SECUESTRECTOMIA.CARPO Y METACARPO,"77 INCISION,EXCISION Y DIVISION DE OTROS HUESOS",14. (76 84) OPERACIONES SOBRE EL APARATO MUSCULOESQUELETICO,14. (76 84) OPERACIONES SOBRE EL APARATO MUSCULOESQUELETICO
77.05,SECUESTRECTOMIA.FEMUR,"77 INCISION,EXCISION Y DIVISION DE OTROS HUESOS",14. (76 84) OPERACIONES SOBRE EL APARATO MUSCULOESQUELETICO,14. (76 84) OPERACIONES SOBRE EL APARATO MUSCULOESQUELETICO
77.06,SECUESTRECTOMIA.ROTULA,"77 INCISION,EXCISION Y DIVISION DE OTROS HUESOS",14. (76 84) OPERACIONES SOBRE EL APARATO MUSCULOESQUELETICO,14. (76 84) OPERACIONES SOBRE EL APARATO MUSCULOESQUELETICO
77.07,SECUESTRECTOMIA.TIBIA Y PERONE,"77 INCISION,EXCISION Y DIVISION DE OTROS HUESOS",14. (76 84) OPERACIONES SOBRE EL APARATO MUSCULOESQUELETICO,14. (76 84) OPERACIONES SOBRE EL APARATO MUSCULOESQUELETICO
77.08,SECUESTRECTOMIA.TARSO Y METATARSO,"77 INCISION,EXCISION Y DIVISION DE OTROS HUESOS",14. (76 84) OPERACIONES SOBRE EL APARATO MUSCULOESQUELETICO,14. (76 84) OPERACIONES SOBRE EL APARATO MUSCULOESQUELETICO
77.09,SECUESTRECTOMIA.OTRA,"77 INCISION,EXCISION Y DIVISION DE OTROS HUESOS",14. (76 84) OPERACIONES SOBRE EL APARATO MUSCULOESQUELETICO,14. (76 84) OPERACIONES SOBRE EL APARATO MUSCULOESQUELETICO
77.1,INCISION HUESO SIN DIVISION,"77 INCISION,EXCISION Y DIVISION DE OTROS HUESOS",14. (76 84) OPERACIONES SOBRE EL APARATO MUSCULOESQUELETICO,14. (76 84) OPERACIONES SOBRE EL APARATO MUSCULOESQUELETICO
77.10,INCISION HUESO SIN DIVISION.NEOM,"77 INCISION,EXCISION Y DIVISION DE OTROS HUESOS",14. (76 84) OPERACIONES SOBRE EL APARATO MUSCULOESQUELETICO,14. (76 84) OPERACIONES SOBRE EL APARATO MUSCULOESQUELETICO
77.11,"INCISION HUESO SIN DIVISION.ESCAPULA,CLAVICULA Y TORAX","77 INCISION,EXCISION Y DIVISION DE OTROS HUESOS",14. (76 84) OPERACIONES SOBRE EL APARATO MUSCULOESQUELETICO,14. (76 84) OPERACIONES SOBRE EL APARATO MUSCULOESQUELETICO
77.12,INCISION HUESO SIN DIVISION.HUMERO,"77 INCISION,EXCISION Y DIVISION DE OTROS HUESOS",14. (76 84) OPERACIONES SOBRE EL APARATO MUSCULOESQUELETICO,14. (76 84) OPERACIONES SOBRE EL APARATO MUSCULOESQUELETICO
77.13,INCISION HUESO SIN DIVISION.RADIO Y CUBITO,"77 INCISION,EXCISION Y DIVISION DE OTROS HUESOS",14. (76 84) OPERACIONES SOBRE EL APARATO MUSCULOESQUELETICO,14. (76 84) OPERACIONES SOBRE EL APARATO MUSCULOESQUELETICO
77.14,INCISION HUESO SIN DIVISION.CARPO Y METACARPO,"77 INCISION,EXCISION Y DIVISION DE OTROS HUESOS",14. (76 84) OPERACIONES SOBRE EL APARATO MUSCULOESQUELETICO,14. (76 84) OPERACIONES SOBRE EL APARATO MUSCULOESQUELETICO
77.15,INCISION HUESO SIN DIVISION.FEMUR,"77 INCISION,EXCISION Y DIVISION DE OTROS HUESOS",14. (76 84) OPERACIONES SOBRE EL APARATO MUSCULOESQUELETICO,14. (76 84) OPERACIONES SOBRE EL APARATO MUSCULOESQUELETICO
77.16,INCISION HUESO SIN DIVISION.ROTULA,"77 INCISION,EXCISION Y DIVISION DE OTROS HUESOS",14. (76 84) OPERACIONES SOBRE EL APARATO MUSCULOESQUELETICO,14. (76 84) OPERACIONES SOBRE EL APARATO MUSCULOESQUELETICO
77.17,INCISION HUESO SIN DIVISION.TIBIA Y PERONE,"77 INCISION,EXCISION Y DIVISION DE OTROS HUESOS",14. (76 84) OPERACIONES SOBRE EL APARATO MUSCULOESQUELETICO,14. (76 84) OPERACIONES SOBRE EL APARATO MUSCULOESQUELETICO
77.18,INCISION HUESO SIN DIVISION.TARSO Y METATARSO,"77 INCISION,EXCISION Y DIVISION DE OTROS HUESOS",14. (76 84) OPERACIONES SOBRE EL APARATO MUSCULOESQUELETICO,14. (76 84) OPERACIONES SOBRE EL APARATO MUSCULOESQUELETICO
77.19,INCISION HUESO SIN DIVISION.OTRA,"77 INCISION,EXCISION Y DIVISION DE OTROS HUESOS",14. (76 84) OPERACIONES SOBRE EL APARATO MUSCULOESQUELETICO,14. (76 84) OPERACIONES SOBRE EL APARATO MUSCULOESQUELETICO
77.2,OSTEOTOMIA EN CUÑA,"77 INCISION,EXCISION Y DIVISION DE OTROS HUESOS",14. (76 84) OPERACIONES SOBRE EL APARATO MUSCULOESQUELETICO,14. (76 84) OPERACIONES SOBRE EL APARATO MUSCULOESQUELETICO
77.20,OSTEOTOMIA EN CUÑA.NEOM,"77 INCISION,EXCISION Y DIVISION DE OTROS HUESOS",14. (76 84) OPERACIONES SOBRE EL APARATO MUSCULOESQUELETICO,14. (76 84) OPERACIONES SOBRE EL APARATO MUSCULOESQUELETICO
77.21,"OSTEOTOMIA EN CUÑA.ESCAPULA,CLAVICULA Y TORAX","77 INCISION,EXCISION Y DIVISION DE OTROS HUESOS",14. (76 84) OPERACIONES SOBRE EL APARATO MUSCULOESQUELETICO,14. (76 84) OPERACIONES SOBRE EL APARATO MUSCULOESQUELETICO
77.22,OSTEOTOMIA EN CUÑA.HUMERO,"77 INCISION,EXCISION Y DIVISION DE OTROS HUESOS",14. (76 84) OPERACIONES SOBRE EL APARATO MUSCULOESQUELETICO,14. (76 84) OPERACIONES SOBRE EL APARATO MUSCULOESQUELETICO
77.23,OSTEOTOMIA EN CUÑA.RADIO Y CUBITO,"77 INCISION,EXCISION Y DIVISION DE OTROS HUESOS",14. (76 84) OPERACIONES SOBRE EL APARATO MUSCULOESQUELETICO,14. (76 84) OPERACIONES SOBRE EL APARATO MUSCULOESQUELETICO
77.24,OSTEOTOMIA EN CUÑA.CARPO Y METACARPO,"77 INCISION,EXCISION Y DIVISION DE OTROS HUESOS",14. (76 84) OPERACIONES SOBRE EL APARATO MUSCULOESQUELETICO,14. (76 84) OPERACIONES SOBRE EL APARATO MUSCULOESQUELETICO
77.25,OSTEOTOMIA EN CUÑA.FEMUR,"77 INCISION,EXCISION Y DIVISION DE OTROS HUESOS",14. (76 84) OPERACIONES SOBRE EL APARATO MUSCULOESQUELETICO,14. (76 84) OPERACIONES SOBRE EL APARATO MUSCULOESQUELETICO
77.26,OSTEOTOMIA EN CUÑA.ROTULA,"77 INCISION,EXCISION Y DIVISION DE OTROS HUESOS",14. (76 84) OPERACIONES SOBRE EL APARATO MUSCULOESQUELETICO,14. (76 84) OPERACIONES SOBRE EL APARATO MUSCULOESQUELETICO
77.27,OSTEOTOMIA EN CUÑA.TIBIA Y PERONE,"77 INCISION,EXCISION Y DIVISION DE OTROS HUESOS",14. (76 84) OPERACIONES SOBRE EL APARATO MUSCULOESQUELETICO,14. (76 84) OPERACIONES SOBRE EL APARATO MUSCULOESQUELETICO
77.28,OSTEOTOMIA EN CUÑA.TARSO Y METATARSO,"77 INCISION,EXCISION Y DIVISION DE OTROS HUESOS",14. (76 84) OPERACIONES SOBRE EL APARATO MUSCULOESQUELETICO,14. (76 84) OPERACIONES SOBRE EL APARATO MUSCULOESQUELETICO
77.29,OSTEOTOMIA EN CUÑA.OTRA,"77 INCISION,EXCISION Y DIVISION DE OTROS HUESOS",14. (76 84) OPERACIONES SOBRE EL APARATO MUSCULOESQUELETICO,14. (76 84) OPERACIONES SOBRE EL APARATO MUSCULOESQUELETICO
77.3,SECCION HUESO,"77 INCISION,EXCISION Y DIVISION DE OTROS HUESOS",14. (76 84) OPERACIONES SOBRE EL APARATO MUSCULOESQUELETICO,14. (76 84) OPERACIONES SOBRE EL APARATO MUSCULOESQUELETICO
77.30,SECCION HUESO.NEOM,"77 INCISION,EXCISION Y DIVISION DE OTROS HUESOS",14. (76 84) OPERACIONES SOBRE EL APARATO MUSCULOESQUELETICO,14. (76 84) OPERACIONES SOBRE EL APARATO MUSCULOESQUELETICO
77.31,"SECCION HUESO.ESCAPULA,CLAVICULA Y TORAX","77 INCISION,EXCISION Y DIVISION DE OTROS HUESOS",14. (76 84) OPERACIONES SOBRE EL APARATO MUSCULOESQUELETICO,14. (76 84) OPERACIONES SOBRE EL APARATO MUSCULOESQUELETICO
77.32,SECCION HUESO.HUMERO,"77 INCISION,EXCISION Y DIVISION DE OTROS HUESOS",14. (76 84) OPERACIONES SOBRE EL APARATO MUSCULOESQUELETICO,14. (76 84) OPERACIONES SOBRE EL APARATO MUSCULOESQUELETICO
77.33,SECCION HUESO.RADIO Y CUBITO,"77 INCISION,EXCISION Y DIVISION DE OTROS HUESOS",14. (76 84) OPERACIONES SOBRE EL APARATO MUSCULOESQUELETICO,14. (76 84) OPERACIONES SOBRE EL APARATO MUSCULOESQUELETICO
77.34,SECCION HUESO.CARPO Y METACARPO,"77 INCISION,EXCISION Y DIVISION DE OTROS HUESOS",14. (76 84) OPERACIONES SOBRE EL APARATO MUSCULOESQUELETICO,14. (76 84) OPERACIONES SOBRE EL APARATO MUSCULOESQUELETICO
77.35,SECCION HUESO.FEMUR,"77 INCISION,EXCISION Y DIVISION DE OTROS HUESOS",14. (76 84) OPERACIONES SOBRE EL APARATO MUSCULOESQUELETICO,14. (76 84) OPERACIONES SOBRE EL APARATO MUSCULOESQUELETICO
77.36,SECCION HUESO.ROTULA,"77 INCISION,EXCISION Y DIVISION DE OTROS HUESOS",14. (76 84) OPERACIONES SOBRE EL APARATO MUSCULOESQUELETICO,14. (76 84) OPERACIONES SOBRE EL APARATO MUSCULOESQUELETICO
77.37,SECCION HUESO.TIBIA Y PERONE,"77 INCISION,EXCISION Y DIVISION DE OTROS HUESOS",14. (76 84) OPERACIONES SOBRE EL APARATO MUSCULOESQUELETICO,14. (76 84) OPERACIONES SOBRE EL APARATO MUSCULOESQUELETICO
77.38,SECCION HUESO.TARSO Y METATARSO,"77 INCISION,EXCISION Y DIVISION DE OTROS HUESOS",14. (76 84) OPERACIONES SOBRE EL APARATO MUSCULOESQUELETICO,14. (76 84) OPERACIONES SOBRE EL APARATO MUSCULOESQUELETICO
77.39,SECCION HUESO.OTRA,"77 INCISION,EXCISION Y DIVISION DE OTROS HUESOS",14. (76 84) OPERACIONES SOBRE EL APARATO MUSCULOESQUELETICO,14. (76 84) OPERACIONES SOBRE EL APARATO MUSCULOESQUELETICO
77.4,BIOPSIA HUESO,"77 INCISION,EXCISION Y DIVISION DE OTROS HUESOS",14. (76 84) OPERACIONES SOBRE EL APARATO MUSCULOESQUELETICO,14. (76 84) OPERACIONES SOBRE EL APARATO MUSCULOESQUELETICO
77.40,BIOPSIA HUESO.NEOM,"77 INCISION,EXCISION Y DIVISION DE OTROS HUESOS",14. (76 84) OPERACIONES SOBRE EL APARATO MUSCULOESQUELETICO,14. (76 84) OPERACIONES SOBRE EL APARATO MUSCULOESQUELETICO
77.41,"BIOPSIA HUESO.ESCAPULA,CLAVICULA Y TORAX","77 INCISION,EXCISION Y DIVISION DE OTROS HUESOS",14. (76 84) OPERACIONES SOBRE EL APARATO MUSCULOESQUELETICO,14. (76 84) OPERACIONES SOBRE EL APARATO MUSCULOESQUELETICO
77.42,BIOPSIA HUESO.HUMERO,"77 INCISION,EXCISION Y DIVISION DE OTROS HUESOS",14. (76 84) OPERACIONES SOBRE EL APARATO MUSCULOESQUELETICO,14. (76 84) OPERACIONES SOBRE EL APARATO MUSCULOESQUELETICO
77.43,BIOPSIA HUESO.RADIO Y CUBITO,"77 INCISION,EXCISION Y DIVISION DE OTROS HUESOS",14. (76 84) OPERACIONES SOBRE EL APARATO MUSCULOESQUELETICO,14. (76 84) OPERACIONES SOBRE EL APARATO MUSCULOESQUELETICO
77.44,BIOPSIA HUESO.CARPO Y METACARPO,"77 INCISION,EXCISION Y DIVISION DE OTROS HUESOS",14. (76 84) OPERACIONES SOBRE EL APARATO MUSCULOESQUELETICO,14. (76 84) OPERACIONES SOBRE EL APARATO MUSCULOESQUELETICO
77.45,BIOPSIA HUESO.FEMUR,"77 INCISION,EXCISION Y DIVISION DE OTROS HUESOS",14. (76 84) OPERACIONES SOBRE EL APARATO MUSCULOESQUELETICO,14. (76 84) OPERACIONES SOBRE EL APARATO MUSCULOESQUELETICO
77.46,BIOPSIA HUESO.ROTULA,"77 INCISION,EXCISION Y DIVISION DE OTROS HUESOS",14. (76 84) OPERACIONES SOBRE EL APARATO MUSCULOESQUELETICO,14. (76 84) OPERACIONES SOBRE EL APARATO MUSCULOESQUELETICO
77.47,BIOPSIA HUESO.TIBIA Y PERONE,"77 INCISION,EXCISION Y DIVISION DE OTROS HUESOS",14. (76 84) OPERACIONES SOBRE EL APARATO MUSCULOESQUELETICO,14. (76 84) OPERACIONES SOBRE EL APARATO MUSCULOESQUELETICO
77.48,BIOPSIA HUESO.TARSO Y METATARSO,"77 INCISION,EXCISION Y DIVISION DE OTROS HUESOS",14. (76 84) OPERACIONES SOBRE EL APARATO MUSCULOESQUELETICO,14. (76 84) OPERACIONES SOBRE EL APARATO MUSCULOESQUELETICO
77.49,BIOPSIA HUESO.OTRA,"77 INCISION,EXCISION Y DIVISION DE OTROS HUESOS",14. (76 84) OPERACIONES SOBRE EL APARATO MUSCULOESQUELETICO,14. (76 84) OPERACIONES SOBRE EL APARATO MUSCULOESQUELETICO
77.5,ESCISION BURSITIS Y HALLUX VALGUS,"77 INCISION,EXCISION Y DIVISION DE OTROS HUESOS",14. (76 84) OPERACIONES SOBRE EL APARATO MUSCULOESQUELETICO,14. (76 84) OPERACIONES SOBRE EL APARATO MUSCULOESQUELETICO
77.51,BURSECTOMIA PRIMER METATARSIANO CON OSTEOTOMIA,"77 INCISION,EXCISION Y DIVISION DE OTROS HUESOS",14. (76 84) OPERACIONES SOBRE EL APARATO MUSCULOESQUELETICO,14. (76 84) OPERACIONES SOBRE EL APARATO MUSCULOESQUELETICO
77.52,BURSECTOMIA PRIMER METATARSIANO CON ARTRODESIS,"77 INCISION,EXCISION Y DIVISION DE OTROS HUESOS",14. (76 84) OPERACIONES SOBRE EL APARATO MUSCULOESQUELETICO,14. (76 84) OPERACIONES SOBRE EL APARATO MUSCULOESQUELETICO
77.53,BURSECTOMIA PRIMER METATARSIANO CON CORRECCION TEJIDO BLANDO,"77 INCISION,EXCISION Y DIVISION DE OTROS HUESOS",14. (76 84) OPERACIONES SOBRE EL APARATO MUSCULOESQUELETICO,14. (76 84) OPERACIONES SOBRE EL APARATO MUSCULOESQUELETICO
77.54,ESCISION HALLUX VALGUS,"77 INCISION,EXCISION Y DIVISION DE OTROS HUESOS",14. (76 84) OPERACIONES SOBRE EL APARATO MUSCULOESQUELETICO,14. (76 84) OPERACIONES SOBRE EL APARATO MUSCULOESQUELETICO
77.56,REPARACION DEDO PIE EN MARTILLO,"77 INCISION,EXCISION Y DIVISION DE OTROS HUESOS",14. (76 84) OPERACIONES SOBRE EL APARATO MUSCULOESQUELETICO,14. (76 84) OPERACIONES SOBRE EL APARATO MUSCULOESQUELETICO
77.57,REPARACION DEDO PIE EN CLAVA,"77 INCISION,EXCISION Y DIVISION DE OTROS HUESOS",14. (76 84) OPERACIONES SOBRE EL APARATO MUSCULOESQUELETICO,14. (76 84) OPERACIONES SOBRE EL APARATO MUSCULOESQUELETICO
77.58,"ESCISION, FUSION Y REPARACION DEDO PIE OTRA","77 INCISION,EXCISION Y DIVISION DE OTROS HUESOS",14. (76 84) OPERACIONES SOBRE EL APARATO MUSCULOESQUELETICO,14. (76 84) OPERACIONES SOBRE EL APARATO MUSCULOESQUELETICO
77.59,BURSECTOMIA PRIMER METATARSIANO OTRA,"77 INCISION,EXCISION Y DIVISION DE OTROS HUESOS",14. (76 84) OPERACIONES SOBRE EL APARATO MUSCULOESQUELETICO,14. (76 84) OPERACIONES SOBRE EL APARATO MUSCULOESQUELETICO
77.6,ESCISION HUESO LOCAL,"77 INCISION,EXCISION Y DIVISION DE OTROS HUESOS",14. (76 84) OPERACIONES SOBRE EL APARATO MUSCULOESQUELETICO,14. (76 84) OPERACIONES SOBRE EL APARATO MUSCULOESQUELETICO
77.60,ESCISION HUESO LOCAL.NEOM,"77 INCISION,EXCISION Y DIVISION DE OTROS HUESOS",14. (76 84) OPERACIONES SOBRE EL APARATO MUSCULOESQUELETICO,14. (76 84) OPERACIONES SOBRE EL APARATO MUSCULOESQUELETICO
77.61,"ESCISION HUESO LOCAL.ESCAPULA,CLAVICULA Y TORAX","77 INCISION,EXCISION Y DIVISION DE OTROS HUESOS",14. (76 84) OPERACIONES SOBRE EL APARATO MUSCULOESQUELETICO,14. (76 84) OPERACIONES SOBRE EL APARATO MUSCULOESQUELETICO
77.62,ESCISION HUESO LOCAL.HUMERO,"77 INCISION,EXCISION Y DIVISION DE OTROS HUESOS",14. (76 84) OPERACIONES SOBRE EL APARATO MUSCULOESQUELETICO,14. (76 84) OPERACIONES SOBRE EL APARATO MUSCULOESQUELETICO
77.63,ESCISION HUESO LOCAL.RADIO Y CUBITO,"77 INCISION,EXCISION Y DIVISION DE OTROS HUESOS",14. (76 84) OPERACIONES SOBRE EL APARATO MUSCULOESQUELETICO,14. (76 84) OPERACIONES SOBRE EL APARATO MUSCULOESQUELETICO
77.64,ESCISION HUESO LOCAL.CARPO Y METACARPO,"77 INCISION,EXCISION Y DIVISION DE OTROS HUESOS",14. (76 84) OPERACIONES SOBRE EL APARATO MUSCULOESQUELETICO,14. (76 84) OPERACIONES SOBRE EL APARATO MUSCULOESQUELETICO
77.65,ESCISION HUESO LOCAL.FEMUR,"77 INCISION,EXCISION Y DIVISION DE OTROS HUESOS",14. (76 84) OPERACIONES SOBRE EL APARATO MUSCULOESQUELETICO,14. (76 84) OPERACIONES SOBRE EL APARATO MUSCULOESQUELETICO
77.66,ESCISION HUESO LOCAL.ROTULA,"77 INCISION,EXCISION Y DIVISION DE OTROS HUESOS",14. (76 84) OPERACIONES SOBRE EL APARATO MUSCULOESQUELETICO,14. (76 84) OPERACIONES SOBRE EL APARATO MUSCULOESQUELETICO
77.67,ESCISION HUESO LOCAL.TIBIA Y PERONE,"77 INCISION,EXCISION Y DIVISION DE OTROS HUESOS",14. (76 84) OPERACIONES SOBRE EL APARATO MUSCULOESQUELETICO,14. (76 84) OPERACIONES SOBRE EL APARATO MUSCULOESQUELETICO
77.68,ESCISION HUESO LOCAL.TARSO Y METATARSO,"77 INCISION,EXCISION Y DIVISION DE OTROS HUESOS",14. (76 84) OPERACIONES SOBRE EL APARATO MUSCULOESQUELETICO,14. (76 84) OPERACIONES SOBRE EL APARATO MUSCULOESQUELETICO
77.69,ESCISION HUESO LOCAL.OTRA,"77 INCISION,EXCISION Y DIVISION DE OTROS HUESOS",14. (76 84) OPERACIONES SOBRE EL APARATO MUSCULOESQUELETICO,14. (76 84) OPERACIONES SOBRE EL APARATO MUSCULOESQUELETICO
77.7,ESCISION HUESO PARA INJERTO,"77 INCISION,EXCISION Y DIVISION DE OTROS HUESOS",14. (76 84) OPERACIONES SOBRE EL APARATO MUSCULOESQUELETICO,14. (76 84) OPERACIONES SOBRE EL APARATO MUSCULOESQUELETICO
77.70,ESCISION HUESO PARA INJERTO.NEOM,"77 INCISION,EXCISION Y DIVISION DE OTROS HUESOS",14. (76 84) OPERACIONES SOBRE EL APARATO MUSCULOESQUELETICO,14. (76 84) OPERACIONES SOBRE EL APARATO MUSCULOESQUELETICO
77.71,"ESCISION HUESO PARA INJERTO.ESCAPULA,CLAVICULA Y TORAX","77 INCISION,EXCISION Y DIVISION DE OTROS HUESOS",14. (76 84) OPERACIONES SOBRE EL APARATO MUSCULOESQUELETICO,14. (76 84) OPERACIONES SOBRE EL APARATO MUSCULOESQUELETICO
77.72,ESCISION HUESO PARA INJERTO.HUMERO,"77 INCISION,EXCISION Y DIVISION DE OTROS HUESOS",14. (76 84) OPERACIONES SOBRE EL APARATO MUSCULOESQUELETICO,14. (76 84) OPERACIONES SOBRE EL APARATO MUSCULOESQUELETICO
77.73,ESCISION HUESO PARA INJERTO.RADIO Y CUBITO,"77 INCISION,EXCISION Y DIVISION DE OTROS HUESOS",14. (76 84) OPERACIONES SOBRE EL APARATO MUSCULOESQUELETICO,14. (76 84) OPERACIONES SOBRE EL APARATO MUSCULOESQUELETICO
77.74,ESCISION HUESO PARA INJERTO.CARPO Y METACARPO,"77 INCISION,EXCISION Y DIVISION DE OTROS HUESOS",14. (76 84) OPERACIONES SOBRE EL APARATO MUSCULOESQUELETICO,14. (76 84) OPERACIONES SOBRE EL APARATO MUSCULOESQUELETICO
77.75,ESCISION HUESO PARA INJERTO.FEMUR,"77 INCISION,EXCISION Y DIVISION DE OTROS HUESOS",14. (76 84) OPERACIONES SOBRE EL APARATO MUSCULOESQUELETICO,14. (76 84) OPERACIONES SOBRE EL APARATO MUSCULOESQUELETICO
77.76,ESCISION HUESO PARA INJERTO.ROTULA,"77 INCISION,EXCISION Y DIVISION DE OTROS HUESOS",14. (76 84) OPERACIONES SOBRE EL APARATO MUSCULOESQUELETICO,14. (76 84) OPERACIONES SOBRE EL APARATO MUSCULOESQUELETICO
77.77,ESCISION HUESO PARA INJERTO.TIBIA Y PERONE,"77 INCISION,EXCISION Y DIVISION DE OTROS HUESOS",14. (76 84) OPERACIONES SOBRE EL APARATO MUSCULOESQUELETICO,14. (76 84) OPERACIONES SOBRE EL APARATO MUSCULOESQUELETICO
77.78,ESCISION HUESO PARA INJERTO.TARSO Y METATARSO,"77 INCISION,EXCISION Y DIVISION DE OTROS HUESOS",14. (76 84) OPERACIONES SOBRE EL APARATO MUSCULOESQUELETICO,14. (76 84) OPERACIONES SOBRE EL APARATO MUSCULOESQUELETICO
77.79,ESCISION HUESO PARA INJERTO.OTRO,"77 INCISION,EXCISION Y DIVISION DE OTROS HUESOS",14. (76 84) OPERACIONES SOBRE EL APARATO MUSCULOESQUELETICO,14. (76 84) OPERACIONES SOBRE EL APARATO MUSCULOESQUELETICO
77.8,OSTECTOMIA PARCIAL OTRA,"77 INCISION,EXCISION Y DIVISION DE OTROS HUESOS",14. (76 84) OPERACIONES SOBRE EL APARATO MUSCULOESQUELETICO,14. (76 84) OPERACIONES SOBRE EL APARATO MUSCULOESQUELETICO
77.80,OSTECTOMIA PARCIAL.NEOM,"77 INCISION,EXCISION Y DIVISION DE OTROS HUESOS",14. (76 84) OPERACIONES SOBRE EL APARATO MUSCULOESQUELETICO,14. (76 84) OPERACIONES SOBRE EL APARATO MUSCULOESQUELETICO
77.81,"OSTECTOMIA PARCIAL.ESCAPULA,CLAVICULA Y TORAX","77 INCISION,EXCISION Y DIVISION DE OTROS HUESOS",14. (76 84) OPERACIONES SOBRE EL APARATO MUSCULOESQUELETICO,14. (76 84) OPERACIONES SOBRE EL APARATO MUSCULOESQUELETICO
77.82,OSTECTOMIA PARCIAL.HUMERO,"77 INCISION,EXCISION Y DIVISION DE OTROS HUESOS",14. (76 84) OPERACIONES SOBRE EL APARATO MUSCULOESQUELETICO,14. (76 84) OPERACIONES SOBRE EL APARATO MUSCULOESQUELETICO
77.83,OSTECTOMIA PARCIAL.RADIO Y CUBITO,"77 INCISION,EXCISION Y DIVISION DE OTROS HUESOS",14. (76 84) OPERACIONES SOBRE EL APARATO MUSCULOESQUELETICO,14. (76 84) OPERACIONES SOBRE EL APARATO MUSCULOESQUELETICO
77.84,OSTECTOMIA PARCIAL.CARPO Y METACARPO,"77 INCISION,EXCISION Y DIVISION DE OTROS HUESOS",14. (76 84) OPERACIONES SOBRE EL APARATO MUSCULOESQUELETICO,14. (76 84) OPERACIONES SOBRE EL APARATO MUSCULOESQUELETICO
77.85,OSTECTOMIA PARCIAL.FEMUR,"77 INCISION,EXCISION Y DIVISION DE OTROS HUESOS",14. (76 84) OPERACIONES SOBRE EL APARATO MUSCULOESQUELETICO,14. (76 84) OPERACIONES SOBRE EL APARATO MUSCULOESQUELETICO
77.86,OSTECTOMIA PARCIAL.ROTULA,"77 INCISION,EXCISION Y DIVISION DE OTROS HUESOS",14. (76 84) OPERACIONES SOBRE EL APARATO MUSCULOESQUELETICO,14. (76 84) OPERACIONES SOBRE EL APARATO MUSCULOESQUELETICO
77.87,OSTECTOMIA PARCIAL.TIBIA Y PERONE,"77 INCISION,EXCISION Y DIVISION DE OTROS HUESOS",14. (76 84) OPERACIONES SOBRE EL APARATO MUSCULOESQUELETICO,14. (76 84) OPERACIONES SOBRE EL APARATO MUSCULOESQUELETICO
77.88,OSTECTOMIA PARCIAL.TARSO Y METATARSO,"77 INCISION,EXCISION Y DIVISION DE OTROS HUESOS",14. (76 84) OPERACIONES SOBRE EL APARATO MUSCULOESQUELETICO,14. (76 84) OPERACIONES SOBRE EL APARATO MUSCULOESQUELETICO
77.89,OSTECTOMIA PARCIAL.OTRA,"77 INCISION,EXCISION Y DIVISION DE OTROS HUESOS",14. (76 84) OPERACIONES SOBRE EL APARATO MUSCULOESQUELETICO,14. (76 84) OPERACIONES SOBRE EL APARATO MUSCULOESQUELETICO
77.9,OSTECTOMIA TOTAL,"77 INCISION,EXCISION Y DIVISION DE OTROS HUESOS",14. (76 84) OPERACIONES SOBRE EL APARATO MUSCULOESQUELETICO,14. (76 84) OPERACIONES SOBRE EL APARATO MUSCULOESQUELETICO
77.90,OSTECTOMIA TOTAL.NEOM,"77 INCISION,EXCISION Y DIVISION DE OTROS HUESOS",14. (76 84) OPERACIONES SOBRE EL APARATO MUSCULOESQUELETICO,14. (76 84) OPERACIONES SOBRE EL APARATO MUSCULOESQUELETICO
77.91,"OSTECTOMIA TOTAL.ESCAPULA,CLAVICULA Y TORAX","77 INCISION,EXCISION Y DIVISION DE OTROS HUESOS",14. (76 84) OPERACIONES SOBRE EL APARATO MUSCULOESQUELETICO,14. (76 84) OPERACIONES SOBRE EL APARATO MUSCULOESQUELETICO
77.92,OSTECTOMIA TOTAL.HUMERO,"77 INCISION,EXCISION Y DIVISION DE OTROS HUESOS",14. (76 84) OPERACIONES SOBRE EL APARATO MUSCULOESQUELETICO,14. (76 84) OPERACIONES SOBRE EL APARATO MUSCULOESQUELETICO
77.93,OSTECTOMIA TOTAL.RADIO Y CUBITO,"77 INCISION,EXCISION Y DIVISION DE OTROS HUESOS",14. (76 84) OPERACIONES SOBRE EL APARATO MUSCULOESQUELETICO,14. (76 84) OPERACIONES SOBRE EL APARATO MUSCULOESQUELETICO
77.94,OSTECTOMIA TOTAL.CARPO Y METACARPO,"77 INCISION,EXCISION Y DIVISION DE OTROS HUESOS",14. (76 84) OPERACIONES SOBRE EL APARATO MUSCULOESQUELETICO,14. (76 84) OPERACIONES SOBRE EL APARATO MUSCULOESQUELETICO
77.95,OSTECTOMIA TOTAL.FEMUR,"77 INCISION,EXCISION Y DIVISION DE OTROS HUESOS",14. (76 84) OPERACIONES SOBRE EL APARATO MUSCULOESQUELETICO,14. (76 84) OPERACIONES SOBRE EL APARATO MUSCULOESQUELETICO
77.96,OSTECTOMIA TOTAL.ROTULA,"77 INCISION,EXCISION Y DIVISION DE OTROS HUESOS",14. (76 84) OPERACIONES SOBRE EL APARATO MUSCULOESQUELETICO,14. (76 84) OPERACIONES SOBRE EL APARATO MUSCULOESQUELETICO
77.97,OSTECTOMIA TOTAL.TIBIA Y PERONE,"77 INCISION,EXCISION Y DIVISION DE OTROS HUESOS",14. (76 84) OPERACIONES SOBRE EL APARATO MUSCULOESQUELETICO,14. (76 84) OPERACIONES SOBRE EL APARATO MUSCULOESQUELETICO
77.98,OSTECTOMIA TOTAL.TARSO Y METATARSO,"77 INCISION,EXCISION Y DIVISION DE OTROS HUESOS",14. (76 84) OPERACIONES SOBRE EL APARATO MUSCULOESQUELETICO,14. (76 84) OPERACIONES SOBRE EL APARATO MUSCULOESQUELETICO
77.99,OSTECTOMIA TOTAL.OTRA,"77 INCISION,EXCISION Y DIVISION DE OTROS HUESOS",14. (76 84) OPERACIONES SOBRE EL APARATO MUSCULOESQUELETICO,14. (76 84) OPERACIONES SOBRE EL APARATO MUSCULOESQUELETICO
78,OPERACION HUESO SALVO HUESO FACIAL OTRA,"78 OTRAS OPERACIONES SOBRE HUESOS,SALVO HUESOS FACIALES",14. (76 84) OPERACIONES SOBRE EL APARATO MUSCULOESQUELETICO,14. (76 84) OPERACIONES SOBRE EL APARATO MUSCULOESQUELETICO
78.0,INJERTO HUESO,"78 OTRAS OPERACIONES SOBRE HUESOS,SALVO HUESOS FACIALES",14. (76 84) OPERACIONES SOBRE EL APARATO MUSCULOESQUELETICO,14. (76 84) OPERACIONES SOBRE EL APARATO MUSCULOESQUELETICO
78.00,INJERTO HUESO.NEOM,"78 OTRAS OPERACIONES SOBRE HUESOS,SALVO HUESOS FACIALES",14. (76 84) OPERACIONES SOBRE EL APARATO MUSCULOESQUELETICO,14. (76 84) OPERACIONES SOBRE EL APARATO MUSCULOESQUELETICO
78.01,"INJERTO HUESO.ESCAPULA,CLAVICULA Y TORAX","78 OTRAS OPERACIONES SOBRE HUESOS,SALVO HUESOS FACIALES",14. (76 84) OPERACIONES SOBRE EL APARATO MUSCULOESQUELETICO,14. (76 84) OPERACIONES SOBRE EL APARATO MUSCULOESQUELETICO
78.02,INJERTO HUESO.HUMERO,"78 OTRAS OPERACIONES SOBRE HUESOS,SALVO HUESOS FACIALES",14. (76 84) OPERACIONES SOBRE EL APARATO MUSCULOESQUELETICO,14. (76 84) OPERACIONES SOBRE EL APARATO MUSCULOESQUELETICO
78.03,INJERTO HUESO.RADIO Y CUBITO,"78 OTRAS OPERACIONES SOBRE HUESOS,SALVO HUESOS FACIALES",14. (76 84) OPERACIONES SOBRE EL APARATO MUSCULOESQUELETICO,14. (76 84) OPERACIONES SOBRE EL APARATO MUSCULOESQUELETICO
78.04,INJERTO HUESO.CARPO Y METACARPO,"78 OTRAS OPERACIONES SOBRE HUESOS,SALVO HUESOS FACIALES",14. (76 84) OPERACIONES SOBRE EL APARATO MUSCULOESQUELETICO,14. (76 84) OPERACIONES SOBRE EL APARATO MUSCULOESQUELETICO
78.05,INJERTO HUESO.FEMUR,"78 OTRAS OPERACIONES SOBRE HUESOS,SALVO HUESOS FACIALES",14. (76 84) OPERACIONES SOBRE EL APARATO MUSCULOESQUELETICO,14. (76 84) OPERACIONES SOBRE EL APARATO MUSCULOESQUELETICO
78.06,INJERTO HUESO.ROTULA,"78 OTRAS OPERACIONES SOBRE HUESOS,SALVO HUESOS FACIALES",14. (76 84) OPERACIONES SOBRE EL APARATO MUSCULOESQUELETICO,14. (76 84) OPERACIONES SOBRE EL APARATO MUSCULOESQUELETICO
78.07,INJERTO HUESO.TIBIA Y PERONE,"78 OTRAS OPERACIONES SOBRE HUESOS,SALVO HUESOS FACIALES",14. (76 84) OPERACIONES SOBRE EL APARATO MUSCULOESQUELETICO,14. (76 84) OPERACIONES SOBRE EL APARATO MUSCULOESQUELETICO
78.08,INJERTO HUESO.TARSO Y METATARSO,"78 OTRAS OPERACIONES SOBRE HUESOS,SALVO HUESOS FACIALES",14. (76 84) OPERACIONES SOBRE EL APARATO MUSCULOESQUELETICO,14. (76 84) OPERACIONES SOBRE EL APARATO MUSCULOESQUELETICO
78.09,INJERTO HUESO.OTRO,"78 OTRAS OPERACIONES SOBRE HUESOS,SALVO HUESOS FACIALES",14. (76 84) OPERACIONES SOBRE EL APARATO MUSCULOESQUELETICO,14. (76 84) OPERACIONES SOBRE EL APARATO MUSCULOESQUELETICO
78.1,APLICACION DISPOSITIVO EXTERNO FIJACION,"78 OTRAS OPERACIONES SOBRE HUESOS,SALVO HUESOS FACIALES",14. (76 84) OPERACIONES SOBRE EL APARATO MUSCULOESQUELETICO,14. (76 84) OPERACIONES SOBRE EL APARATO MUSCULOESQUELETICO
78.10,APLICACION DISPOSITIVO EXTERNO FIJACION.NEOM,"78 OTRAS OPERACIONES SOBRE HUESOS,SALVO HUESOS FACIALES",14. (76 84) OPERACIONES SOBRE EL APARATO MUSCULOESQUELETICO,14. (76 84) OPERACIONES SOBRE EL APARATO MUSCULOESQUELETICO
78.11,APLICACION DISPOSITIVO EXTERNO FIJACION.ESCAPULA Y TORAX,"78 OTRAS OPERACIONES SOBRE HUESOS,SALVO HUESOS FACIALES",14. (76 84) OPERACIONES SOBRE EL APARATO MUSCULOESQUELETICO,14. (76 84) OPERACIONES SOBRE EL APARATO MUSCULOESQUELETICO
78.12,APLICACION DISPOSITIVO EXTERNO FIJACION.HUMERO,"78 OTRAS OPERACIONES SOBRE HUESOS,SALVO HUESOS FACIALES",14. (76 84) OPERACIONES SOBRE EL APARATO MUSCULOESQUELETICO,14. (76 84) OPERACIONES SOBRE EL APARATO MUSCULOESQUELETICO
78.13,APLICACION DISPOSITIVO EXTERNO FIJACION.RADIO Y CUBITO,"78 OTRAS OPERACIONES SOBRE HUESOS,SALVO HUESOS FACIALES",14. (76 84) OPERACIONES SOBRE EL APARATO MUSCULOESQUELETICO,14. (76 84) OPERACIONES SOBRE EL APARATO MUSCULOESQUELETICO
78.14,APLICACION DISPOSITICO EXTERNO FIJACION.CARPO Y METACARPO,"78 OTRAS OPERACIONES SOBRE HUESOS,SALVO HUESOS FACIALES",14. (76 84) OPERACIONES SOBRE EL APARATO MUSCULOESQUELETICO,14. (76 84) OPERACIONES SOBRE EL APARATO MUSCULOESQUELETICO
78.15,APLICACION DISPOSITIVO EXTERNO FIJACION.FEMUR,"78 OTRAS OPERACIONES SOBRE HUESOS,SALVO HUESOS FACIALES",14. (76 84) OPERACIONES SOBRE EL APARATO MUSCULOESQUELETICO,14. (76 84) OPERACIONES SOBRE EL APARATO MUSCULOESQUELETICO
78.16,APLICACION DISPOSITIVO EXTERNO FIJACION.ROTULA,"78 OTRAS OPERACIONES SOBRE HUESOS,SALVO HUESOS FACIALES",14. (76 84) OPERACIONES SOBRE EL APARATO MUSCULOESQUELETICO,14. (76 84) OPERACIONES SOBRE EL APARATO MUSCULOESQUELETICO
78.17,APLICACION DISPOSITIVO EXTERNO FIJACION.TIBIA Y PERONE,"78 OTRAS OPERACIONES SOBRE HUESOS,SALVO HUESOS FACIALES",14. (76 84) OPERACIONES SOBRE EL APARATO MUSCULOESQUELETICO,14. (76 84) OPERACIONES SOBRE EL APARATO MUSCULOESQUELETICO
78.18,APLICACION DISPOSITIVO EXTERNO FIJACION.TARSO Y METATARSO,"78 OTRAS OPERACIONES SOBRE HUESOS,SALVO HUESOS FACIALES",14. (76 84) OPERACIONES SOBRE EL APARATO MUSCULOESQUELETICO,14. (76 84) OPERACIONES SOBRE EL APARATO MUSCULOESQUELETICO
78.19,APLICACION DISPOSITIVO EXTERNO FIJACION.OTRO,"78 OTRAS OPERACIONES SOBRE HUESOS,SALVO HUESOS FACIALES",14. (76 84) OPERACIONES SOBRE EL APARATO MUSCULOESQUELETICO,14. (76 84) OPERACIONES SOBRE EL APARATO MUSCULOESQUELETICO
78.2,ACORTAMIENTO MIEMBRO,"78 OTRAS OPERACIONES SOBRE HUESOS,SALVO HUESOS FACIALES",14. (76 84) OPERACIONES SOBRE EL APARATO MUSCULOESQUELETICO,14. (76 84) OPERACIONES SOBRE EL APARATO MUSCULOESQUELETICO
78.20,ACORTAMIENTO MIEMBRO.NEOM,"78 OTRAS OPERACIONES SOBRE HUESOS,SALVO HUESOS FACIALES",14. (76 84) OPERACIONES SOBRE EL APARATO MUSCULOESQUELETICO,14. (76 84) OPERACIONES SOBRE EL APARATO MUSCULOESQUELETICO
78.22,ACORTAMIENTO MIEMBRO.HUMERO,"78 OTRAS OPERACIONES SOBRE HUESOS,SALVO HUESOS FACIALES",14. (76 84) OPERACIONES SOBRE EL APARATO MUSCULOESQUELETICO,14. (76 84) OPERACIONES SOBRE EL APARATO MUSCULOESQUELETICO
78.23,ACORTAMIENTO MIEMBRO.RADIO Y CUBITO,"78 OTRAS OPERACIONES SOBRE HUESOS,SALVO HUESOS FACIALES",14. (76 84) OPERACIONES SOBRE EL APARATO MUSCULOESQUELETICO,14. (76 84) OPERACIONES SOBRE EL APARATO MUSCULOESQUELETICO
78.24,ACORTAMIENTO MIEMBRO.CARPO Y METACARPO,"78 OTRAS OPERACIONES SOBRE HUESOS,SALVO HUESOS FACIALES",14. (76 84) OPERACIONES SOBRE EL APARATO MUSCULOESQUELETICO,14. (76 84) OPERACIONES SOBRE EL APARATO MUSCULOESQUELETICO
78.25,ACORTAMIENTO MIEMBRO.FEMUR,"78 OTRAS OPERACIONES SOBRE HUESOS,SALVO HUESOS FACIALES",14. (76 84) OPERACIONES SOBRE EL APARATO MUSCULOESQUELETICO,14. (76 84) OPERACIONES SOBRE EL APARATO MUSCULOESQUELETICO
78.27,ACORTAMIENTO MIEMBRO.TIBIA Y PERONE,"78 OTRAS OPERACIONES SOBRE HUESOS,SALVO HUESOS FACIALES",14. (76 84) OPERACIONES SOBRE EL APARATO MUSCULOESQUELETICO,14. (76 84) OPERACIONES SOBRE EL APARATO MUSCULOESQUELETICO
78.28,ACORTAMIENTO MIEMBRO.TARSO Y METATARSO,"78 OTRAS OPERACIONES SOBRE HUESOS,SALVO HUESOS FACIALES",14. (76 84) OPERACIONES SOBRE EL APARATO MUSCULOESQUELETICO,14. (76 84) OPERACIONES SOBRE EL APARATO MUSCULOESQUELETICO
78.29,ACORTAMIENTO MIEMBRO.OTRA,"78 OTRAS OPERACIONES SOBRE HUESOS,SALVO HUESOS FACIALES",14. (76 84) OPERACIONES SOBRE EL APARATO MUSCULOESQUELETICO,14. (76 84) OPERACIONES SOBRE EL APARATO MUSCULOESQUELETICO
78.3,ALARGAMIENTO MIEMBRO,"78 OTRAS OPERACIONES SOBRE HUESOS,SALVO HUESOS FACIALES",14. (76 84) OPERACIONES SOBRE EL APARATO MUSCULOESQUELETICO,14. (76 84) OPERACIONES SOBRE EL APARATO MUSCULOESQUELETICO
78.30,ALARGAMIENTO MIEMBRO.NEOM,"78 OTRAS OPERACIONES SOBRE HUESOS,SALVO HUESOS FACIALES",14. (76 84) OPERACIONES SOBRE EL APARATO MUSCULOESQUELETICO,14. (76 84) OPERACIONES SOBRE EL APARATO MUSCULOESQUELETICO
78.32,ALARGAMIENTO MIEMBRO.HUMERO,"78 OTRAS OPERACIONES SOBRE HUESOS,SALVO HUESOS FACIALES",14. (76 84) OPERACIONES SOBRE EL APARATO MUSCULOESQUELETICO,14. (76 84) OPERACIONES SOBRE EL APARATO MUSCULOESQUELETICO
78.33,ALARGAMIENTO MIEMBRO.RADIO Y CUBITO,"78 OTRAS OPERACIONES SOBRE HUESOS,SALVO HUESOS FACIALES",14. (76 84) OPERACIONES SOBRE EL APARATO MUSCULOESQUELETICO,14. (76 84) OPERACIONES SOBRE EL APARATO MUSCULOESQUELETICO
78.34,ALARGAMIENTO MIEMBRO.CARPO Y METACARPO,"78 OTRAS OPERACIONES SOBRE HUESOS,SALVO HUESOS FACIALES",14. (76 84) OPERACIONES SOBRE EL APARATO MUSCULOESQUELETICO,14. (76 84) OPERACIONES SOBRE EL APARATO MUSCULOESQUELETICO
78.35,ALARGAMIENTO MIEMBRO.FEMUR,"78 OTRAS OPERACIONES SOBRE HUESOS,SALVO HUESOS FACIALES",14. (76 84) OPERACIONES SOBRE EL APARATO MUSCULOESQUELETICO,14. (76 84) OPERACIONES SOBRE EL APARATO MUSCULOESQUELETICO
78.37,ALARGAMIENTO MIEMBRO.TIBIA Y PERONE,"78 OTRAS OPERACIONES SOBRE HUESOS,SALVO HUESOS FACIALES",14. (76 84) OPERACIONES SOBRE EL APARATO MUSCULOESQUELETICO,14. (76 84) OPERACIONES SOBRE EL APARATO MUSCULOESQUELETICO
78.38,ALARGAMIENTO MIEMBRO.TARSO Y METATARSO,"78 OTRAS OPERACIONES SOBRE HUESOS,SALVO HUESOS FACIALES",14. (76 84) OPERACIONES SOBRE EL APARATO MUSCULOESQUELETICO,14. (76 84) OPERACIONES SOBRE EL APARATO MUSCULOESQUELETICO
78.39,ALARGAMIENTO MIEMBRO.OTRO,"78 OTRAS OPERACIONES SOBRE HUESOS,SALVO HUESOS FACIALES",14. (76 84) OPERACIONES SOBRE EL APARATO MUSCULOESQUELETICO,14. (76 84) OPERACIONES SOBRE EL APARATO MUSCULOESQUELETICO
78.4,REPARACION HUESO PLASTICA OTRA,"78 OTRAS OPERACIONES SOBRE HUESOS,SALVO HUESOS FACIALES",14. (76 84) OPERACIONES SOBRE EL APARATO MUSCULOESQUELETICO,14. (76 84) OPERACIONES SOBRE EL APARATO MUSCULOESQUELETICO
78.40,REPARACION HUESO PLASTICA OTRA.NEOM,"78 OTRAS OPERACIONES SOBRE HUESOS,SALVO HUESOS FACIALES",14. (76 84) OPERACIONES SOBRE EL APARATO MUSCULOESQUELETICO,14. (76 84) OPERACIONES SOBRE EL APARATO MUSCULOESQUELETICO
78.41,"REPARACION HUESO PLASTICA OTRA.ESCAPULA,CLAVICULA Y TORAX","78 OTRAS OPERACIONES SOBRE HUESOS,SALVO HUESOS FACIALES",14. (76 84) OPERACIONES SOBRE EL APARATO MUSCULOESQUELETICO,14. (76 84) OPERACIONES SOBRE EL APARATO MUSCULOESQUELETICO
78.42,REPARACION HUESO PLASTICA OTRA.HUMERO,"78 OTRAS OPERACIONES SOBRE HUESOS,SALVO HUESOS FACIALES",14. (76 84) OPERACIONES SOBRE EL APARATO MUSCULOESQUELETICO,14. (76 84) OPERACIONES SOBRE EL APARATO MUSCULOESQUELETICO
78.43,REPARACION HUESO PLASTICA OTRA.RADIO Y CUBITO,"78 OTRAS OPERACIONES SOBRE HUESOS,SALVO HUESOS FACIALES",14. (76 84) OPERACIONES SOBRE EL APARATO MUSCULOESQUELETICO,14. (76 84) OPERACIONES SOBRE EL APARATO MUSCULOESQUELETICO
78.44,REPARACION HUESO PLASTICA.CARPO Y METACARPO,"78 OTRAS OPERACIONES SOBRE HUESOS,SALVO HUESOS FACIALES",14. (76 84) OPERACIONES SOBRE EL APARATO MUSCULOESQUELETICO,14. (76 84) OPERACIONES SOBRE EL APARATO MUSCULOESQUELETICO
78.45,REPARACION HUESO PLASTICA OTRA.FEMUR,"78 OTRAS OPERACIONES SOBRE HUESOS,SALVO HUESOS FACIALES",14. (76 84) OPERACIONES SOBRE EL APARATO MUSCULOESQUELETICO,14. (76 84) OPERACIONES SOBRE EL APARATO MUSCULOESQUELETICO
78.46,REPARACION HUESO PLASTICA OTRA.ROTULA,"78 OTRAS OPERACIONES SOBRE HUESOS,SALVO HUESOS FACIALES",14. (76 84) OPERACIONES SOBRE EL APARATO MUSCULOESQUELETICO,14. (76 84) OPERACIONES SOBRE EL APARATO MUSCULOESQUELETICO
78.47,REPARACION HUESO PLASTICA OTRA.TIBIA Y PERONE,"78 OTRAS OPERACIONES SOBRE HUESOS,SALVO HUESOS FACIALES",14. (76 84) OPERACIONES SOBRE EL APARATO MUSCULOESQUELETICO,14. (76 84) OPERACIONES SOBRE EL APARATO MUSCULOESQUELETICO
78.48,REPARACION HUESO PLASTICA OTRA.TARSO Y METATARSO,"78 OTRAS OPERACIONES SOBRE HUESOS,SALVO HUESOS FACIALES",14. (76 84) OPERACIONES SOBRE EL APARATO MUSCULOESQUELETICO,14. (76 84) OPERACIONES SOBRE EL APARATO MUSCULOESQUELETICO
78.49,REPARACION HUESO PLASTICA OTRA.OTRA,"78 OTRAS OPERACIONES SOBRE HUESOS,SALVO HUESOS FACIALES",14. (76 84) OPERACIONES SOBRE EL APARATO MUSCULOESQUELETICO,14. (76 84) OPERACIONES SOBRE EL APARATO MUSCULOESQUELETICO
78.5,FIJACION INTERNA SIN REDUCCION FRACTURA,"78 OTRAS OPERACIONES SOBRE HUESOS,SALVO HUESOS FACIALES",14. (76 84) OPERACIONES SOBRE EL APARATO MUSCULOESQUELETICO,14. (76 84) OPERACIONES SOBRE EL APARATO MUSCULOESQUELETICO
78.50,FIJACION INTERNA SIN REDUCCION FRACTURA.NEOM,"78 OTRAS OPERACIONES SOBRE HUESOS,SALVO HUESOS FACIALES",14. (76 84) OPERACIONES SOBRE EL APARATO MUSCULOESQUELETICO,14. (76 84) OPERACIONES SOBRE EL APARATO MUSCULOESQUELETICO
78.51,FIJACION INTERNA SIN REDUCCION FRACTURA.CLAVICULA Y TORAX,"78 OTRAS OPERACIONES SOBRE HUESOS,SALVO HUESOS FACIALES",14. (76 84) OPERACIONES SOBRE EL APARATO MUSCULOESQUELETICO,14. (76 84) OPERACIONES SOBRE EL APARATO MUSCULOESQUELETICO
78.52,FIJACION INTERNA SIN REDUCCION FRACTURA.HUMERO,"78 OTRAS OPERACIONES SOBRE HUESOS,SALVO HUESOS FACIALES",14. (76 84) OPERACIONES SOBRE EL APARATO MUSCULOESQUELETICO,14. (76 84) OPERACIONES SOBRE EL APARATO MUSCULOESQUELETICO
78.53,FIJACION INTERNA SIN REDUCCION FRACTURA.RADIO Y CUBITO,"78 OTRAS OPERACIONES SOBRE HUESOS,SALVO HUESOS FACIALES",14. (76 84) OPERACIONES SOBRE EL APARATO MUSCULOESQUELETICO,14. (76 84) OPERACIONES SOBRE EL APARATO MUSCULOESQUELETICO
78.54,FIJACION INTERNA SIN REDUCCION FRACTURA.CARPO Y METACARPO,"78 OTRAS OPERACIONES SOBRE HUESOS,SALVO HUESOS FACIALES",14. (76 84) OPERACIONES SOBRE EL APARATO MUSCULOESQUELETICO,14. (76 84) OPERACIONES SOBRE EL APARATO MUSCULOESQUELETICO
78.55,FIJACION INTERNA SIN REDUCCION FRACTURA.FEMUR,"78 OTRAS OPERACIONES SOBRE HUESOS,SALVO HUESOS FACIALES",14. (76 84) OPERACIONES SOBRE EL APARATO MUSCULOESQUELETICO,14. (76 84) OPERACIONES SOBRE EL APARATO MUSCULOESQUELETICO
78.56,FIJACION INTERNA SIN REDUCCION FRACTURA.ROTULA,"78 OTRAS OPERACIONES SOBRE HUESOS,SALVO HUESOS FACIALES",14. (76 84) OPERACIONES SOBRE EL APARATO MUSCULOESQUELETICO,14. (76 84) OPERACIONES SOBRE EL APARATO MUSCULOESQUELETICO
78.57,FIJACION INTERNA SIN REDUCCION FRACTURA.TIBIA Y PERONE,"78 OTRAS OPERACIONES SOBRE HUESOS,SALVO HUESOS FACIALES",14. (76 84) OPERACIONES SOBRE EL APARATO MUSCULOESQUELETICO,14. (76 84) OPERACIONES SOBRE EL APARATO MUSCULOESQUELETICO
78.58,FIJACION INTERNA SIN REDUCCION FRACTURA.TARSO Y METATARSO,"78 OTRAS OPERACIONES SOBRE HUESOS,SALVO HUESOS FACIALES",14. (76 84) OPERACIONES SOBRE EL APARATO MUSCULOESQUELETICO,14. (76 84) OPERACIONES SOBRE EL APARATO MUSCULOESQUELETICO
78.59,FIJACION INTERNA SIN REDUCCION FRACTURA.OTRA,"78 OTRAS OPERACIONES SOBRE HUESOS,SALVO HUESOS FACIALES",14. (76 84) OPERACIONES SOBRE EL APARATO MUSCULOESQUELETICO,14. (76 84) OPERACIONES SOBRE EL APARATO MUSCULOESQUELETICO
78.6,EXTRACCION DISPOSITIVO IMPLANTADO EN HUESO,"78 OTRAS OPERACIONES SOBRE HUESOS,SALVO HUESOS FACIALES",14. (76 84) OPERACIONES SOBRE EL APARATO MUSCULOESQUELETICO,14. (76 84) OPERACIONES SOBRE EL APARATO MUSCULOESQUELETICO
78.60,EXTRACCION DISPOSITIVO IMPLANTADO EN HUESO.NEOM,"78 OTRAS OPERACIONES SOBRE HUESOS,SALVO HUESOS FACIALES",14. (76 84) OPERACIONES SOBRE EL APARATO MUSCULOESQUELETICO,14. (76 84) OPERACIONES SOBRE EL APARATO MUSCULOESQUELETICO
78.61,EXTRACCION DISPOSITIVO IMPLANTADO EN HUESO.CLAVICULA Y TORAX,"78 OTRAS OPERACIONES SOBRE HUESOS,SALVO HUESOS FACIALES",14. (76 84) OPERACIONES SOBRE EL APARATO MUSCULOESQUELETICO,14. (76 84) OPERACIONES SOBRE EL APARATO MUSCULOESQUELETICO
78.62,EXTRACCION DISPOSITIVO IMPLANTADO EN HUESO.HUMERO,"78 OTRAS OPERACIONES SOBRE HUESOS,SALVO HUESOS FACIALES",14. (76 84) OPERACIONES SOBRE EL APARATO MUSCULOESQUELETICO,14. (76 84) OPERACIONES SOBRE EL APARATO MUSCULOESQUELETICO
78.63,EXTRACCION DISPOSITIVO IMPLANTADO EN HUESO.RADIO Y CUBITO,"78 OTRAS OPERACIONES SOBRE HUESOS,SALVO HUESOS FACIALES",14. (76 84) OPERACIONES SOBRE EL APARATO MUSCULOESQUELETICO,14. (76 84) OPERACIONES SOBRE EL APARATO MUSCULOESQUELETICO
78.64,EXTRACCION DISPOSITIVO IMPLANTADO EN HUESO.CARPO Y METACARPO,"78 OTRAS OPERACIONES SOBRE HUESOS,SALVO HUESOS FACIALES",14. (76 84) OPERACIONES SOBRE EL APARATO MUSCULOESQUELETICO,14. (76 84) OPERACIONES SOBRE EL APARATO MUSCULOESQUELETICO
78.65,EXTRACCION DISPOSITIVO IMPLANTADO EN HUESO.FEMUR,"78 OTRAS OPERACIONES SOBRE HUESOS,SALVO HUESOS FACIALES",14. (76 84) OPERACIONES SOBRE EL APARATO MUSCULOESQUELETICO,14. (76 84) OPERACIONES SOBRE EL APARATO MUSCULOESQUELETICO
78.66,EXTRACCION DISPOSITIVO IMPLANTADO EN HUESO.ROTULA,"78 OTRAS OPERACIONES SOBRE HUESOS,SALVO HUESOS FACIALES",14. (76 84) OPERACIONES SOBRE EL APARATO MUSCULOESQUELETICO,14. (76 84) OPERACIONES SOBRE EL APARATO MUSCULOESQUELETICO
78.67,EXTRACCION DISPOSITIVO IMPLANTADO EN HUESO.TIBIA Y PERONE,"78 OTRAS OPERACIONES SOBRE HUESOS,SALVO HUESOS FACIALES",14. (76 84) OPERACIONES SOBRE EL APARATO MUSCULOESQUELETICO,14. (76 84) OPERACIONES SOBRE EL APARATO MUSCULOESQUELETICO
78.68,EXTRACCION DISPOSITIVO IMPLANTADO EN HUESO.TARSO Y METATARSO,"78 OTRAS OPERACIONES SOBRE HUESOS,SALVO HUESOS FACIALES",14. (76 84) OPERACIONES SOBRE EL APARATO MUSCULOESQUELETICO,14. (76 84) OPERACIONES SOBRE EL APARATO MUSCULOESQUELETICO
78.69,EXTRACCION DISPOSITIVO IMPLANTADO EN HUESO.OTRO,"78 OTRAS OPERACIONES SOBRE HUESOS,SALVO HUESOS FACIALES",14. (76 84) OPERACIONES SOBRE EL APARATO MUSCULOESQUELETICO,14. (76 84) OPERACIONES SOBRE EL APARATO MUSCULOESQUELETICO
78.7,OSTEOCLASIA,"78 OTRAS OPERACIONES SOBRE HUESOS,SALVO HUESOS FACIALES",14. (76 84) OPERACIONES SOBRE EL APARATO MUSCULOESQUELETICO,14. (76 84) OPERACIONES SOBRE EL APARATO MUSCULOESQUELETICO
78.70,OSTEOCLASIA.NEOM,"78 OTRAS OPERACIONES SOBRE HUESOS,SALVO HUESOS FACIALES",14. (76 84) OPERACIONES SOBRE EL APARATO MUSCULOESQUELETICO,14. (76 84) OPERACIONES SOBRE EL APARATO MUSCULOESQUELETICO
78.71,"OSTEOCLASIA.ESCAPULA,CLAVICULA Y TORAX","78 OTRAS OPERACIONES SOBRE HUESOS,SALVO HUESOS FACIALES",14. (76 84) OPERACIONES SOBRE EL APARATO MUSCULOESQUELETICO,14. (76 84) OPERACIONES SOBRE EL APARATO MUSCULOESQUELETICO
78.72,OSTEOCLASIA.HUMERO,"78 OTRAS OPERACIONES SOBRE HUESOS,SALVO HUESOS FACIALES",14. (76 84) OPERACIONES SOBRE EL APARATO MUSCULOESQUELETICO,14. (76 84) OPERACIONES SOBRE EL APARATO MUSCULOESQUELETICO
78.73,OSTEOCLASIA.RADIO Y CUBITO,"78 OTRAS OPERACIONES SOBRE HUESOS,SALVO HUESOS FACIALES",14. (76 84) OPERACIONES SOBRE EL APARATO MUSCULOESQUELETICO,14. (76 84) OPERACIONES SOBRE EL APARATO MUSCULOESQUELETICO
78.74,OSTEOCLASIA.CARPO Y METACARPO,"78 OTRAS OPERACIONES SOBRE HUESOS,SALVO HUESOS FACIALES",14. (76 84) OPERACIONES SOBRE EL APARATO MUSCULOESQUELETICO,14. (76 84) OPERACIONES SOBRE EL APARATO MUSCULOESQUELETICO
78.75,OSTEOCLASIA.FEMUR,"78 OTRAS OPERACIONES SOBRE HUESOS,SALVO HUESOS FACIALES",14. (76 84) OPERACIONES SOBRE EL APARATO MUSCULOESQUELETICO,14. (76 84) OPERACIONES SOBRE EL APARATO MUSCULOESQUELETICO
78.76,OSTEOCLASIA.ROTULA,"78 OTRAS OPERACIONES SOBRE HUESOS,SALVO HUESOS FACIALES",14. (76 84) OPERACIONES SOBRE EL APARATO MUSCULOESQUELETICO,14. (76 84) OPERACIONES SOBRE EL APARATO MUSCULOESQUELETICO
78.77,OSTEOCLASIA.TIBIA Y PERONE,"78 OTRAS OPERACIONES SOBRE HUESOS,SALVO HUESOS FACIALES",14. (76 84) OPERACIONES SOBRE EL APARATO MUSCULOESQUELETICO,14. (76 84) OPERACIONES SOBRE EL APARATO MUSCULOESQUELETICO
78.78,OSTEOCLASIA.TARSO Y METATARSO,"78 OTRAS OPERACIONES SOBRE HUESOS,SALVO HUESOS FACIALES",14. (76 84) OPERACIONES SOBRE EL APARATO MUSCULOESQUELETICO,14. (76 84) OPERACIONES SOBRE EL APARATO MUSCULOESQUELETICO
78.79,OSTEOCLASIA.OTRA,"78 OTRAS OPERACIONES SOBRE HUESOS,SALVO HUESOS FACIALES",14. (76 84) OPERACIONES SOBRE EL APARATO MUSCULOESQUELETICO,14. (76 84) OPERACIONES SOBRE EL APARATO MUSCULOESQUELETICO
78.8,PROCEDIMIENTO DIAGNOSTICO HUESO NCOC,"78 OTRAS OPERACIONES SOBRE HUESOS,SALVO HUESOS FACIALES",14. (76 84) OPERACIONES SOBRE EL APARATO MUSCULOESQUELETICO,14. (76 84) OPERACIONES SOBRE EL APARATO MUSCULOESQUELETICO
78.80,PROCEDIMIENTO DIAGNOSTICO HUESO.NEOM,"78 OTRAS OPERACIONES SOBRE HUESOS,SALVO HUESOS FACIALES",14. (76 84) OPERACIONES SOBRE EL APARATO MUSCULOESQUELETICO,14. (76 84) OPERACIONES SOBRE EL APARATO MUSCULOESQUELETICO
78.81,"PROCEDIMIENTO DIAGNOSTICO HUESO.ESCAPULA,CLAVICULA Y TORAX","78 OTRAS OPERACIONES SOBRE HUESOS,SALVO HUESOS FACIALES",14. (76 84) OPERACIONES SOBRE EL APARATO MUSCULOESQUELETICO,14. (76 84) OPERACIONES SOBRE EL APARATO MUSCULOESQUELETICO
78.82,PROCEDIMIENTO DIAGNOSTICO HUESO.HUMERO,"78 OTRAS OPERACIONES SOBRE HUESOS,SALVO HUESOS FACIALES",14. (76 84) OPERACIONES SOBRE EL APARATO MUSCULOESQUELETICO,14. (76 84) OPERACIONES SOBRE EL APARATO MUSCULOESQUELETICO
78.83,PROCEDIMIENTO DIAGNOSTICO HUESO.RADIO Y CUBITO,"78 OTRAS OPERACIONES SOBRE HUESOS,SALVO HUESOS FACIALES",14. (76 84) OPERACIONES SOBRE EL APARATO MUSCULOESQUELETICO,14. (76 84) OPERACIONES SOBRE EL APARATO MUSCULOESQUELETICO
78.84,PROCEDIMIENTO DIAGNOSTICO HUESO.CARPO Y METACARPO,"78 OTRAS OPERACIONES SOBRE HUESOS,SALVO HUESOS FACIALES",14. (76 84) OPERACIONES SOBRE EL APARATO MUSCULOESQUELETICO,14. (76 84) OPERACIONES SOBRE EL APARATO MUSCULOESQUELETICO
78.85,PROCEDIMIENTO DIAGNOSTICO HUESO.FEMUR,"78 OTRAS OPERACIONES SOBRE HUESOS,SALVO HUESOS FACIALES",14. (76 84) OPERACIONES SOBRE EL APARATO MUSCULOESQUELETICO,14. (76 84) OPERACIONES SOBRE EL APARATO MUSCULOESQUELETICO
78.86,PROCEDIMIENTO DIAGNOSTICO HUESO.ROTULA,"78 OTRAS OPERACIONES SOBRE HUESOS,SALVO HUESOS FACIALES",14. (76 84) OPERACIONES SOBRE EL APARATO MUSCULOESQUELETICO,14. (76 84) OPERACIONES SOBRE EL APARATO MUSCULOESQUELETICO
78.87,PROCEDIMIENTO DIAGNOSTICO HUESO.TIBIA Y PERONE,"78 OTRAS OPERACIONES SOBRE HUESOS,SALVO HUESOS FACIALES",14. (76 84) OPERACIONES SOBRE EL APARATO MUSCULOESQUELETICO,14. (76 84) OPERACIONES SOBRE EL APARATO MUSCULOESQUELETICO
78.88,PROCEDIMIENTO DIAGNOSTICO HUESO.TARSO Y METATARSO,"78 OTRAS OPERACIONES SOBRE HUESOS,SALVO HUESOS FACIALES",14. (76 84) OPERACIONES SOBRE EL APARATO MUSCULOESQUELETICO,14. (76 84) OPERACIONES SOBRE EL APARATO MUSCULOESQUELETICO
78.89,PROCEDIMIENTO DIAGNOSTICO HUESO.OTRO,"78 OTRAS OPERACIONES SOBRE HUESOS,SALVO HUESOS FACIALES",14. (76 84) OPERACIONES SOBRE EL APARATO MUSCULOESQUELETICO,14. (76 84) OPERACIONES SOBRE EL APARATO MUSCULOESQUELETICO
78.9,INSERCION ESTIMULADOR CRECIMIENTO HUESO,"78 OTRAS OPERACIONES SOBRE HUESOS,SALVO HUESOS FACIALES",14. (76 84) OPERACIONES SOBRE EL APARATO MUSCULOESQUELETICO,14. (76 84) OPERACIONES SOBRE EL APARATO MUSCULOESQUELETICO
78.90,INSERCION ESTIMULADOR CRECIMIENTO HUESO.NEOM,"78 OTRAS OPERACIONES SOBRE HUESOS,SALVO HUESOS FACIALES",14. (76 84) OPERACIONES SOBRE EL APARATO MUSCULOESQUELETICO,14. (76 84) OPERACIONES SOBRE EL APARATO MUSCULOESQUELETICO
78.91,INSERCION ESTIMULADOR CRECIMIENTO HUESO.ESCAPULA Y TORAX,"78 OTRAS OPERACIONES SOBRE HUESOS,SALVO HUESOS FACIALES",14. (76 84) OPERACIONES SOBRE EL APARATO MUSCULOESQUELETICO,14. (76 84) OPERACIONES SOBRE EL APARATO MUSCULOESQUELETICO
78.92,INSERCION DISPOSITIVO CRECIMIENTO HUESO.HUMERO,"78 OTRAS OPERACIONES SOBRE HUESOS,SALVO HUESOS FACIALES",14. (76 84) OPERACIONES SOBRE EL APARATO MUSCULOESQUELETICO,14. (76 84) OPERACIONES SOBRE EL APARATO MUSCULOESQUELETICO
78.93,INSERCION DISPOSITIVO CRECIMIENTO HUESO.RADIO Y CUBITO,"78 OTRAS OPERACIONES SOBRE HUESOS,SALVO HUESOS FACIALES",14. (76 84) OPERACIONES SOBRE EL APARATO MUSCULOESQUELETICO,14. (76 84) OPERACIONES SOBRE EL APARATO MUSCULOESQUELETICO
78.94,INSERCION ESTIMULADOR CRECIMIENTO HUESO.CARPO Y METACARPO,"78 OTRAS OPERACIONES SOBRE HUESOS,SALVO HUESOS FACIALES",14. (76 84) OPERACIONES SOBRE EL APARATO MUSCULOESQUELETICO,14. (76 84) OPERACIONES SOBRE EL APARATO MUSCULOESQUELETICO
78.95,INSERCION ESTIMULADOR CRECIMIENTO HUESO.FEMUR,"78 OTRAS OPERACIONES SOBRE HUESOS,SALVO HUESOS FACIALES",14. (76 84) OPERACIONES SOBRE EL APARATO MUSCULOESQUELETICO,14. (76 84) OPERACIONES SOBRE EL APARATO MUSCULOESQUELETICO
78.96,INSERCION ESTIMULADOR CRECIMIENTO HUESO.ROTULA,"78 OTRAS OPERACIONES SOBRE HUESOS,SALVO HUESOS FACIALES",14. (76 84) OPERACIONES SOBRE EL APARATO MUSCULOESQUELETICO,14. (76 84) OPERACIONES SOBRE EL APARATO MUSCULOESQUELETICO
78.97,INSERCION ESTIMULADOR CRECIMIENTO HUESO.TIBIA Y PERONE,"78 OTRAS OPERACIONES SOBRE HUESOS,SALVO HUESOS FACIALES",14. (76 84) OPERACIONES SOBRE EL APARATO MUSCULOESQUELETICO,14. (76 84) OPERACIONES SOBRE EL APARATO MUSCULOESQUELETICO
78.98,INSERCION ESTIMULADOR CRECIMIENTO HUESO.TARSO Y METATARSO,"78 OTRAS OPERACIONES SOBRE HUESOS,SALVO HUESOS FACIALES",14. (76 84) OPERACIONES SOBRE EL APARATO MUSCULOESQUELETICO,14. (76 84) OPERACIONES SOBRE EL APARATO MUSCULOESQUELETICO
78.99,INSERCION ESTIMULADOR CRECIMIENTO HUESO.OTRO,"78 OTRAS OPERACIONES SOBRE HUESOS,SALVO HUESOS FACIALES",14. (76 84) OPERACIONES SOBRE EL APARATO MUSCULOESQUELETICO,14. (76 84) OPERACIONES SOBRE EL APARATO MUSCULOESQUELETICO
79,REDUCCION FRACTURA Y LUXACION,79 REDUCION DE FRACTURA Y LUXACION,14. (76 84) OPERACIONES SOBRE EL APARATO MUSCULOESQUELETICO,14. (76 84) OPERACIONES SOBRE EL APARATO MUSCULOESQUELETICO
79.0,REDUCCION CERRADA FRACTURA SIN FIJACION INTERNA,79 REDUCION DE FRACTURA Y LUXACION,14. (76 84) OPERACIONES SOBRE EL APARATO MUSCULOESQUELETICO,14. (76 84) OPERACIONES SOBRE EL APARATO MUSCULOESQUELETICO
79.00,REDUCCION CERRADA FRACTURA NEOM SIN FIJACION INTERNA,79 REDUCION DE FRACTURA Y LUXACION,14. (76 84) OPERACIONES SOBRE EL APARATO MUSCULOESQUELETICO,14. (76 84) OPERACIONES SOBRE EL APARATO MUSCULOESQUELETICO
79.01,REDUCCION CERRADA FRACTURA HUMERO SIN FIJACION INTERNA,79 REDUCION DE FRACTURA Y LUXACION,14. (76 84) OPERACIONES SOBRE EL APARATO MUSCULOESQUELETICO,14. (76 84) OPERACIONES SOBRE EL APARATO MUSCULOESQUELETICO
79.02,REDUCCION CERRADA FRACTURA RADIO Y CUBITO SIN FIJACION INTERNA,79 REDUCION DE FRACTURA Y LUXACION,14. (76 84) OPERACIONES SOBRE EL APARATO MUSCULOESQUELETICO,14. (76 84) OPERACIONES SOBRE EL APARATO MUSCULOESQUELETICO
79.03,REDUCCION CERRADA FRACTURA CARPO Y METACARPO SIN FIJACION INTERNA,79 REDUCION DE FRACTURA Y LUXACION,14. (76 84) OPERACIONES SOBRE EL APARATO MUSCULOESQUELETICO,14. (76 84) OPERACIONES SOBRE EL APARATO MUSCULOESQUELETICO
79.04,REDUCCION CERRADA FRACTURA FALANGE MANO SIN FIJACION INTERNA,79 REDUCION DE FRACTURA Y LUXACION,14. (76 84) OPERACIONES SOBRE EL APARATO MUSCULOESQUELETICO,14. (76 84) OPERACIONES SOBRE EL APARATO MUSCULOESQUELETICO
79.05,REDUCCION CERRADA FRACTURA FEMUR SIN FIJACION INTERNA,79 REDUCION DE FRACTURA Y LUXACION,14. (76 84) OPERACIONES SOBRE EL APARATO MUSCULOESQUELETICO,14. (76 84) OPERACIONES SOBRE EL APARATO MUSCULOESQUELETICO
79.06,REDUCCION CERRADA FRACTURA TIBIA Y PERONE SIN FIJACION INTERNA,79 REDUCION DE FRACTURA Y LUXACION,14. (76 84) OPERACIONES SOBRE EL APARATO MUSCULOESQUELETICO,14. (76 84) OPERACIONES SOBRE EL APARATO MUSCULOESQUELETICO
79.07,REDUCCION CERRADA FRACTURA TARSO Y METATARSO SIN FIJACION INTERNA,79 REDUCION DE FRACTURA Y LUXACION,14. (76 84) OPERACIONES SOBRE EL APARATO MUSCULOESQUELETICO,14. (76 84) OPERACIONES SOBRE EL APARATO MUSCULOESQUELETICO
79.08,REDUCCION CERRADA FRACTURA FALANGE PIE SIN FIJACION INTERNA,79 REDUCION DE FRACTURA Y LUXACION,14. (76 84) OPERACIONES SOBRE EL APARATO MUSCULOESQUELETICO,14. (76 84) OPERACIONES SOBRE EL APARATO MUSCULOESQUELETICO
79.09,REDUCCION CERRADA FRACTURA OTRO HUESO SIN FIJACION INTERNA,79 REDUCION DE FRACTURA Y LUXACION,14. (76 84) OPERACIONES SOBRE EL APARATO MUSCULOESQUELETICO,14. (76 84) OPERACIONES SOBRE EL APARATO MUSCULOESQUELETICO
79.1,REDUCCION CERRADA FRACTURA CON FIJACION INTERNA,79 REDUCION DE FRACTURA Y LUXACION,14. (76 84) OPERACIONES SOBRE EL APARATO MUSCULOESQUELETICO,14. (76 84) OPERACIONES SOBRE EL APARATO MUSCULOESQUELETICO
79.10,REDUCCION CERRADA FRACTURA NEOM CON FIJACION INTERNA,79 REDUCION DE FRACTURA Y LUXACION,14. (76 84) OPERACIONES SOBRE EL APARATO MUSCULOESQUELETICO,14. (76 84) OPERACIONES SOBRE EL APARATO MUSCULOESQUELETICO
79.11,REDUCCION CERRADA FRACTURA HUMERO CON FIJACION INTERNA,79 REDUCION DE FRACTURA Y LUXACION,14. (76 84) OPERACIONES SOBRE EL APARATO MUSCULOESQUELETICO,14. (76 84) OPERACIONES SOBRE EL APARATO MUSCULOESQUELETICO
79.12,REDUCCION CERRADA FRACTURA RADIO Y CUBITO CON FIJACION INTERNA,79 REDUCION DE FRACTURA Y LUXACION,14. (76 84) OPERACIONES SOBRE EL APARATO MUSCULOESQUELETICO,14. (76 84) OPERACIONES SOBRE EL APARATO MUSCULOESQUELETICO
79.13,REDUCCION CERRADA FRACTURA CARPO Y METACARPO CON FIJACION INTERNA,79 REDUCION DE FRACTURA Y LUXACION,14. (76 84) OPERACIONES SOBRE EL APARATO MUSCULOESQUELETICO,14. (76 84) OPERACIONES SOBRE EL APARATO MUSCULOESQUELETICO
79.14,REDUCCION CERRADA FRACTURA FALANGE MANO CON FIJACION INTERNA,79 REDUCION DE FRACTURA Y LUXACION,14. (76 84) OPERACIONES SOBRE EL APARATO MUSCULOESQUELETICO,14. (76 84) OPERACIONES SOBRE EL APARATO MUSCULOESQUELETICO
79.15,REDUCCION CERRADA FRACTURA FEMUR CON FIJACION INTERNA,79 REDUCION DE FRACTURA Y LUXACION,14. (76 84) OPERACIONES SOBRE EL APARATO MUSCULOESQUELETICO,14. (76 84) OPERACIONES SOBRE EL APARATO MUSCULOESQUELETICO
79.16,REDUCCION CERRADA FRACTURA TIBIA Y PERONE CON FIJACION INTERNA,79 REDUCION DE FRACTURA Y LUXACION,14. (76 84) OPERACIONES SOBRE EL APARATO MUSCULOESQUELETICO,14. (76 84) OPERACIONES SOBRE EL APARATO MUSCULOESQUELETICO
79.17,REDUCCION CERRADA FRACTURA TARSO Y METATARSO CON FIJACION INTERNA,79 REDUCION DE FRACTURA Y LUXACION,14. (76 84) OPERACIONES SOBRE EL APARATO MUSCULOESQUELETICO,14. (76 84) OPERACIONES SOBRE EL APARATO MUSCULOESQUELETICO
79.18,REDUCCION CERRADA FRACTURA FALANGE PIE CON FIJACION INTERNA,79 REDUCION DE FRACTURA Y LUXACION,14. (76 84) OPERACIONES SOBRE EL APARATO MUSCULOESQUELETICO,14. (76 84) OPERACIONES SOBRE EL APARATO MUSCULOESQUELETICO
79.19,REDUCCION CERRADA FRACTURA OTRO HUESO CON FIJACION INTERNA,79 REDUCION DE FRACTURA Y LUXACION,14. (76 84) OPERACIONES SOBRE EL APARATO MUSCULOESQUELETICO,14. (76 84) OPERACIONES SOBRE EL APARATO MUSCULOESQUELETICO
79.2,REDUCCION ABIERTA FRACTURA SIN FIJACION INTERNA,79 REDUCION DE FRACTURA Y LUXACION,14. (76 84) OPERACIONES SOBRE EL APARATO MUSCULOESQUELETICO,14. (76 84) OPERACIONES SOBRE EL APARATO MUSCULOESQUELETICO
79.20,REDUCCION ABIERTA FRACTURA NEOM SIN FIJACION INTERNA,79 REDUCION DE FRACTURA Y LUXACION,14. (76 84) OPERACIONES SOBRE EL APARATO MUSCULOESQUELETICO,14. (76 84) OPERACIONES SOBRE EL APARATO MUSCULOESQUELETICO
79.21,REDUCCION ABIERTA FRACTURA HUMERO SIN FIJACION INTERNA,79 REDUCION DE FRACTURA Y LUXACION,14. (76 84) OPERACIONES SOBRE EL APARATO MUSCULOESQUELETICO,14. (76 84) OPERACIONES SOBRE EL APARATO MUSCULOESQUELETICO
79.22,REDUCCION ABIERTA FRACTURA RADIO Y CUBITO SIN FIJACION INTERNA,79 REDUCION DE FRACTURA Y LUXACION,14. (76 84) OPERACIONES SOBRE EL APARATO MUSCULOESQUELETICO,14. (76 84) OPERACIONES SOBRE EL APARATO MUSCULOESQUELETICO
79.23,REDUCCION ABIERTA FRACTURA CARPO Y METACARPO SIN FIJACION INTERNA,79 REDUCION DE FRACTURA Y LUXACION,14. (76 84) OPERACIONES SOBRE EL APARATO MUSCULOESQUELETICO,14. (76 84) OPERACIONES SOBRE EL APARATO MUSCULOESQUELETICO
79.24,REDUCCION ABIERTA FRACTURA FALANGE MANO SIN FIJACION INTERNA,79 REDUCION DE FRACTURA Y LUXACION,14. (76 84) OPERACIONES SOBRE EL APARATO MUSCULOESQUELETICO,14. (76 84) OPERACIONES SOBRE EL APARATO MUSCULOESQUELETICO
79.25,REDUCCION ABIERTA FRACTURA FEMUR SIN FIJACION INTERNA,79 REDUCION DE FRACTURA Y LUXACION,14. (76 84) OPERACIONES SOBRE EL APARATO MUSCULOESQUELETICO,14. (76 84) OPERACIONES SOBRE EL APARATO MUSCULOESQUELETICO
79.26,REDUCCION ABIERTA FRACTURA TIBIA Y PERONE SIN FIJACION,79 REDUCION DE FRACTURA Y LUXACION,14. (76 84) OPERACIONES SOBRE EL APARATO MUSCULOESQUELETICO,14. (76 84) OPERACIONES SOBRE EL APARATO MUSCULOESQUELETICO
79.27,REDUCCION ABIERTA FRACTURA TARSO Y METATARSO SIN FIJACION,79 REDUCION DE FRACTURA Y LUXACION,14. (76 84) OPERACIONES SOBRE EL APARATO MUSCULOESQUELETICO,14. (76 84) OPERACIONES SOBRE EL APARATO MUSCULOESQUELETICO
79.28,REDUCCION ABIERTA FRACTURA FALANGE PIE SIN FIJACION INTERNA,79 REDUCION DE FRACTURA Y LUXACION,14. (76 84) OPERACIONES SOBRE EL APARATO MUSCULOESQUELETICO,14. (76 84) OPERACIONES SOBRE EL APARATO MUSCULOESQUELETICO
79.29,REDUCCION ABIERTA FRACTURA OTRO HUESO SIN FIJACION INTERNA,79 REDUCION DE FRACTURA Y LUXACION,14. (76 84) OPERACIONES SOBRE EL APARATO MUSCULOESQUELETICO,14. (76 84) OPERACIONES SOBRE EL APARATO MUSCULOESQUELETICO
79.3,REDUCCION ABIERTA FRACTURA CON FIJACION INTERNA,79 REDUCION DE FRACTURA Y LUXACION,14. (76 84) OPERACIONES SOBRE EL APARATO MUSCULOESQUELETICO,14. (76 84) OPERACIONES SOBRE EL APARATO MUSCULOESQUELETICO
79.30,REDUCCION ABIERTA FRACTURA NEOM CON FIJACION INTERNA,79 REDUCION DE FRACTURA Y LUXACION,14. (76 84) OPERACIONES SOBRE EL APARATO MUSCULOESQUELETICO,14. (76 84) OPERACIONES SOBRE EL APARATO MUSCULOESQUELETICO
79.31,REDUCCION ABIERTA FRACTURA HUMERO CON FIJACION INTERNA,79 REDUCION DE FRACTURA Y LUXACION,14. (76 84) OPERACIONES SOBRE EL APARATO MUSCULOESQUELETICO,14. (76 84) OPERACIONES SOBRE EL APARATO MUSCULOESQUELETICO
79.32,REDUCCION ABIERTA FRACTURA RADIO Y CUBITO CON FIJACION INTERNA,79 REDUCION DE FRACTURA Y LUXACION,14. (76 84) OPERACIONES SOBRE EL APARATO MUSCULOESQUELETICO,14. (76 84) OPERACIONES SOBRE EL APARATO MUSCULOESQUELETICO
79.33,REDUCCION ABIERTA FRACTURA CARPO Y METACARPO CON FIJACION INTERNA,79 REDUCION DE FRACTURA Y LUXACION,14. (76 84) OPERACIONES SOBRE EL APARATO MUSCULOESQUELETICO,14. (76 84) OPERACIONES SOBRE EL APARATO MUSCULOESQUELETICO
79.34,REDUCCION ABIERTA FRACTURA FALANGE MANO CON FIJACION INTERNA,79 REDUCION DE FRACTURA Y LUXACION,14. (76 84) OPERACIONES SOBRE EL APARATO MUSCULOESQUELETICO,14. (76 84) OPERACIONES SOBRE EL APARATO MUSCULOESQUELETICO
79.35,REDUCCION ABIERTA FRACTURA FEMUR CON FIJACION INTERNA,79 REDUCION DE FRACTURA Y LUXACION,14. (76 84) OPERACIONES SOBRE EL APARATO MUSCULOESQUELETICO,14. (76 84) OPERACIONES SOBRE EL APARATO MUSCULOESQUELETICO
79.36,REDUCCION ABIERTA FRACTURA TIBIA Y PERONE CON FIJACION INTERNA,79 REDUCION DE FRACTURA Y LUXACION,14. (76 84) OPERACIONES SOBRE EL APARATO MUSCULOESQUELETICO,14. (76 84) OPERACIONES SOBRE EL APARATO MUSCULOESQUELETICO
79.37,REDUCCION ABIERTA FRACTURA TARSO Y METATARSO CON FIJACION INTERNA,79 REDUCION DE FRACTURA Y LUXACION,14. (76 84) OPERACIONES SOBRE EL APARATO MUSCULOESQUELETICO,14. (76 84) OPERACIONES SOBRE EL APARATO MUSCULOESQUELETICO
79.38,REDUCCION ABIERTA FRACTURA FALANGE PIE CON FIJACION INTERNA,79 REDUCION DE FRACTURA Y LUXACION,14. (76 84) OPERACIONES SOBRE EL APARATO MUSCULOESQUELETICO,14. (76 84) OPERACIONES SOBRE EL APARATO MUSCULOESQUELETICO
79.39,REDUCCION ABIERTA FRACTURA OTRO HUESO CON FIJACION INTERNA,79 REDUCION DE FRACTURA Y LUXACION,14. (76 84) OPERACIONES SOBRE EL APARATO MUSCULOESQUELETICO,14. (76 84) OPERACIONES SOBRE EL APARATO MUSCULOESQUELETICO
79.4,REDUCCION CERRADA EPIFISIOLISIS,79 REDUCION DE FRACTURA Y LUXACION,14. (76 84) OPERACIONES SOBRE EL APARATO MUSCULOESQUELETICO,14. (76 84) OPERACIONES SOBRE EL APARATO MUSCULOESQUELETICO
79.40,REDUCCION CERRADA EPIFISIOLISIS.NEOM,79 REDUCION DE FRACTURA Y LUXACION,14. (76 84) OPERACIONES SOBRE EL APARATO MUSCULOESQUELETICO,14. (76 84) OPERACIONES SOBRE EL APARATO MUSCULOESQUELETICO
79.41,REDUCCION CERRADA EPIFISIOLISIS.HUMERO,79 REDUCION DE FRACTURA Y LUXACION,14. (76 84) OPERACIONES SOBRE EL APARATO MUSCULOESQUELETICO,14. (76 84) OPERACIONES SOBRE EL APARATO MUSCULOESQUELETICO
79.42,REDUCCION CERRADA EPIFISIOLISIS.RADIO Y CUBITO,79 REDUCION DE FRACTURA Y LUXACION,14. (76 84) OPERACIONES SOBRE EL APARATO MUSCULOESQUELETICO,14. (76 84) OPERACIONES SOBRE EL APARATO MUSCULOESQUELETICO
79.45,REDUCCION CERRADA EPIFISIOLISIS.FEMUR,79 REDUCION DE FRACTURA Y LUXACION,14. (76 84) OPERACIONES SOBRE EL APARATO MUSCULOESQUELETICO,14. (76 84) OPERACIONES SOBRE EL APARATO MUSCULOESQUELETICO
79.46,REDUCCION CERRADA EPIFISIOLISIS.TIBIA Y PERONE,79 REDUCION DE FRACTURA Y LUXACION,14. (76 84) OPERACIONES SOBRE EL APARATO MUSCULOESQUELETICO,14. (76 84) OPERACIONES SOBRE EL APARATO MUSCULOESQUELETICO
79.49,REDUCCION CERRADA EPIFISIOLISIS.OTRO HUESO,79 REDUCION DE FRACTURA Y LUXACION,14. (76 84) OPERACIONES SOBRE EL APARATO MUSCULOESQUELETICO,14. (76 84) OPERACIONES SOBRE EL APARATO MUSCULOESQUELETICO
79.5,REDUCCION ABIERTA EPIFISIOLISIS,79 REDUCION DE FRACTURA Y LUXACION,14. (76 84) OPERACIONES SOBRE EL APARATO MUSCULOESQUELETICO,14. (76 84) OPERACIONES SOBRE EL APARATO MUSCULOESQUELETICO
79.50,REDUCCION ABIERTA EPIFISIOLISIS.NEOM,79 REDUCION DE FRACTURA Y LUXACION,14. (76 84) OPERACIONES SOBRE EL APARATO MUSCULOESQUELETICO,14. (76 84) OPERACIONES SOBRE EL APARATO MUSCULOESQUELETICO
79.51,REDUCCION ABIERTA EPIFISIOLISIS.HUMERO,79 REDUCION DE FRACTURA Y LUXACION,14. (76 84) OPERACIONES SOBRE EL APARATO MUSCULOESQUELETICO,14. (76 84) OPERACIONES SOBRE EL APARATO MUSCULOESQUELETICO
79.52,REDUCCION ABIERTA EPIFISIOLISIS.RADIO Y CUBITO,79 REDUCION DE FRACTURA Y LUXACION,14. (76 84) OPERACIONES SOBRE EL APARATO MUSCULOESQUELETICO,14. (76 84) OPERACIONES SOBRE EL APARATO MUSCULOESQUELETICO
79.55,REDUCCION ABIERTA EPIFISIOLISIS.FEMUR,79 REDUCION DE FRACTURA Y LUXACION,14. (76 84) OPERACIONES SOBRE EL APARATO MUSCULOESQUELETICO,14. (76 84) OPERACIONES SOBRE EL APARATO MUSCULOESQUELETICO
79.56,REDUCCION ABIERTA EPIFISIOLISIS.TIBIA Y PERONE,79 REDUCION DE FRACTURA Y LUXACION,14. (76 84) OPERACIONES SOBRE EL APARATO MUSCULOESQUELETICO,14. (76 84) OPERACIONES SOBRE EL APARATO MUSCULOESQUELETICO
79.59,REDUCCION ABIERTA EPIFISIOLISIS.OTRO HUESO,79 REDUCION DE FRACTURA Y LUXACION,14. (76 84) OPERACIONES SOBRE EL APARATO MUSCULOESQUELETICO,14. (76 84) OPERACIONES SOBRE EL APARATO MUSCULOESQUELETICO
79.6,DESBRIDAMIENTO FRACTURA ABIERTA,79 REDUCION DE FRACTURA Y LUXACION,14. (76 84) OPERACIONES SOBRE EL APARATO MUSCULOESQUELETICO,14. (76 84) OPERACIONES SOBRE EL APARATO MUSCULOESQUELETICO
79.60,DESBRIDAMIENTO FRACTURA ABIERTA.NEOM,79 REDUCION DE FRACTURA Y LUXACION,14. (76 84) OPERACIONES SOBRE EL APARATO MUSCULOESQUELETICO,14. (76 84) OPERACIONES SOBRE EL APARATO MUSCULOESQUELETICO
79.61,DESBRIDAMIENTO FRACTURA ABIERTA.HUMERO,79 REDUCION DE FRACTURA Y LUXACION,14. (76 84) OPERACIONES SOBRE EL APARATO MUSCULOESQUELETICO,14. (76 84) OPERACIONES SOBRE EL APARATO MUSCULOESQUELETICO
79.62,DESBRIDAMIENTO FRACTURA ABIERTA.RADIO Y CUBITO,79 REDUCION DE FRACTURA Y LUXACION,14. (76 84) OPERACIONES SOBRE EL APARATO MUSCULOESQUELETICO,14. (76 84) OPERACIONES SOBRE EL APARATO MUSCULOESQUELETICO
79.63,DESBRIDAMIENTO FRACTURA ABIERTA.CARPO Y METACARPO,79 REDUCION DE FRACTURA Y LUXACION,14. (76 84) OPERACIONES SOBRE EL APARATO MUSCULOESQUELETICO,14. (76 84) OPERACIONES SOBRE EL APARATO MUSCULOESQUELETICO
79.64,DESBRIDAMIENTO FRACTURA ABIERTA.FALANGE MANO,79 REDUCION DE FRACTURA Y LUXACION,14. (76 84) OPERACIONES SOBRE EL APARATO MUSCULOESQUELETICO,14. (76 84) OPERACIONES SOBRE EL APARATO MUSCULOESQUELETICO
79.65,DESBRIDAMIENTO FRACTURA ABIERTA.FEMUR,79 REDUCION DE FRACTURA Y LUXACION,14. (76 84) OPERACIONES SOBRE EL APARATO MUSCULOESQUELETICO,14. (76 84) OPERACIONES SOBRE EL APARATO MUSCULOESQUELETICO
79.66,DESBRIDAMIENTO FRACTURA ABIERTA.TIBIA Y PERONE,79 REDUCION DE FRACTURA Y LUXACION,14. (76 84) OPERACIONES SOBRE EL APARATO MUSCULOESQUELETICO,14. (76 84) OPERACIONES SOBRE EL APARATO MUSCULOESQUELETICO
79.67,DESBRIDAMIENTO FRACTURA ABIERTA.TARSO Y METATARSO,79 REDUCION DE FRACTURA Y LUXACION,14. (76 84) OPERACIONES SOBRE EL APARATO MUSCULOESQUELETICO,14. (76 84) OPERACIONES SOBRE EL APARATO MUSCULOESQUELETICO
79.68,DESBRIDAMIENTO FRACTURA ABIERTA.FALANGE PIE,79 REDUCION DE FRACTURA Y LUXACION,14. (76 84) OPERACIONES SOBRE EL APARATO MUSCULOESQUELETICO,14. (76 84) OPERACIONES SOBRE EL APARATO MUSCULOESQUELETICO
79.69,DESBRIDAMIENTO FRACTURA ABIERTA.OTRO,79 REDUCION DE FRACTURA Y LUXACION,14. (76 84) OPERACIONES SOBRE EL APARATO MUSCULOESQUELETICO,14. (76 84) OPERACIONES SOBRE EL APARATO MUSCULOESQUELETICO
79.7,REDUCCION CERRADA LUXACION,79 REDUCION DE FRACTURA Y LUXACION,14. (76 84) OPERACIONES SOBRE EL APARATO MUSCULOESQUELETICO,14. (76 84) OPERACIONES SOBRE EL APARATO MUSCULOESQUELETICO
79.70,REDUCCION CERRADA LUXACION.NEOM,79 REDUCION DE FRACTURA Y LUXACION,14. (76 84) OPERACIONES SOBRE EL APARATO MUSCULOESQUELETICO,14. (76 84) OPERACIONES SOBRE EL APARATO MUSCULOESQUELETICO
79.71,REDUCCION CERRADA LUXACION.HOMBRO,79 REDUCION DE FRACTURA Y LUXACION,14. (76 84) OPERACIONES SOBRE EL APARATO MUSCULOESQUELETICO,14. (76 84) OPERACIONES SOBRE EL APARATO MUSCULOESQUELETICO
79.72,REDUCCION CERRADA LUXACION.CODO,79 REDUCION DE FRACTURA Y LUXACION,14. (76 84) OPERACIONES SOBRE EL APARATO MUSCULOESQUELETICO,14. (76 84) OPERACIONES SOBRE EL APARATO MUSCULOESQUELETICO
79.73,REDUCCION CERRADA LUXACION.MUÑECA,79 REDUCION DE FRACTURA Y LUXACION,14. (76 84) OPERACIONES SOBRE EL APARATO MUSCULOESQUELETICO,14. (76 84) OPERACIONES SOBRE EL APARATO MUSCULOESQUELETICO
79.74,REDUCCION CERRADA LUXACION.MANO Y DEDO,79 REDUCION DE FRACTURA Y LUXACION,14. (76 84) OPERACIONES SOBRE EL APARATO MUSCULOESQUELETICO,14. (76 84) OPERACIONES SOBRE EL APARATO MUSCULOESQUELETICO
79.75,REDUCCION CERRADA LUXACION.CADERA,79 REDUCION DE FRACTURA Y LUXACION,14. (76 84) OPERACIONES SOBRE EL APARATO MUSCULOESQUELETICO,14. (76 84) OPERACIONES SOBRE EL APARATO MUSCULOESQUELETICO
79.76,REDUCCION CERRADA LUXACION.RODILLA,79 REDUCION DE FRACTURA Y LUXACION,14. (76 84) OPERACIONES SOBRE EL APARATO MUSCULOESQUELETICO,14. (76 84) OPERACIONES SOBRE EL APARATO MUSCULOESQUELETICO
79.77,REDUCCION CERRADA LUXACION TOBILLO,79 REDUCION DE FRACTURA Y LUXACION,14. (76 84) OPERACIONES SOBRE EL APARATO MUSCULOESQUELETICO,14. (76 84) OPERACIONES SOBRE EL APARATO MUSCULOESQUELETICO
79.78,REDUCCION CERRADA LUXACION.PIE Y DEDO PIE,79 REDUCION DE FRACTURA Y LUXACION,14. (76 84) OPERACIONES SOBRE EL APARATO MUSCULOESQUELETICO,14. (76 84) OPERACIONES SOBRE EL APARATO MUSCULOESQUELETICO
79.79,REDUCCION CERRADA LUXACION.OTRA,79 REDUCION DE FRACTURA Y LUXACION,14. (76 84) OPERACIONES SOBRE EL APARATO MUSCULOESQUELETICO,14. (76 84) OPERACIONES SOBRE EL APARATO MUSCULOESQUELETICO
79.8,REDUCCION ABIERTA LUXACION,79 REDUCION DE FRACTURA Y LUXACION,14. (76 84) OPERACIONES SOBRE EL APARATO MUSCULOESQUELETICO,14. (76 84) OPERACIONES SOBRE EL APARATO MUSCULOESQUELETICO
79.80,REDUCCION ABIERTA LUXACION.NEOM,79 REDUCION DE FRACTURA Y LUXACION,14. (76 84) OPERACIONES SOBRE EL APARATO MUSCULOESQUELETICO,14. (76 84) OPERACIONES SOBRE EL APARATO MUSCULOESQUELETICO
79.81,REDUCCION ABIERTA LUXACION.HOMBRO,79 REDUCION DE FRACTURA Y LUXACION,14. (76 84) OPERACIONES SOBRE EL APARATO MUSCULOESQUELETICO,14. (76 84) OPERACIONES SOBRE EL APARATO MUSCULOESQUELETICO
79.82,REDUCCION ABIERTA LUXACION.CODO,79 REDUCION DE FRACTURA Y LUXACION,14. (76 84) OPERACIONES SOBRE EL APARATO MUSCULOESQUELETICO,14. (76 84) OPERACIONES SOBRE EL APARATO MUSCULOESQUELETICO
79.83,REDUCCION ABIERTA LUXACION MUÑECA,79 REDUCION DE FRACTURA Y LUXACION,14. (76 84) OPERACIONES SOBRE EL APARATO MUSCULOESQUELETICO,14. (76 84) OPERACIONES SOBRE EL APARATO MUSCULOESQUELETICO
79.84,REDUCCION ABIERTA LUXACION.MANO Y DEDO MANO,79 REDUCION DE FRACTURA Y LUXACION,14. (76 84) OPERACIONES SOBRE EL APARATO MUSCULOESQUELETICO,14. (76 84) OPERACIONES SOBRE EL APARATO MUSCULOESQUELETICO
79.85,REDUCCION ABIERTA LUXACION.CADERA,79 REDUCION DE FRACTURA Y LUXACION,14. (76 84) OPERACIONES SOBRE EL APARATO MUSCULOESQUELETICO,14. (76 84) OPERACIONES SOBRE EL APARATO MUSCULOESQUELETICO
79.86,REDUCCION ABIERTA LUXACION.RODILLA,79 REDUCION DE FRACTURA Y LUXACION,14. (76 84) OPERACIONES SOBRE EL APARATO MUSCULOESQUELETICO,14. (76 84) OPERACIONES SOBRE EL APARATO MUSCULOESQUELETICO
79.87,REDUCCION ABIERTA LUXACION.TOBILLO,79 REDUCION DE FRACTURA Y LUXACION,14. (76 84) OPERACIONES SOBRE EL APARATO MUSCULOESQUELETICO,14. (76 84) OPERACIONES SOBRE EL APARATO MUSCULOESQUELETICO
79.88,REDUCCION ABIERTA LUXACION.PIE Y DEDO PIE,79 REDUCION DE FRACTURA Y LUXACION,14. (76 84) OPERACIONES SOBRE EL APARATO MUSCULOESQUELETICO,14. (76 84) OPERACIONES SOBRE EL APARATO MUSCULOESQUELETICO
79.89,REDUCCION ABIERTA LUXACION.OTRA,79 REDUCION DE FRACTURA Y LUXACION,14. (76 84) OPERACIONES SOBRE EL APARATO MUSCULOESQUELETICO,14. (76 84) OPERACIONES SOBRE EL APARATO MUSCULOESQUELETICO
79.9,OPERACION HUESO NEOM,79 REDUCION DE FRACTURA Y LUXACION,14. (76 84) OPERACIONES SOBRE EL APARATO MUSCULOESQUELETICO,14. (76 84) OPERACIONES SOBRE EL APARATO MUSCULOESQUELETICO
79.90,OPERACION HUESO NEOM.NEOM,79 REDUCION DE FRACTURA Y LUXACION,14. (76 84) OPERACIONES SOBRE EL APARATO MUSCULOESQUELETICO,14. (76 84) OPERACIONES SOBRE EL APARATO MUSCULOESQUELETICO
79.91,OPERACION HUESO NEOM.HUMERO,79 REDUCION DE FRACTURA Y LUXACION,14. (76 84) OPERACIONES SOBRE EL APARATO MUSCULOESQUELETICO,14. (76 84) OPERACIONES SOBRE EL APARATO MUSCULOESQUELETICO
79.92,OPERACION HUESO NEOM.RADIO Y CUBITO,79 REDUCION DE FRACTURA Y LUXACION,14. (76 84) OPERACIONES SOBRE EL APARATO MUSCULOESQUELETICO,14. (76 84) OPERACIONES SOBRE EL APARATO MUSCULOESQUELETICO
79.93,OPERACION HUESO NEOM.CARPO Y METACARPO,79 REDUCION DE FRACTURA Y LUXACION,14. (76 84) OPERACIONES SOBRE EL APARATO MUSCULOESQUELETICO,14. (76 84) OPERACIONES SOBRE EL APARATO MUSCULOESQUELETICO
79.94,OPERACION HUESO NEOM.FALANGE MANO,79 REDUCION DE FRACTURA Y LUXACION,14. (76 84) OPERACIONES SOBRE EL APARATO MUSCULOESQUELETICO,14. (76 84) OPERACIONES SOBRE EL APARATO MUSCULOESQUELETICO
79.95,OPERACION HUESO NEOM.FEMUR,79 REDUCION DE FRACTURA Y LUXACION,14. (76 84) OPERACIONES SOBRE EL APARATO MUSCULOESQUELETICO,14. (76 84) OPERACIONES SOBRE EL APARATO MUSCULOESQUELETICO
79.96,OPERACION HUESO NEOM.TIBIA Y PERONE,79 REDUCION DE FRACTURA Y LUXACION,14. (76 84) OPERACIONES SOBRE EL APARATO MUSCULOESQUELETICO,14. (76 84) OPERACIONES SOBRE EL APARATO MUSCULOESQUELETICO
79.97,OPERACION HUESO NEOM.TARSO Y METATARSO,79 REDUCION DE FRACTURA Y LUXACION,14. (76 84) OPERACIONES SOBRE EL APARATO MUSCULOESQUELETICO,14. (76 84) OPERACIONES SOBRE EL APARATO MUSCULOESQUELETICO
79.98,OPERACION HUESO NEOM.FALANGE PIE,79 REDUCION DE FRACTURA Y LUXACION,14. (76 84) OPERACIONES SOBRE EL APARATO MUSCULOESQUELETICO,14. (76 84) OPERACIONES SOBRE EL APARATO MUSCULOESQUELETICO
79.99,OPERACION HUESO NEOM.OTRO HUESO,79 REDUCION DE FRACTURA Y LUXACION,14. (76 84) OPERACIONES SOBRE EL APARATO MUSCULOESQUELETICO,14. (76 84) OPERACIONES SOBRE EL APARATO MUSCULOESQUELETICO
80,INCISION ESTRUCTURA ARTICULACION,80 INCISION Y EXCISION DE ESTRUCTURA DE LA ARTICULACION,14. (76 84) OPERACIONES SOBRE EL APARATO MUSCULOESQUELETICO,14. (76 84) OPERACIONES SOBRE EL APARATO MUSCULOESQUELETICO
80.0,ARTROTOMIA PARA EXTRACCION PROTESIS,80 INCISION Y EXCISION DE ESTRUCTURA DE LA ARTICULACION,14. (76 84) OPERACIONES SOBRE EL APARATO MUSCULOESQUELETICO,14. (76 84) OPERACIONES SOBRE EL APARATO MUSCULOESQUELETICO
80.00,ARTROTOMIA NEOM PARA EXTRACCION PROTESIS,80 INCISION Y EXCISION DE ESTRUCTURA DE LA ARTICULACION,14. (76 84) OPERACIONES SOBRE EL APARATO MUSCULOESQUELETICO,14. (76 84) OPERACIONES SOBRE EL APARATO MUSCULOESQUELETICO
80.01,ARTROTOMIA HOMBRO PARA EXTRACCION PROTESIS,80 INCISION Y EXCISION DE ESTRUCTURA DE LA ARTICULACION,14. (76 84) OPERACIONES SOBRE EL APARATO MUSCULOESQUELETICO,14. (76 84) OPERACIONES SOBRE EL APARATO MUSCULOESQUELETICO
80.02,ARTROTOMIA CODO PARA EXTRACCION PROTESIS,80 INCISION Y EXCISION DE ESTRUCTURA DE LA ARTICULACION,14. (76 84) OPERACIONES SOBRE EL APARATO MUSCULOESQUELETICO,14. (76 84) OPERACIONES SOBRE EL APARATO MUSCULOESQUELETICO
80.03,ARTROTOMIA MUÑECA PARA EXTRACCION PROTESIS,80 INCISION Y EXCISION DE ESTRUCTURA DE LA ARTICULACION,14. (76 84) OPERACIONES SOBRE EL APARATO MUSCULOESQUELETICO,14. (76 84) OPERACIONES SOBRE EL APARATO MUSCULOESQUELETICO
80.04,ARTROTOMIA MANO Y DEDO MANO PARA EXTRACCION PROTESIS SIN SUSTITUCION,80 INCISION Y EXCISION DE ESTRUCTURA DE LA ARTICULACION,14. (76 84) OPERACIONES SOBRE EL APARATO MUSCULOESQUELETICO,14. (76 84) OPERACIONES SOBRE EL APARATO MUSCULOESQUELETICO
80.05,ARTROTOMIA CADERA PARA EXTRACCION PROTESIS SIN SUSTITUCION,80 INCISION Y EXCISION DE ESTRUCTURA DE LA ARTICULACION,14. (76 84) OPERACIONES SOBRE EL APARATO MUSCULOESQUELETICO,14. (76 84) OPERACIONES SOBRE EL APARATO MUSCULOESQUELETICO
80.06,ARTROTOMIA RODILLA PARA EXTRACCION PROTESIS SIN SUSTITUCION,80 INCISION Y EXCISION DE ESTRUCTURA DE LA ARTICULACION,14. (76 84) OPERACIONES SOBRE EL APARATO MUSCULOESQUELETICO,14. (76 84) OPERACIONES SOBRE EL APARATO MUSCULOESQUELETICO
80.07,ARTROTOMIA TOBILLO PARA EXTRACCION PROTESIS SIN SUSTITUCION,80 INCISION Y EXCISION DE ESTRUCTURA DE LA ARTICULACION,14. (76 84) OPERACIONES SOBRE EL APARATO MUSCULOESQUELETICO,14. (76 84) OPERACIONES SOBRE EL APARATO MUSCULOESQUELETICO
80.08,ARTROTOMIA PIE Y DEDO PIE PARA EXTRACCION PROTESIS SIN SUSTITUCION,80 INCISION Y EXCISION DE ESTRUCTURA DE LA ARTICULACION,14. (76 84) OPERACIONES SOBRE EL APARATO MUSCULOESQUELETICO,14. (76 84) OPERACIONES SOBRE EL APARATO MUSCULOESQUELETICO
80.09,ARTROTOMIA OTRO SITIO PARA EXTRACCION PROTESIS SIN SUSTITUCION,80 INCISION Y EXCISION DE ESTRUCTURA DE LA ARTICULACION,14. (76 84) OPERACIONES SOBRE EL APARATO MUSCULOESQUELETICO,14. (76 84) OPERACIONES SOBRE EL APARATO MUSCULOESQUELETICO
80.1,ARTROTOMIA OTRA,80 INCISION Y EXCISION DE ESTRUCTURA DE LA ARTICULACION,14. (76 84) OPERACIONES SOBRE EL APARATO MUSCULOESQUELETICO,14. (76 84) OPERACIONES SOBRE EL APARATO MUSCULOESQUELETICO
80.10,ARTROTOMIA NEOM OTRA,80 INCISION Y EXCISION DE ESTRUCTURA DE LA ARTICULACION,14. (76 84) OPERACIONES SOBRE EL APARATO MUSCULOESQUELETICO,14. (76 84) OPERACIONES SOBRE EL APARATO MUSCULOESQUELETICO
80.11,ARTROTOMIA HOMBRO OTRA,80 INCISION Y EXCISION DE ESTRUCTURA DE LA ARTICULACION,14. (76 84) OPERACIONES SOBRE EL APARATO MUSCULOESQUELETICO,14. (76 84) OPERACIONES SOBRE EL APARATO MUSCULOESQUELETICO
80.12,ARTROTOMIA CODO OTRA,80 INCISION Y EXCISION DE ESTRUCTURA DE LA ARTICULACION,14. (76 84) OPERACIONES SOBRE EL APARATO MUSCULOESQUELETICO,14. (76 84) OPERACIONES SOBRE EL APARATO MUSCULOESQUELETICO
80.13,ARTROTOMIA MUÑECA OTRA,80 INCISION Y EXCISION DE ESTRUCTURA DE LA ARTICULACION,14. (76 84) OPERACIONES SOBRE EL APARATO MUSCULOESQUELETICO,14. (76 84) OPERACIONES SOBRE EL APARATO MUSCULOESQUELETICO
80.14,ARTROTOMIA MANO Y DEDO MANO OTRA,80 INCISION Y EXCISION DE ESTRUCTURA DE LA ARTICULACION,14. (76 84) OPERACIONES SOBRE EL APARATO MUSCULOESQUELETICO,14. (76 84) OPERACIONES SOBRE EL APARATO MUSCULOESQUELETICO
80.15,ARTROTOMIA CADERA OTRA,80 INCISION Y EXCISION DE ESTRUCTURA DE LA ARTICULACION,14. (76 84) OPERACIONES SOBRE EL APARATO MUSCULOESQUELETICO,14. (76 84) OPERACIONES SOBRE EL APARATO MUSCULOESQUELETICO
80.16,ARTROTOMIA RODILLA OTRA,80 INCISION Y EXCISION DE ESTRUCTURA DE LA ARTICULACION,14. (76 84) OPERACIONES SOBRE EL APARATO MUSCULOESQUELETICO,14. (76 84) OPERACIONES SOBRE EL APARATO MUSCULOESQUELETICO
80.17,ARTROTOMIA TOBILLO OTRA,80 INCISION Y EXCISION DE ESTRUCTURA DE LA ARTICULACION,14. (76 84) OPERACIONES SOBRE EL APARATO MUSCULOESQUELETICO,14. (76 84) OPERACIONES SOBRE EL APARATO MUSCULOESQUELETICO
80.18,ARTROTOMIA PIE Y DEDO PIE OTRA,80 INCISION Y EXCISION DE ESTRUCTURA DE LA ARTICULACION,14. (76 84) OPERACIONES SOBRE EL APARATO MUSCULOESQUELETICO,14. (76 84) OPERACIONES SOBRE EL APARATO MUSCULOESQUELETICO
80.19,ARTROTOMIA OTRO SITIO OTRA,80 INCISION Y EXCISION DE ESTRUCTURA DE LA ARTICULACION,14. (76 84) OPERACIONES SOBRE EL APARATO MUSCULOESQUELETICO,14. (76 84) OPERACIONES SOBRE EL APARATO MUSCULOESQUELETICO
80.2,ARTROSCOPIA,80 INCISION Y EXCISION DE ESTRUCTURA DE LA ARTICULACION,14. (76 84) OPERACIONES SOBRE EL APARATO MUSCULOESQUELETICO,14. (76 84) OPERACIONES SOBRE EL APARATO MUSCULOESQUELETICO
80.20,ARTROSCOPIA.NEOM,80 INCISION Y EXCISION DE ESTRUCTURA DE LA ARTICULACION,14. (76 84) OPERACIONES SOBRE EL APARATO MUSCULOESQUELETICO,14. (76 84) OPERACIONES SOBRE EL APARATO MUSCULOESQUELETICO
80.21,ARTROSCOPIA.HOMBRO,80 INCISION Y EXCISION DE ESTRUCTURA DE LA ARTICULACION,14. (76 84) OPERACIONES SOBRE EL APARATO MUSCULOESQUELETICO,14. (76 84) OPERACIONES SOBRE EL APARATO MUSCULOESQUELETICO
80.22,ARTROSCOPIA.CODO,80 INCISION Y EXCISION DE ESTRUCTURA DE LA ARTICULACION,14. (76 84) OPERACIONES SOBRE EL APARATO MUSCULOESQUELETICO,14. (76 84) OPERACIONES SOBRE EL APARATO MUSCULOESQUELETICO
80.23,ARTROSCOPIA.MUÑECA,80 INCISION Y EXCISION DE ESTRUCTURA DE LA ARTICULACION,14. (76 84) OPERACIONES SOBRE EL APARATO MUSCULOESQUELETICO,14. (76 84) OPERACIONES SOBRE EL APARATO MUSCULOESQUELETICO
80.24,ARTROSCOPIA.MANO Y DEDO MANO,80 INCISION Y EXCISION DE ESTRUCTURA DE LA ARTICULACION,14. (76 84) OPERACIONES SOBRE EL APARATO MUSCULOESQUELETICO,14. (76 84) OPERACIONES SOBRE EL APARATO MUSCULOESQUELETICO
80.25,ARTROSCOPIA.CADERA,80 INCISION Y EXCISION DE ESTRUCTURA DE LA ARTICULACION,14. (76 84) OPERACIONES SOBRE EL APARATO MUSCULOESQUELETICO,14. (76 84) OPERACIONES SOBRE EL APARATO MUSCULOESQUELETICO
80.26,ARTROSCOPIA.RODILLA,80 INCISION Y EXCISION DE ESTRUCTURA DE LA ARTICULACION,14. (76 84) OPERACIONES SOBRE EL APARATO MUSCULOESQUELETICO,14. (76 84) OPERACIONES SOBRE EL APARATO MUSCULOESQUELETICO
80.27,ARTROSCOPIA.TOBILLO,80 INCISION Y EXCISION DE ESTRUCTURA DE LA ARTICULACION,14. (76 84) OPERACIONES SOBRE EL APARATO MUSCULOESQUELETICO,14. (76 84) OPERACIONES SOBRE EL APARATO MUSCULOESQUELETICO
80.28,ARTROSCOPIA.PIE Y DEDO PIE,80 INCISION Y EXCISION DE ESTRUCTURA DE LA ARTICULACION,14. (76 84) OPERACIONES SOBRE EL APARATO MUSCULOESQUELETICO,14. (76 84) OPERACIONES SOBRE EL APARATO MUSCULOESQUELETICO
80.29,ARTROSCOPIA.OTRA,80 INCISION Y EXCISION DE ESTRUCTURA DE LA ARTICULACION,14. (76 84) OPERACIONES SOBRE EL APARATO MUSCULOESQUELETICO,14. (76 84) OPERACIONES SOBRE EL APARATO MUSCULOESQUELETICO
80.3,BIOPSIA ARTICULACION,80 INCISION Y EXCISION DE ESTRUCTURA DE LA ARTICULACION,14. (76 84) OPERACIONES SOBRE EL APARATO MUSCULOESQUELETICO,14. (76 84) OPERACIONES SOBRE EL APARATO MUSCULOESQUELETICO
80.30,BIOPSIA ARTICULACION.NEOM,80 INCISION Y EXCISION DE ESTRUCTURA DE LA ARTICULACION,14. (76 84) OPERACIONES SOBRE EL APARATO MUSCULOESQUELETICO,14. (76 84) OPERACIONES SOBRE EL APARATO MUSCULOESQUELETICO
80.31,BIOPSIA ARTICULACION.HOMBRO,80 INCISION Y EXCISION DE ESTRUCTURA DE LA ARTICULACION,14. (76 84) OPERACIONES SOBRE EL APARATO MUSCULOESQUELETICO,14. (76 84) OPERACIONES SOBRE EL APARATO MUSCULOESQUELETICO
80.32,BIOPSIA ARTICULACION.CODO,80 INCISION Y EXCISION DE ESTRUCTURA DE LA ARTICULACION,14. (76 84) OPERACIONES SOBRE EL APARATO MUSCULOESQUELETICO,14. (76 84) OPERACIONES SOBRE EL APARATO MUSCULOESQUELETICO
80.33,BIOPSIA ARTICULACION.MUÑECA,80 INCISION Y EXCISION DE ESTRUCTURA DE LA ARTICULACION,14. (76 84) OPERACIONES SOBRE EL APARATO MUSCULOESQUELETICO,14. (76 84) OPERACIONES SOBRE EL APARATO MUSCULOESQUELETICO
80.34,BIOPSIA ARTICULACION.MANO Y DEDO MANO,80 INCISION Y EXCISION DE ESTRUCTURA DE LA ARTICULACION,14. (76 84) OPERACIONES SOBRE EL APARATO MUSCULOESQUELETICO,14. (76 84) OPERACIONES SOBRE EL APARATO MUSCULOESQUELETICO
80.35,BIOPSIA ARTICULACION.CADERA,80 INCISION Y EXCISION DE ESTRUCTURA DE LA ARTICULACION,14. (76 84) OPERACIONES SOBRE EL APARATO MUSCULOESQUELETICO,14. (76 84) OPERACIONES SOBRE EL APARATO MUSCULOESQUELETICO
80.36,BIOPSIA ARTICULACION.RODILLA,80 INCISION Y EXCISION DE ESTRUCTURA DE LA ARTICULACION,14. (76 84) OPERACIONES SOBRE EL APARATO MUSCULOESQUELETICO,14. (76 84) OPERACIONES SOBRE EL APARATO MUSCULOESQUELETICO
80.37,BIOPSIA ARTICULACION.TOBILLO,80 INCISION Y EXCISION DE ESTRUCTURA DE LA ARTICULACION,14. (76 84) OPERACIONES SOBRE EL APARATO MUSCULOESQUELETICO,14. (76 84) OPERACIONES SOBRE EL APARATO MUSCULOESQUELETICO
80.38,BIOPSIA ARTICULACION.PIE Y DEDO PIE,80 INCISION Y EXCISION DE ESTRUCTURA DE LA ARTICULACION,14. (76 84) OPERACIONES SOBRE EL APARATO MUSCULOESQUELETICO,14. (76 84) OPERACIONES SOBRE EL APARATO MUSCULOESQUELETICO
80.39,BIOPSIA ARTICULACION.OTRA,80 INCISION Y EXCISION DE ESTRUCTURA DE LA ARTICULACION,14. (76 84) OPERACIONES SOBRE EL APARATO MUSCULOESQUELETICO,14. (76 84) OPERACIONES SOBRE EL APARATO MUSCULOESQUELETICO
80.4,SECCION ARTICULACION,80 INCISION Y EXCISION DE ESTRUCTURA DE LA ARTICULACION,14. (76 84) OPERACIONES SOBRE EL APARATO MUSCULOESQUELETICO,14. (76 84) OPERACIONES SOBRE EL APARATO MUSCULOESQUELETICO
80.40,SECCION ARTICULACION.NEOM,80 INCISION Y EXCISION DE ESTRUCTURA DE LA ARTICULACION,14. (76 84) OPERACIONES SOBRE EL APARATO MUSCULOESQUELETICO,14. (76 84) OPERACIONES SOBRE EL APARATO MUSCULOESQUELETICO
80.41,SECCION ARTICULACION.HOMBRO,80 INCISION Y EXCISION DE ESTRUCTURA DE LA ARTICULACION,14. (76 84) OPERACIONES SOBRE EL APARATO MUSCULOESQUELETICO,14. (76 84) OPERACIONES SOBRE EL APARATO MUSCULOESQUELETICO
80.42,SECCION ARTICULACION.CODO,80 INCISION Y EXCISION DE ESTRUCTURA DE LA ARTICULACION,14. (76 84) OPERACIONES SOBRE EL APARATO MUSCULOESQUELETICO,14. (76 84) OPERACIONES SOBRE EL APARATO MUSCULOESQUELETICO
80.43,SECCION ARTICULACION.MUÑECA,80 INCISION Y EXCISION DE ESTRUCTURA DE LA ARTICULACION,14. (76 84) OPERACIONES SOBRE EL APARATO MUSCULOESQUELETICO,14. (76 84) OPERACIONES SOBRE EL APARATO MUSCULOESQUELETICO
80.44,SECCION ARTICULACION.MANO Y DEDO MANO,80 INCISION Y EXCISION DE ESTRUCTURA DE LA ARTICULACION,14. (76 84) OPERACIONES SOBRE EL APARATO MUSCULOESQUELETICO,14. (76 84) OPERACIONES SOBRE EL APARATO MUSCULOESQUELETICO
80.45,SECCION ARTICULACION.CADERA,80 INCISION Y EXCISION DE ESTRUCTURA DE LA ARTICULACION,14. (76 84) OPERACIONES SOBRE EL APARATO MUSCULOESQUELETICO,14. (76 84) OPERACIONES SOBRE EL APARATO MUSCULOESQUELETICO
80.46,SECCION ARTICULACION.RODILLA,80 INCISION Y EXCISION DE ESTRUCTURA DE LA ARTICULACION,14. (76 84) OPERACIONES SOBRE EL APARATO MUSCULOESQUELETICO,14. (76 84) OPERACIONES SOBRE EL APARATO MUSCULOESQUELETICO
80.47,SECCION ARTICULACION.TOBILLO,80 INCISION Y EXCISION DE ESTRUCTURA DE LA ARTICULACION,14. (76 84) OPERACIONES SOBRE EL APARATO MUSCULOESQUELETICO,14. (76 84) OPERACIONES SOBRE EL APARATO MUSCULOESQUELETICO
80.48,SECCION ARTICULACION.PIE Y DEDO PIE,80 INCISION Y EXCISION DE ESTRUCTURA DE LA ARTICULACION,14. (76 84) OPERACIONES SOBRE EL APARATO MUSCULOESQUELETICO,14. (76 84) OPERACIONES SOBRE EL APARATO MUSCULOESQUELETICO
80.49,SECCION ARTICULACION.OTRA,80 INCISION Y EXCISION DE ESTRUCTURA DE LA ARTICULACION,14. (76 84) OPERACIONES SOBRE EL APARATO MUSCULOESQUELETICO,14. (76 84) OPERACIONES SOBRE EL APARATO MUSCULOESQUELETICO
80.5,ESCISION DISCO INTERVERTEBRAL,80 INCISION Y EXCISION DE ESTRUCTURA DE LA ARTICULACION,14. (76 84) OPERACIONES SOBRE EL APARATO MUSCULOESQUELETICO,14. (76 84) OPERACIONES SOBRE EL APARATO MUSCULOESQUELETICO
80.50,ESCISION DISCO INTERVERTEBRAL NEOM,80 INCISION Y EXCISION DE ESTRUCTURA DE LA ARTICULACION,14. (76 84) OPERACIONES SOBRE EL APARATO MUSCULOESQUELETICO,14. (76 84) OPERACIONES SOBRE EL APARATO MUSCULOESQUELETICO
80.51,ESCISION DISCO INTERVERTEBRAL,80 INCISION Y EXCISION DE ESTRUCTURA DE LA ARTICULACION,14. (76 84) OPERACIONES SOBRE EL APARATO MUSCULOESQUELETICO,14. (76 84) OPERACIONES SOBRE EL APARATO MUSCULOESQUELETICO
80.52,QUIMIONUCLEOLISIS INTERVERTEBRAL CON ASPIRACION FRAGMENTO,80 INCISION Y EXCISION DE ESTRUCTURA DE LA ARTICULACION,14. (76 84) OPERACIONES SOBRE EL APARATO MUSCULOESQUELETICO,14. (76 84) OPERACIONES SOBRE EL APARATO MUSCULOESQUELETICO
80.53,REPARACION ANNULUS FIBROSUS CON INJERTO O PROTESIS,80 INCISION Y EXCISION DE ESTRUCTURA DE LA ARTICULACION,14. (76 84) OPERACIONES SOBRE EL APARATO MUSCULOESQUELETICO,14. (76 84) OPERACIONES SOBRE EL APARATO MUSCULOESQUELETICO
80.54,REPARACION ANNULUS FIBROSUS OTRA Y NEOM,80 INCISION Y EXCISION DE ESTRUCTURA DE LA ARTICULACION,14. (76 84) OPERACIONES SOBRE EL APARATO MUSCULOESQUELETICO,14. (76 84) OPERACIONES SOBRE EL APARATO MUSCULOESQUELETICO
80.59,ESCISION DISCO INTERVERTEBRAL OTRA,80 INCISION Y EXCISION DE ESTRUCTURA DE LA ARTICULACION,14. (76 84) OPERACIONES SOBRE EL APARATO MUSCULOESQUELETICO,14. (76 84) OPERACIONES SOBRE EL APARATO MUSCULOESQUELETICO
80.6,ESCISION MENISCO RODILLA,80 INCISION Y EXCISION DE ESTRUCTURA DE LA ARTICULACION,14. (76 84) OPERACIONES SOBRE EL APARATO MUSCULOESQUELETICO,14. (76 84) OPERACIONES SOBRE EL APARATO MUSCULOESQUELETICO
80.7,SINOVECTOMIA,80 INCISION Y EXCISION DE ESTRUCTURA DE LA ARTICULACION,14. (76 84) OPERACIONES SOBRE EL APARATO MUSCULOESQUELETICO,14. (76 84) OPERACIONES SOBRE EL APARATO MUSCULOESQUELETICO
80.70,SINOVECTOMIA.NEOM,80 INCISION Y EXCISION DE ESTRUCTURA DE LA ARTICULACION,14. (76 84) OPERACIONES SOBRE EL APARATO MUSCULOESQUELETICO,14. (76 84) OPERACIONES SOBRE EL APARATO MUSCULOESQUELETICO
80.71,SINOVECTOMIA.HOMBRO,80 INCISION Y EXCISION DE ESTRUCTURA DE LA ARTICULACION,14. (76 84) OPERACIONES SOBRE EL APARATO MUSCULOESQUELETICO,14. (76 84) OPERACIONES SOBRE EL APARATO MUSCULOESQUELETICO
80.72,SINOVECTOMIA.CODO,80 INCISION Y EXCISION DE ESTRUCTURA DE LA ARTICULACION,14. (76 84) OPERACIONES SOBRE EL APARATO MUSCULOESQUELETICO,14. (76 84) OPERACIONES SOBRE EL APARATO MUSCULOESQUELETICO
80.73,SINOVECTOMIA.MUÑECA,80 INCISION Y EXCISION DE ESTRUCTURA DE LA ARTICULACION,14. (76 84) OPERACIONES SOBRE EL APARATO MUSCULOESQUELETICO,14. (76 84) OPERACIONES SOBRE EL APARATO MUSCULOESQUELETICO
80.74,SINOVECTOMIA.MANO Y DEDO MANO,80 INCISION Y EXCISION DE ESTRUCTURA DE LA ARTICULACION,14. (76 84) OPERACIONES SOBRE EL APARATO MUSCULOESQUELETICO,14. (76 84) OPERACIONES SOBRE EL APARATO MUSCULOESQUELETICO
80.75,SINOVECTOMIA.CADERA,80 INCISION Y EXCISION DE ESTRUCTURA DE LA ARTICULACION,14. (76 84) OPERACIONES SOBRE EL APARATO MUSCULOESQUELETICO,14. (76 84) OPERACIONES SOBRE EL APARATO MUSCULOESQUELETICO
80.76,SINOVECTOMIA.RODILLA,80 INCISION Y EXCISION DE ESTRUCTURA DE LA ARTICULACION,14. (76 84) OPERACIONES SOBRE EL APARATO MUSCULOESQUELETICO,14. (76 84) OPERACIONES SOBRE EL APARATO MUSCULOESQUELETICO
80.77,SINOVECTOMIA.TOBILLO,80 INCISION Y EXCISION DE ESTRUCTURA DE LA ARTICULACION,14. (76 84) OPERACIONES SOBRE EL APARATO MUSCULOESQUELETICO,14. (76 84) OPERACIONES SOBRE EL APARATO MUSCULOESQUELETICO
80.78,SINOVECTOMIA.PIE Y DEDO PIE,80 INCISION Y EXCISION DE ESTRUCTURA DE LA ARTICULACION,14. (76 84) OPERACIONES SOBRE EL APARATO MUSCULOESQUELETICO,14. (76 84) OPERACIONES SOBRE EL APARATO MUSCULOESQUELETICO
80.79,SINOVECTOMIA.OTRA,80 INCISION Y EXCISION DE ESTRUCTURA DE LA ARTICULACION,14. (76 84) OPERACIONES SOBRE EL APARATO MUSCULOESQUELETICO,14. (76 84) OPERACIONES SOBRE EL APARATO MUSCULOESQUELETICO
80.8,ESCISION ARTICULACION LOCAL OTRA,80 INCISION Y EXCISION DE ESTRUCTURA DE LA ARTICULACION,14. (76 84) OPERACIONES SOBRE EL APARATO MUSCULOESQUELETICO,14. (76 84) OPERACIONES SOBRE EL APARATO MUSCULOESQUELETICO
80.80,ESCISION ARTICULACION LOCAL OTRA.NEOM,80 INCISION Y EXCISION DE ESTRUCTURA DE LA ARTICULACION,14. (76 84) OPERACIONES SOBRE EL APARATO MUSCULOESQUELETICO,14. (76 84) OPERACIONES SOBRE EL APARATO MUSCULOESQUELETICO
80.81,ESCISION ARTICULACION LOCAL OTRA.HOMBRO,80 INCISION Y EXCISION DE ESTRUCTURA DE LA ARTICULACION,14. (76 84) OPERACIONES SOBRE EL APARATO MUSCULOESQUELETICO,14. (76 84) OPERACIONES SOBRE EL APARATO MUSCULOESQUELETICO
80.82,ESCISION ARTICULACION LOCAL OTRA.CODO,80 INCISION Y EXCISION DE ESTRUCTURA DE LA ARTICULACION,14. (76 84) OPERACIONES SOBRE EL APARATO MUSCULOESQUELETICO,14. (76 84) OPERACIONES SOBRE EL APARATO MUSCULOESQUELETICO
80.83,ESCISION ARTICULACION LOCAL OTRA.MUÑECA,80 INCISION Y EXCISION DE ESTRUCTURA DE LA ARTICULACION,14. (76 84) OPERACIONES SOBRE EL APARATO MUSCULOESQUELETICO,14. (76 84) OPERACIONES SOBRE EL APARATO MUSCULOESQUELETICO
80.84,ESCISION ARTICULACION LOCAL OTRA.MANO Y DEDO,80 INCISION Y EXCISION DE ESTRUCTURA DE LA ARTICULACION,14. (76 84) OPERACIONES SOBRE EL APARATO MUSCULOESQUELETICO,14. (76 84) OPERACIONES SOBRE EL APARATO MUSCULOESQUELETICO
80.85,ESCISION ARTICULACION LOCAL OTRA.CADERA,80 INCISION Y EXCISION DE ESTRUCTURA DE LA ARTICULACION,14. (76 84) OPERACIONES SOBRE EL APARATO MUSCULOESQUELETICO,14. (76 84) OPERACIONES SOBRE EL APARATO MUSCULOESQUELETICO
80.86,ESCISION ARTICULACION LOCAL OTRA.RODILLA,80 INCISION Y EXCISION DE ESTRUCTURA DE LA ARTICULACION,14. (76 84) OPERACIONES SOBRE EL APARATO MUSCULOESQUELETICO,14. (76 84) OPERACIONES SOBRE EL APARATO MUSCULOESQUELETICO
80.87,ESCISION ARTICULACION LOCAL OTRA.TOBILLO,80 INCISION Y EXCISION DE ESTRUCTURA DE LA ARTICULACION,14. (76 84) OPERACIONES SOBRE EL APARATO MUSCULOESQUELETICO,14. (76 84) OPERACIONES SOBRE EL APARATO MUSCULOESQUELETICO
80.88,ESCISION ARTICULACION LOCAL OTRA.PIE Y DEDO PIE,80 INCISION Y EXCISION DE ESTRUCTURA DE LA ARTICULACION,14. (76 84) OPERACIONES SOBRE EL APARATO MUSCULOESQUELETICO,14. (76 84) OPERACIONES SOBRE EL APARATO MUSCULOESQUELETICO
80.89,ESCISION ARTICULACION LOCAL OTRA.OTRA,80 INCISION Y EXCISION DE ESTRUCTURA DE LA ARTICULACION,14. (76 84) OPERACIONES SOBRE EL APARATO MUSCULOESQUELETICO,14. (76 84) OPERACIONES SOBRE EL APARATO MUSCULOESQUELETICO
80.9,ESCISION ARTICULACION OTRA,80 INCISION Y EXCISION DE ESTRUCTURA DE LA ARTICULACION,14. (76 84) OPERACIONES SOBRE EL APARATO MUSCULOESQUELETICO,14. (76 84) OPERACIONES SOBRE EL APARATO MUSCULOESQUELETICO
80.90,ESCISION ARTICULACION OTRA.NEOM,80 INCISION Y EXCISION DE ESTRUCTURA DE LA ARTICULACION,14. (76 84) OPERACIONES SOBRE EL APARATO MUSCULOESQUELETICO,14. (76 84) OPERACIONES SOBRE EL APARATO MUSCULOESQUELETICO
80.91,ESCISION ARTICULACION OTRA.HOMBRO,80 INCISION Y EXCISION DE ESTRUCTURA DE LA ARTICULACION,14. (76 84) OPERACIONES SOBRE EL APARATO MUSCULOESQUELETICO,14. (76 84) OPERACIONES SOBRE EL APARATO MUSCULOESQUELETICO
80.92,ESCISION ARTICULACION OTRA.CODO,80 INCISION Y EXCISION DE ESTRUCTURA DE LA ARTICULACION,14. (76 84) OPERACIONES SOBRE EL APARATO MUSCULOESQUELETICO,14. (76 84) OPERACIONES SOBRE EL APARATO MUSCULOESQUELETICO
80.93,ESCISION ARTICULACION OTRA.MUÑECA,80 INCISION Y EXCISION DE ESTRUCTURA DE LA ARTICULACION,14. (76 84) OPERACIONES SOBRE EL APARATO MUSCULOESQUELETICO,14. (76 84) OPERACIONES SOBRE EL APARATO MUSCULOESQUELETICO
80.94,ESCISION ARTICULACION OTRA.MANO Y DEDO MANO,80 INCISION Y EXCISION DE ESTRUCTURA DE LA ARTICULACION,14. (76 84) OPERACIONES SOBRE EL APARATO MUSCULOESQUELETICO,14. (76 84) OPERACIONES SOBRE EL APARATO MUSCULOESQUELETICO
80.95,ESCISION ARTICULACION OTRA.CADERA,80 INCISION Y EXCISION DE ESTRUCTURA DE LA ARTICULACION,14. (76 84) OPERACIONES SOBRE EL APARATO MUSCULOESQUELETICO,14. (76 84) OPERACIONES SOBRE EL APARATO MUSCULOESQUELETICO
80.96,ESCISION ARTICULACION OTRA.RODILLA,80 INCISION Y EXCISION DE ESTRUCTURA DE LA ARTICULACION,14. (76 84) OPERACIONES SOBRE EL APARATO MUSCULOESQUELETICO,14. (76 84) OPERACIONES SOBRE EL APARATO MUSCULOESQUELETICO
80.97,ESCISION ARTICULACION OTRA.TOBILLO,80 INCISION Y EXCISION DE ESTRUCTURA DE LA ARTICULACION,14. (76 84) OPERACIONES SOBRE EL APARATO MUSCULOESQUELETICO,14. (76 84) OPERACIONES SOBRE EL APARATO MUSCULOESQUELETICO
80.98,ESCISION ARTICULACION OTRA.PIE Y DEDO PIE,80 INCISION Y EXCISION DE ESTRUCTURA DE LA ARTICULACION,14. (76 84) OPERACIONES SOBRE EL APARATO MUSCULOESQUELETICO,14. (76 84) OPERACIONES SOBRE EL APARATO MUSCULOESQUELETICO
80.99,ESCISION ARTICULACION OTRA.OTRA,80 INCISION Y EXCISION DE ESTRUCTURA DE LA ARTICULACION,14. (76 84) OPERACIONES SOBRE EL APARATO MUSCULOESQUELETICO,14. (76 84) OPERACIONES SOBRE EL APARATO MUSCULOESQUELETICO
81,OPERACION REPARADORA Y PLASTICA ARTICULACION,81 OPERACIONES DE REPARACION Y PLASTICA SOBRE ESTRUC. ARTICULAR,14. (76 84) OPERACIONES SOBRE EL APARATO MUSCULOESQUELETICO,14. (76 84) OPERACIONES SOBRE EL APARATO MUSCULOESQUELETICO
81.0,FUSION ESPINAL,81 OPERACIONES DE REPARACION Y PLASTICA SOBRE ESTRUC. ARTICULAR,14. (76 84) OPERACIONES SOBRE EL APARATO MUSCULOESQUELETICO,14. (76 84) OPERACIONES SOBRE EL APARATO MUSCULOESQUELETICO
81.00,FUSION ESPINAL.NEOM,81 OPERACIONES DE REPARACION Y PLASTICA SOBRE ESTRUC. ARTICULAR,14. (76 84) OPERACIONES SOBRE EL APARATO MUSCULOESQUELETICO,14. (76 84) OPERACIONES SOBRE EL APARATO MUSCULOESQUELETICO
81.01,FUSION ESPINAL.ATLAS Y AXIS,81 OPERACIONES DE REPARACION Y PLASTICA SOBRE ESTRUC. ARTICULAR,14. (76 84) OPERACIONES SOBRE EL APARATO MUSCULOESQUELETICO,14. (76 84) OPERACIONES SOBRE EL APARATO MUSCULOESQUELETICO
81.02,FUSION CERVICAL TECNICA ANTERIOR OTRA,81 OPERACIONES DE REPARACION Y PLASTICA SOBRE ESTRUC. ARTICULAR,14. (76 84) OPERACIONES SOBRE EL APARATO MUSCULOESQUELETICO,14. (76 84) OPERACIONES SOBRE EL APARATO MUSCULOESQUELETICO
81.03,FUSION CERVICAL TECNICA POSTERIOR OTRA,81 OPERACIONES DE REPARACION Y PLASTICA SOBRE ESTRUC. ARTICULAR,14. (76 84) OPERACIONES SOBRE EL APARATO MUSCULOESQUELETICO,14. (76 84) OPERACIONES SOBRE EL APARATO MUSCULOESQUELETICO
81.04,FUSION DORSAL Y DORSOLUMBAR TECNICA ANTERIOR,81 OPERACIONES DE REPARACION Y PLASTICA SOBRE ESTRUC. ARTICULAR,14. (76 84) OPERACIONES SOBRE EL APARATO MUSCULOESQUELETICO,14. (76 84) OPERACIONES SOBRE EL APARATO MUSCULOESQUELETICO
81.05,FUSION DORSAL Y DORSOLUMBAR TECNICA POSTERIOR,81 OPERACIONES DE REPARACION Y PLASTICA SOBRE ESTRUC. ARTICULAR,14. (76 84) OPERACIONES SOBRE EL APARATO MUSCULOESQUELETICO,14. (76 84) OPERACIONES SOBRE EL APARATO MUSCULOESQUELETICO
81.06,FUSION LUMBAR Y LUMBOSACRA TECNICA ANTERIOR,81 OPERACIONES DE REPARACION Y PLASTICA SOBRE ESTRUC. ARTICULAR,14. (76 84) OPERACIONES SOBRE EL APARATO MUSCULOESQUELETICO,14. (76 84) OPERACIONES SOBRE EL APARATO MUSCULOESQUELETICO
81.07,FUSION LUMBAR Y LUMBOSACRA TECNICA LATERAL TRANSVERSA,81 OPERACIONES DE REPARACION Y PLASTICA SOBRE ESTRUC. ARTICULAR,14. (76 84) OPERACIONES SOBRE EL APARATO MUSCULOESQUELETICO,14. (76 84) OPERACIONES SOBRE EL APARATO MUSCULOESQUELETICO
81.08,FUSION LUMBAR Y LUMBOSACRA TECNICA POSTERIOR,81 OPERACIONES DE REPARACION Y PLASTICA SOBRE ESTRUC. ARTICULAR,14. (76 84) OPERACIONES SOBRE EL APARATO MUSCULOESQUELETICO,14. (76 84) OPERACIONES SOBRE EL APARATO MUSCULOESQUELETICO
81.1,ARTRODESIS PIE Y TOBILLO,81 OPERACIONES DE REPARACION Y PLASTICA SOBRE ESTRUC. ARTICULAR,14. (76 84) OPERACIONES SOBRE EL APARATO MUSCULOESQUELETICO,14. (76 84) OPERACIONES SOBRE EL APARATO MUSCULOESQUELETICO
81.11,ARTRODESIS TOBILLO,81 OPERACIONES DE REPARACION Y PLASTICA SOBRE ESTRUC. ARTICULAR,14. (76 84) OPERACIONES SOBRE EL APARATO MUSCULOESQUELETICO,14. (76 84) OPERACIONES SOBRE EL APARATO MUSCULOESQUELETICO
81.12,ARTRODESIS TRIPLE PIE,81 OPERACIONES DE REPARACION Y PLASTICA SOBRE ESTRUC. ARTICULAR,14. (76 84) OPERACIONES SOBRE EL APARATO MUSCULOESQUELETICO,14. (76 84) OPERACIONES SOBRE EL APARATO MUSCULOESQUELETICO
81.13,ARTRODESIS SUBASTRAGALINA,81 OPERACIONES DE REPARACION Y PLASTICA SOBRE ESTRUC. ARTICULAR,14. (76 84) OPERACIONES SOBRE EL APARATO MUSCULOESQUELETICO,14. (76 84) OPERACIONES SOBRE EL APARATO MUSCULOESQUELETICO
81.14,ARTRODESIS MEDIOTARSIANA,81 OPERACIONES DE REPARACION Y PLASTICA SOBRE ESTRUC. ARTICULAR,14. (76 84) OPERACIONES SOBRE EL APARATO MUSCULOESQUELETICO,14. (76 84) OPERACIONES SOBRE EL APARATO MUSCULOESQUELETICO
81.15,ARTRODESIS TARSOMETATARSIANA,81 OPERACIONES DE REPARACION Y PLASTICA SOBRE ESTRUC. ARTICULAR,14. (76 84) OPERACIONES SOBRE EL APARATO MUSCULOESQUELETICO,14. (76 84) OPERACIONES SOBRE EL APARATO MUSCULOESQUELETICO
81.16,ARTRODESIS METATARSOFALANGICA,81 OPERACIONES DE REPARACION Y PLASTICA SOBRE ESTRUC. ARTICULAR,14. (76 84) OPERACIONES SOBRE EL APARATO MUSCULOESQUELETICO,14. (76 84) OPERACIONES SOBRE EL APARATO MUSCULOESQUELETICO
81.17,ARTRODESIS PIE OTRA,81 OPERACIONES DE REPARACION Y PLASTICA SOBRE ESTRUC. ARTICULAR,14. (76 84) OPERACIONES SOBRE EL APARATO MUSCULOESQUELETICO,14. (76 84) OPERACIONES SOBRE EL APARATO MUSCULOESQUELETICO
81.18,ARTROEREISIS ARTICULACION SUBTALAR,81 OPERACIONES DE REPARACION Y PLASTICA SOBRE ESTRUC. ARTICULAR,14. (76 84) OPERACIONES SOBRE EL APARATO MUSCULOESQUELETICO,14. (76 84) OPERACIONES SOBRE EL APARATO MUSCULOESQUELETICO
81.2,ARTRODESIS OTRA,81 OPERACIONES DE REPARACION Y PLASTICA SOBRE ESTRUC. ARTICULAR,14. (76 84) OPERACIONES SOBRE EL APARATO MUSCULOESQUELETICO,14. (76 84) OPERACIONES SOBRE EL APARATO MUSCULOESQUELETICO
81.20,ARTRODESIS NEOM,81 OPERACIONES DE REPARACION Y PLASTICA SOBRE ESTRUC. ARTICULAR,14. (76 84) OPERACIONES SOBRE EL APARATO MUSCULOESQUELETICO,14. (76 84) OPERACIONES SOBRE EL APARATO MUSCULOESQUELETICO
81.21,ARTRODESIS CADERA,81 OPERACIONES DE REPARACION Y PLASTICA SOBRE ESTRUC. ARTICULAR,14. (76 84) OPERACIONES SOBRE EL APARATO MUSCULOESQUELETICO,14. (76 84) OPERACIONES SOBRE EL APARATO MUSCULOESQUELETICO
81.22,ARTRODESIS RODILLA,81 OPERACIONES DE REPARACION Y PLASTICA SOBRE ESTRUC. ARTICULAR,14. (76 84) OPERACIONES SOBRE EL APARATO MUSCULOESQUELETICO,14. (76 84) OPERACIONES SOBRE EL APARATO MUSCULOESQUELETICO
81.23,ARTRODESIS HOMBRO,81 OPERACIONES DE REPARACION Y PLASTICA SOBRE ESTRUC. ARTICULAR,14. (76 84) OPERACIONES SOBRE EL APARATO MUSCULOESQUELETICO,14. (76 84) OPERACIONES SOBRE EL APARATO MUSCULOESQUELETICO
81.24,ARTRODESIS CODO,81 OPERACIONES DE REPARACION Y PLASTICA SOBRE ESTRUC. ARTICULAR,14. (76 84) OPERACIONES SOBRE EL APARATO MUSCULOESQUELETICO,14. (76 84) OPERACIONES SOBRE EL APARATO MUSCULOESQUELETICO
81.25,ARTRODESIS RADIOCARPIANA,81 OPERACIONES DE REPARACION Y PLASTICA SOBRE ESTRUC. ARTICULAR,14. (76 84) OPERACIONES SOBRE EL APARATO MUSCULOESQUELETICO,14. (76 84) OPERACIONES SOBRE EL APARATO MUSCULOESQUELETICO
81.26,ARTRODESIS CARPOMETACARPIANA,81 OPERACIONES DE REPARACION Y PLASTICA SOBRE ESTRUC. ARTICULAR,14. (76 84) OPERACIONES SOBRE EL APARATO MUSCULOESQUELETICO,14. (76 84) OPERACIONES SOBRE EL APARATO MUSCULOESQUELETICO
81.27,ARTRODESIS METACARPOFALANGICA,81 OPERACIONES DE REPARACION Y PLASTICA SOBRE ESTRUC. ARTICULAR,14. (76 84) OPERACIONES SOBRE EL APARATO MUSCULOESQUELETICO,14. (76 84) OPERACIONES SOBRE EL APARATO MUSCULOESQUELETICO
81.28,ARTRODESIS INTERFALANGICA,81 OPERACIONES DE REPARACION Y PLASTICA SOBRE ESTRUC. ARTICULAR,14. (76 84) OPERACIONES SOBRE EL APARATO MUSCULOESQUELETICO,14. (76 84) OPERACIONES SOBRE EL APARATO MUSCULOESQUELETICO
81.29,ARTRODESIS OTRA,81 OPERACIONES DE REPARACION Y PLASTICA SOBRE ESTRUC. ARTICULAR,14. (76 84) OPERACIONES SOBRE EL APARATO MUSCULOESQUELETICO,14. (76 84) OPERACIONES SOBRE EL APARATO MUSCULOESQUELETICO
81.3,REFUSION ESPINAL,81 OPERACIONES DE REPARACION Y PLASTICA SOBRE ESTRUC. ARTICULAR,14. (76 84) OPERACIONES SOBRE EL APARATO MUSCULOESQUELETICO,14. (76 84) OPERACIONES SOBRE EL APARATO MUSCULOESQUELETICO
81.30,REFUSION ESPINAL.NEOM,81 OPERACIONES DE REPARACION Y PLASTICA SOBRE ESTRUC. ARTICULAR,14. (76 84) OPERACIONES SOBRE EL APARATO MUSCULOESQUELETICO,14. (76 84) OPERACIONES SOBRE EL APARATO MUSCULOESQUELETICO
81.31,REFUSION ATLAS-AXIS,81 OPERACIONES DE REPARACION Y PLASTICA SOBRE ESTRUC. ARTICULAR,14. (76 84) OPERACIONES SOBRE EL APARATO MUSCULOESQUELETICO,14. (76 84) OPERACIONES SOBRE EL APARATO MUSCULOESQUELETICO
81.32,REFUSION CERVICAL TECNICA ANTERIOR OTRA,81 OPERACIONES DE REPARACION Y PLASTICA SOBRE ESTRUC. ARTICULAR,14. (76 84) OPERACIONES SOBRE EL APARATO MUSCULOESQUELETICO,14. (76 84) OPERACIONES SOBRE EL APARATO MUSCULOESQUELETICO
81.33,REFUSION CERVICAL TECNICA POSTERIOR OTRA,81 OPERACIONES DE REPARACION Y PLASTICA SOBRE ESTRUC. ARTICULAR,14. (76 84) OPERACIONES SOBRE EL APARATO MUSCULOESQUELETICO,14. (76 84) OPERACIONES SOBRE EL APARATO MUSCULOESQUELETICO
81.34,REFUSION DORSAL Y DORSOLUMBAR TECNICA ANTERIOR,81 OPERACIONES DE REPARACION Y PLASTICA SOBRE ESTRUC. ARTICULAR,14. (76 84) OPERACIONES SOBRE EL APARATO MUSCULOESQUELETICO,14. (76 84) OPERACIONES SOBRE EL APARATO MUSCULOESQUELETICO
81.35,REFUSION DORSAL Y DORSOLUMBAR TECNICA POSTERIOR,81 OPERACIONES DE REPARACION Y PLASTICA SOBRE ESTRUC. ARTICULAR,14. (76 84) OPERACIONES SOBRE EL APARATO MUSCULOESQUELETICO,14. (76 84) OPERACIONES SOBRE EL APARATO MUSCULOESQUELETICO
81.36,REFUSION LUMBAR Y LUMBOSACRA TECNICA ANTERIOR,81 OPERACIONES DE REPARACION Y PLASTICA SOBRE ESTRUC. ARTICULAR,14. (76 84) OPERACIONES SOBRE EL APARATO MUSCULOESQUELETICO,14. (76 84) OPERACIONES SOBRE EL APARATO MUSCULOESQUELETICO
81.37,REFUSION LUMBAR Y LUMBOSACRA TECNICA LATERAL TRANSVERSA,81 OPERACIONES DE REPARACION Y PLASTICA SOBRE ESTRUC. ARTICULAR,14. (76 84) OPERACIONES SOBRE EL APARATO MUSCULOESQUELETICO,14. (76 84) OPERACIONES SOBRE EL APARATO MUSCULOESQUELETICO
81.38,REFUSION LUMBAR Y LUMBOSACRA TECNICA POSTERIOR,81 OPERACIONES DE REPARACION Y PLASTICA SOBRE ESTRUC. ARTICULAR,14. (76 84) OPERACIONES SOBRE EL APARATO MUSCULOESQUELETICO,14. (76 84) OPERACIONES SOBRE EL APARATO MUSCULOESQUELETICO
81.39,REFUSION ESPINAL.NCOC,81 OPERACIONES DE REPARACION Y PLASTICA SOBRE ESTRUC. ARTICULAR,14. (76 84) OPERACIONES SOBRE EL APARATO MUSCULOESQUELETICO,14. (76 84) OPERACIONES SOBRE EL APARATO MUSCULOESQUELETICO
81.4,REPARACION ARTICULACION MIEMBRO INFERIOR OTRA,81 OPERACIONES DE REPARACION Y PLASTICA SOBRE ESTRUC. ARTICULAR,14. (76 84) OPERACIONES SOBRE EL APARATO MUSCULOESQUELETICO,14. (76 84) OPERACIONES SOBRE EL APARATO MUSCULOESQUELETICO
81.40,REPARACION CADERA NCOC,81 OPERACIONES DE REPARACION Y PLASTICA SOBRE ESTRUC. ARTICULAR,14. (76 84) OPERACIONES SOBRE EL APARATO MUSCULOESQUELETICO,14. (76 84) OPERACIONES SOBRE EL APARATO MUSCULOESQUELETICO
81.42,"REPARACION RODILLA \""CINCO EN UNO\""",81 OPERACIONES DE REPARACION Y PLASTICA SOBRE ESTRUC. ARTICULAR,14. (76 84) OPERACIONES SOBRE EL APARATO MUSCULOESQUELETICO,14. (76 84) OPERACIONES SOBRE EL APARATO MUSCULOESQUELETICO
81.43,REPARACION RODILLA TRIPLE,81 OPERACIONES DE REPARACION Y PLASTICA SOBRE ESTRUC. ARTICULAR,14. (76 84) OPERACIONES SOBRE EL APARATO MUSCULOESQUELETICO,14. (76 84) OPERACIONES SOBRE EL APARATO MUSCULOESQUELETICO
81.44,ESTABILIZACION ROTULA,81 OPERACIONES DE REPARACION Y PLASTICA SOBRE ESTRUC. ARTICULAR,14. (76 84) OPERACIONES SOBRE EL APARATO MUSCULOESQUELETICO,14. (76 84) OPERACIONES SOBRE EL APARATO MUSCULOESQUELETICO
81.45,REPARACION LIGAMENTO CRUZADO RODILLA OTRA,81 OPERACIONES DE REPARACION Y PLASTICA SOBRE ESTRUC. ARTICULAR,14. (76 84) OPERACIONES SOBRE EL APARATO MUSCULOESQUELETICO,14. (76 84) OPERACIONES SOBRE EL APARATO MUSCULOESQUELETICO
81.46,REPARACION LIGAMENTO LATERAL RODILLA OTRA,81 OPERACIONES DE REPARACION Y PLASTICA SOBRE ESTRUC. ARTICULAR,14. (76 84) OPERACIONES SOBRE EL APARATO MUSCULOESQUELETICO,14. (76 84) OPERACIONES SOBRE EL APARATO MUSCULOESQUELETICO
81.47,REPARACION RODILLA OTRA,81 OPERACIONES DE REPARACION Y PLASTICA SOBRE ESTRUC. ARTICULAR,14. (76 84) OPERACIONES SOBRE EL APARATO MUSCULOESQUELETICO,14. (76 84) OPERACIONES SOBRE EL APARATO MUSCULOESQUELETICO
81.49,REPARACION TOBILLO OTRA,81 OPERACIONES DE REPARACION Y PLASTICA SOBRE ESTRUC. ARTICULAR,14. (76 84) OPERACIONES SOBRE EL APARATO MUSCULOESQUELETICO,14. (76 84) OPERACIONES SOBRE EL APARATO MUSCULOESQUELETICO
81.5,SUSTITUCION ARTICULACION MIEMBRO INFERIOR,81 OPERACIONES DE REPARACION Y PLASTICA SOBRE ESTRUC. ARTICULAR,14. (76 84) OPERACIONES SOBRE EL APARATO MUSCULOESQUELETICO,14. (76 84) OPERACIONES SOBRE EL APARATO MUSCULOESQUELETICO
81.51,SUSTITUCION CADERA TOTAL,81 OPERACIONES DE REPARACION Y PLASTICA SOBRE ESTRUC. ARTICULAR,14. (76 84) OPERACIONES SOBRE EL APARATO MUSCULOESQUELETICO,14. (76 84) OPERACIONES SOBRE EL APARATO MUSCULOESQUELETICO
81.52,SUSTITUCION CADERA PARCIAL,81 OPERACIONES DE REPARACION Y PLASTICA SOBRE ESTRUC. ARTICULAR,14. (76 84) OPERACIONES SOBRE EL APARATO MUSCULOESQUELETICO,14. (76 84) OPERACIONES SOBRE EL APARATO MUSCULOESQUELETICO
81.53,REVISION SUSTITUCION CADERA,81 OPERACIONES DE REPARACION Y PLASTICA SOBRE ESTRUC. ARTICULAR,14. (76 84) OPERACIONES SOBRE EL APARATO MUSCULOESQUELETICO,14. (76 84) OPERACIONES SOBRE EL APARATO MUSCULOESQUELETICO
81.54,SUSTITUCION RODILLA TOTAL,81 OPERACIONES DE REPARACION Y PLASTICA SOBRE ESTRUC. ARTICULAR,14. (76 84) OPERACIONES SOBRE EL APARATO MUSCULOESQUELETICO,14. (76 84) OPERACIONES SOBRE EL APARATO MUSCULOESQUELETICO
81.55,REVISION SUSTITUCION RODILLA,81 OPERACIONES DE REPARACION Y PLASTICA SOBRE ESTRUC. ARTICULAR,14. (76 84) OPERACIONES SOBRE EL APARATO MUSCULOESQUELETICO,14. (76 84) OPERACIONES SOBRE EL APARATO MUSCULOESQUELETICO
81.56,SUSTITUCION TOBILLO TOTAL,81 OPERACIONES DE REPARACION Y PLASTICA SOBRE ESTRUC. ARTICULAR,14. (76 84) OPERACIONES SOBRE EL APARATO MUSCULOESQUELETICO,14. (76 84) OPERACIONES SOBRE EL APARATO MUSCULOESQUELETICO
81.57,SUSTITUCION ARTICULACION PIE Y DEDO,81 OPERACIONES DE REPARACION Y PLASTICA SOBRE ESTRUC. ARTICULAR,14. (76 84) OPERACIONES SOBRE EL APARATO MUSCULOESQUELETICO,14. (76 84) OPERACIONES SOBRE EL APARATO MUSCULOESQUELETICO
81.59,REVISION SUSTITUCION ARTICULACION MIEMBRO INFERIOR NCOC,81 OPERACIONES DE REPARACION Y PLASTICA SOBRE ESTRUC. ARTICULAR,14. (76 84) OPERACIONES SOBRE EL APARATO MUSCULOESQUELETICO,14. (76 84) OPERACIONES SOBRE EL APARATO MUSCULOESQUELETICO
81.6,PROCEDIMIENTO COLUMNA OTRO,81 OPERACIONES DE REPARACION Y PLASTICA SOBRE ESTRUC. ARTICULAR,14. (76 84) OPERACIONES SOBRE EL APARATO MUSCULOESQUELETICO,14. (76 84) OPERACIONES SOBRE EL APARATO MUSCULOESQUELETICO
81.62,FUSION O REFUSION 2-3 VERTEBRAS,81 OPERACIONES DE REPARACION Y PLASTICA SOBRE ESTRUC. ARTICULAR,14. (76 84) OPERACIONES SOBRE EL APARATO MUSCULOESQUELETICO,14. (76 84) OPERACIONES SOBRE EL APARATO MUSCULOESQUELETICO
81.63,FUSION O REFUSION 4-8 VERTEBRAS,81 OPERACIONES DE REPARACION Y PLASTICA SOBRE ESTRUC. ARTICULAR,14. (76 84) OPERACIONES SOBRE EL APARATO MUSCULOESQUELETICO,14. (76 84) OPERACIONES SOBRE EL APARATO MUSCULOESQUELETICO
81.64,FUSION O REFUSION 9 O MAS VERTEBRAS,81 OPERACIONES DE REPARACION Y PLASTICA SOBRE ESTRUC. ARTICULAR,14. (76 84) OPERACIONES SOBRE EL APARATO MUSCULOESQUELETICO,14. (76 84) OPERACIONES SOBRE EL APARATO MUSCULOESQUELETICO
81.65,VERTEBROPLASTIA,81 OPERACIONES DE REPARACION Y PLASTICA SOBRE ESTRUC. ARTICULAR,14. (76 84) OPERACIONES SOBRE EL APARATO MUSCULOESQUELETICO,14. (76 84) OPERACIONES SOBRE EL APARATO MUSCULOESQUELETICO
81.66,CIFOPLASTIA,81 OPERACIONES DE REPARACION Y PLASTICA SOBRE ESTRUC. ARTICULAR,14. (76 84) OPERACIONES SOBRE EL APARATO MUSCULOESQUELETICO,14. (76 84) OPERACIONES SOBRE EL APARATO MUSCULOESQUELETICO
81.7,REPARACION MANO Y MUÑECA,81 OPERACIONES DE REPARACION Y PLASTICA SOBRE ESTRUC. ARTICULAR,14. (76 84) OPERACIONES SOBRE EL APARATO MUSCULOESQUELETICO,14. (76 84) OPERACIONES SOBRE EL APARATO MUSCULOESQUELETICO
81.71,ARTROPLASTIA ARTICULACION MANO CON IMPLANTE,81 OPERACIONES DE REPARACION Y PLASTICA SOBRE ESTRUC. ARTICULAR,14. (76 84) OPERACIONES SOBRE EL APARATO MUSCULOESQUELETICO,14. (76 84) OPERACIONES SOBRE EL APARATO MUSCULOESQUELETICO
81.72,ARTROPLASTIA ARTICULACION MANO SIN IMPLANTE,81 OPERACIONES DE REPARACION Y PLASTICA SOBRE ESTRUC. ARTICULAR,14. (76 84) OPERACIONES SOBRE EL APARATO MUSCULOESQUELETICO,14. (76 84) OPERACIONES SOBRE EL APARATO MUSCULOESQUELETICO
81.73,SUSTITUCION MUÑECA TOTAL,81 OPERACIONES DE REPARACION Y PLASTICA SOBRE ESTRUC. ARTICULAR,14. (76 84) OPERACIONES SOBRE EL APARATO MUSCULOESQUELETICO,14. (76 84) OPERACIONES SOBRE EL APARATO MUSCULOESQUELETICO
81.74,ARTROPLASTIA ARTICULACION MUÑECA CON IMPLANTE,81 OPERACIONES DE REPARACION Y PLASTICA SOBRE ESTRUC. ARTICULAR,14. (76 84) OPERACIONES SOBRE EL APARATO MUSCULOESQUELETICO,14. (76 84) OPERACIONES SOBRE EL APARATO MUSCULOESQUELETICO
81.75,ARTROPLASTIA ARTICULACION MUÑECA SIN IMPLANTE,81 OPERACIONES DE REPARACION Y PLASTICA SOBRE ESTRUC. ARTICULAR,14. (76 84) OPERACIONES SOBRE EL APARATO MUSCULOESQUELETICO,14. (76 84) OPERACIONES SOBRE EL APARATO MUSCULOESQUELETICO
81.79,REPARACION MANO Y MUÑECA OTRA,81 OPERACIONES DE REPARACION Y PLASTICA SOBRE ESTRUC. ARTICULAR,14. (76 84) OPERACIONES SOBRE EL APARATO MUSCULOESQUELETICO,14. (76 84) OPERACIONES SOBRE EL APARATO MUSCULOESQUELETICO
81.8,REPARACION HOMBRO Y CODO,81 OPERACIONES DE REPARACION Y PLASTICA SOBRE ESTRUC. ARTICULAR,14. (76 84) OPERACIONES SOBRE EL APARATO MUSCULOESQUELETICO,14. (76 84) OPERACIONES SOBRE EL APARATO MUSCULOESQUELETICO
81.80,SUSTITUCION HOMBRO TOTAL,81 OPERACIONES DE REPARACION Y PLASTICA SOBRE ESTRUC. ARTICULAR,14. (76 84) OPERACIONES SOBRE EL APARATO MUSCULOESQUELETICO,14. (76 84) OPERACIONES SOBRE EL APARATO MUSCULOESQUELETICO
81.81,SUSTITUCION HOMBRO PARCIAL,81 OPERACIONES DE REPARACION Y PLASTICA SOBRE ESTRUC. ARTICULAR,14. (76 84) OPERACIONES SOBRE EL APARATO MUSCULOESQUELETICO,14. (76 84) OPERACIONES SOBRE EL APARATO MUSCULOESQUELETICO
81.82,REPARACION LUXACION HOMBRO RECIDIVANTE,81 OPERACIONES DE REPARACION Y PLASTICA SOBRE ESTRUC. ARTICULAR,14. (76 84) OPERACIONES SOBRE EL APARATO MUSCULOESQUELETICO,14. (76 84) OPERACIONES SOBRE EL APARATO MUSCULOESQUELETICO
81.83,REPARACION HOMBRO OTRA,81 OPERACIONES DE REPARACION Y PLASTICA SOBRE ESTRUC. ARTICULAR,14. (76 84) OPERACIONES SOBRE EL APARATO MUSCULOESQUELETICO,14. (76 84) OPERACIONES SOBRE EL APARATO MUSCULOESQUELETICO
81.84,SUSTITUCION CODO TOTAL,81 OPERACIONES DE REPARACION Y PLASTICA SOBRE ESTRUC. ARTICULAR,14. (76 84) OPERACIONES SOBRE EL APARATO MUSCULOESQUELETICO,14. (76 84) OPERACIONES SOBRE EL APARATO MUSCULOESQUELETICO
81.85,REPARACION CODO OTRA,81 OPERACIONES DE REPARACION Y PLASTICA SOBRE ESTRUC. ARTICULAR,14. (76 84) OPERACIONES SOBRE EL APARATO MUSCULOESQUELETICO,14. (76 84) OPERACIONES SOBRE EL APARATO MUSCULOESQUELETICO
81.88,SUSTITUCION HOMBRO TOTAL INVERSA,81 OPERACIONES DE REPARACION Y PLASTICA SOBRE ESTRUC. ARTICULAR,14. (76 84) OPERACIONES SOBRE EL APARATO MUSCULOESQUELETICO,14. (76 84) OPERACIONES SOBRE EL APARATO MUSCULOESQUELETICO
81.9,OPERACION ARTICULACION OTRA,81 OPERACIONES DE REPARACION Y PLASTICA SOBRE ESTRUC. ARTICULAR,14. (76 84) OPERACIONES SOBRE EL APARATO MUSCULOESQUELETICO,14. (76 84) OPERACIONES SOBRE EL APARATO MUSCULOESQUELETICO
81.91,ARTROCENTESIS,81 OPERACIONES DE REPARACION Y PLASTICA SOBRE ESTRUC. ARTICULAR,14. (76 84) OPERACIONES SOBRE EL APARATO MUSCULOESQUELETICO,14. (76 84) OPERACIONES SOBRE EL APARATO MUSCULOESQUELETICO
81.92,INYECCION SUSTANCIA TERAPEUTICA ARTICULACION O LIGAMENTO,81 OPERACIONES DE REPARACION Y PLASTICA SOBRE ESTRUC. ARTICULAR,14. (76 84) OPERACIONES SOBRE EL APARATO MUSCULOESQUELETICO,14. (76 84) OPERACIONES SOBRE EL APARATO MUSCULOESQUELETICO
81.93,SUTURA LIGAMENTO O CAPSULA MIEMBRO SUPERIOR,81 OPERACIONES DE REPARACION Y PLASTICA SOBRE ESTRUC. ARTICULAR,14. (76 84) OPERACIONES SOBRE EL APARATO MUSCULOESQUELETICO,14. (76 84) OPERACIONES SOBRE EL APARATO MUSCULOESQUELETICO
81.94,SUTURA LIGAMENTO O CAPSULA TOBILLO Y PIE,81 OPERACIONES DE REPARACION Y PLASTICA SOBRE ESTRUC. ARTICULAR,14. (76 84) OPERACIONES SOBRE EL APARATO MUSCULOESQUELETICO,14. (76 84) OPERACIONES SOBRE EL APARATO MUSCULOESQUELETICO
81.95,SUTURA LIGAMENTO O CAPSULA MIEMBRO INFERIOR OTRA,81 OPERACIONES DE REPARACION Y PLASTICA SOBRE ESTRUC. ARTICULAR,14. (76 84) OPERACIONES SOBRE EL APARATO MUSCULOESQUELETICO,14. (76 84) OPERACIONES SOBRE EL APARATO MUSCULOESQUELETICO
81.96,REPARACION ARTICULACION OTRA,81 OPERACIONES DE REPARACION Y PLASTICA SOBRE ESTRUC. ARTICULAR,14. (76 84) OPERACIONES SOBRE EL APARATO MUSCULOESQUELETICO,14. (76 84) OPERACIONES SOBRE EL APARATO MUSCULOESQUELETICO
81.97,REVISION PROTESIS ARTICULACION MIEMBRO SUPERIOR,81 OPERACIONES DE REPARACION Y PLASTICA SOBRE ESTRUC. ARTICULAR,14. (76 84) OPERACIONES SOBRE EL APARATO MUSCULOESQUELETICO,14. (76 84) OPERACIONES SOBRE EL APARATO MUSCULOESQUELETICO
81.98,PROCEDIMIENTO DIAGNOSTICO ARTICULACION OTRO,81 OPERACIONES DE REPARACION Y PLASTICA SOBRE ESTRUC. ARTICULAR,14. (76 84) OPERACIONES SOBRE EL APARATO MUSCULOESQUELETICO,14. (76 84) OPERACIONES SOBRE EL APARATO MUSCULOESQUELETICO
81.99,OPERACION ARTICULACION.OTRA,81 OPERACIONES DE REPARACION Y PLASTICA SOBRE ESTRUC. ARTICULAR,14. (76 84) OPERACIONES SOBRE EL APARATO MUSCULOESQUELETICO,14. (76 84) OPERACIONES SOBRE EL APARATO MUSCULOESQUELETICO
82,"OPERACION MUSCULO,TENDON Y FASCIA MANO","82 OPERACIONES SOBRE MUSCULO,TENDON Y FASCIA DE MANO",14. (76 84) OPERACIONES SOBRE EL APARATO MUSCULOESQUELETICO,14. (76 84) OPERACIONES SOBRE EL APARATO MUSCULOESQUELETICO
82.0,"INCISION MUSCULO,TENDON Y FASCIA MANO","82 OPERACIONES SOBRE MUSCULO,TENDON Y FASCIA DE MANO",14. (76 84) OPERACIONES SOBRE EL APARATO MUSCULOESQUELETICO,14. (76 84) OPERACIONES SOBRE EL APARATO MUSCULOESQUELETICO
82.01,EXPLORACION VAINA TENDON MANO,"82 OPERACIONES SOBRE MUSCULO,TENDON Y FASCIA DE MANO",14. (76 84) OPERACIONES SOBRE EL APARATO MUSCULOESQUELETICO,14. (76 84) OPERACIONES SOBRE EL APARATO MUSCULOESQUELETICO
82.02,MIOTOMIA MANO,"82 OPERACIONES SOBRE MUSCULO,TENDON Y FASCIA DE MANO",14. (76 84) OPERACIONES SOBRE EL APARATO MUSCULOESQUELETICO,14. (76 84) OPERACIONES SOBRE EL APARATO MUSCULOESQUELETICO
82.03,BURSOTOMIA MANO,"82 OPERACIONES SOBRE MUSCULO,TENDON Y FASCIA DE MANO",14. (76 84) OPERACIONES SOBRE EL APARATO MUSCULOESQUELETICO,14. (76 84) OPERACIONES SOBRE EL APARATO MUSCULOESQUELETICO
82.04,INCISION ESPACIO PALMAR Y TENAR CON DRENAJE,"82 OPERACIONES SOBRE MUSCULO,TENDON Y FASCIA DE MANO",14. (76 84) OPERACIONES SOBRE EL APARATO MUSCULOESQUELETICO,14. (76 84) OPERACIONES SOBRE EL APARATO MUSCULOESQUELETICO
82.09,INCISION TEJIDO BLANDO MANO OTRA,"82 OPERACIONES SOBRE MUSCULO,TENDON Y FASCIA DE MANO",14. (76 84) OPERACIONES SOBRE EL APARATO MUSCULOESQUELETICO,14. (76 84) OPERACIONES SOBRE EL APARATO MUSCULOESQUELETICO
82.1,"SECCION MUSCULO,TENDON Y FASCIA MANO","82 OPERACIONES SOBRE MUSCULO,TENDON Y FASCIA DE MANO",14. (76 84) OPERACIONES SOBRE EL APARATO MUSCULOESQUELETICO,14. (76 84) OPERACIONES SOBRE EL APARATO MUSCULOESQUELETICO
82.11,TENOTOMIA MANO,"82 OPERACIONES SOBRE MUSCULO,TENDON Y FASCIA DE MANO",14. (76 84) OPERACIONES SOBRE EL APARATO MUSCULOESQUELETICO,14. (76 84) OPERACIONES SOBRE EL APARATO MUSCULOESQUELETICO
82.12,FASCIOTOMIA MANO,"82 OPERACIONES SOBRE MUSCULO,TENDON Y FASCIA DE MANO",14. (76 84) OPERACIONES SOBRE EL APARATO MUSCULOESQUELETICO,14. (76 84) OPERACIONES SOBRE EL APARATO MUSCULOESQUELETICO
82.19,SECCION TEJIDO BLANDO MANO OTRA,"82 OPERACIONES SOBRE MUSCULO,TENDON Y FASCIA DE MANO",14. (76 84) OPERACIONES SOBRE EL APARATO MUSCULOESQUELETICO,14. (76 84) OPERACIONES SOBRE EL APARATO MUSCULOESQUELETICO
82.2,"ESCISION MUSCULO,TENDON Y FASCIA MANO LOCAL","82 OPERACIONES SOBRE MUSCULO,TENDON Y FASCIA DE MANO",14. (76 84) OPERACIONES SOBRE EL APARATO MUSCULOESQUELETICO,14. (76 84) OPERACIONES SOBRE EL APARATO MUSCULOESQUELETICO
82.21,ESCISION VAINA TENDON MANO LOCAL,"82 OPERACIONES SOBRE MUSCULO,TENDON Y FASCIA DE MANO",14. (76 84) OPERACIONES SOBRE EL APARATO MUSCULOESQUELETICO,14. (76 84) OPERACIONES SOBRE EL APARATO MUSCULOESQUELETICO
82.22,ESCISION MUSCULO MANO LOCAL,"82 OPERACIONES SOBRE MUSCULO,TENDON Y FASCIA DE MANO",14. (76 84) OPERACIONES SOBRE EL APARATO MUSCULOESQUELETICO,14. (76 84) OPERACIONES SOBRE EL APARATO MUSCULOESQUELETICO
82.29,ESCISION TEJIDO BLANDO MANO LOCAL OTRA,"82 OPERACIONES SOBRE MUSCULO,TENDON Y FASCIA DE MANO",14. (76 84) OPERACIONES SOBRE EL APARATO MUSCULOESQUELETICO,14. (76 84) OPERACIONES SOBRE EL APARATO MUSCULOESQUELETICO
82.3,ESCISION TEJIDO BLANDO MANO OTRA,"82 OPERACIONES SOBRE MUSCULO,TENDON Y FASCIA DE MANO",14. (76 84) OPERACIONES SOBRE EL APARATO MUSCULOESQUELETICO,14. (76 84) OPERACIONES SOBRE EL APARATO MUSCULOESQUELETICO
82.31,BURSECTOMIA MANO,"82 OPERACIONES SOBRE MUSCULO,TENDON Y FASCIA DE MANO",14. (76 84) OPERACIONES SOBRE EL APARATO MUSCULOESQUELETICO,14. (76 84) OPERACIONES SOBRE EL APARATO MUSCULOESQUELETICO
82.32,ESCISION TENDON MANO PARA INJERTO,"82 OPERACIONES SOBRE MUSCULO,TENDON Y FASCIA DE MANO",14. (76 84) OPERACIONES SOBRE EL APARATO MUSCULOESQUELETICO,14. (76 84) OPERACIONES SOBRE EL APARATO MUSCULOESQUELETICO
82.33,TENONECTOMIA MANO OTRA,"82 OPERACIONES SOBRE MUSCULO,TENDON Y FASCIA DE MANO",14. (76 84) OPERACIONES SOBRE EL APARATO MUSCULOESQUELETICO,14. (76 84) OPERACIONES SOBRE EL APARATO MUSCULOESQUELETICO
82.34,ESCISION MUSCULO O FASCIA MANO PARA INJERTO,"82 OPERACIONES SOBRE MUSCULO,TENDON Y FASCIA DE MANO",14. (76 84) OPERACIONES SOBRE EL APARATO MUSCULOESQUELETICO,14. (76 84) OPERACIONES SOBRE EL APARATO MUSCULOESQUELETICO
82.35,FASCIECTOMIA MANO OTRA,"82 OPERACIONES SOBRE MUSCULO,TENDON Y FASCIA DE MANO",14. (76 84) OPERACIONES SOBRE EL APARATO MUSCULOESQUELETICO,14. (76 84) OPERACIONES SOBRE EL APARATO MUSCULOESQUELETICO
82.36,MIECTOMIA MANO OTRA,"82 OPERACIONES SOBRE MUSCULO,TENDON Y FASCIA DE MANO",14. (76 84) OPERACIONES SOBRE EL APARATO MUSCULOESQUELETICO,14. (76 84) OPERACIONES SOBRE EL APARATO MUSCULOESQUELETICO
82.39,ESCISION TEJIDO BLANDO MANO.OTRA,"82 OPERACIONES SOBRE MUSCULO,TENDON Y FASCIA DE MANO",14. (76 84) OPERACIONES SOBRE EL APARATO MUSCULOESQUELETICO,14. (76 84) OPERACIONES SOBRE EL APARATO MUSCULOESQUELETICO
82.4,"SUTURA MUSCULO,TENDON Y FASCIA MANO","82 OPERACIONES SOBRE MUSCULO,TENDON Y FASCIA DE MANO",14. (76 84) OPERACIONES SOBRE EL APARATO MUSCULOESQUELETICO,14. (76 84) OPERACIONES SOBRE EL APARATO MUSCULOESQUELETICO
82.41,SUTURA VAINA TENDON MANO,"82 OPERACIONES SOBRE MUSCULO,TENDON Y FASCIA DE MANO",14. (76 84) OPERACIONES SOBRE EL APARATO MUSCULOESQUELETICO,14. (76 84) OPERACIONES SOBRE EL APARATO MUSCULOESQUELETICO
82.42,SUTURA TENDON FLEXOR MANO RETARDADA,"82 OPERACIONES SOBRE MUSCULO,TENDON Y FASCIA DE MANO",14. (76 84) OPERACIONES SOBRE EL APARATO MUSCULOESQUELETICO,14. (76 84) OPERACIONES SOBRE EL APARATO MUSCULOESQUELETICO
82.43,SUTURA TENDON MANO RETARDADA OTRA,"82 OPERACIONES SOBRE MUSCULO,TENDON Y FASCIA DE MANO",14. (76 84) OPERACIONES SOBRE EL APARATO MUSCULOESQUELETICO,14. (76 84) OPERACIONES SOBRE EL APARATO MUSCULOESQUELETICO
82.44,SUTURA TENDON FLEXOR MANO OTRA,"82 OPERACIONES SOBRE MUSCULO,TENDON Y FASCIA DE MANO",14. (76 84) OPERACIONES SOBRE EL APARATO MUSCULOESQUELETICO,14. (76 84) OPERACIONES SOBRE EL APARATO MUSCULOESQUELETICO
82.45,SUTURA TENDON MANO OTRA,"82 OPERACIONES SOBRE MUSCULO,TENDON Y FASCIA DE MANO",14. (76 84) OPERACIONES SOBRE EL APARATO MUSCULOESQUELETICO,14. (76 84) OPERACIONES SOBRE EL APARATO MUSCULOESQUELETICO
82.46,SUTURA MUSCULO O FASCIA MANO,"82 OPERACIONES SOBRE MUSCULO,TENDON Y FASCIA DE MANO",14. (76 84) OPERACIONES SOBRE EL APARATO MUSCULOESQUELETICO,14. (76 84) OPERACIONES SOBRE EL APARATO MUSCULOESQUELETICO
82.5,TRASPLANTE MUSCULO Y TENDON MANO,"82 OPERACIONES SOBRE MUSCULO,TENDON Y FASCIA DE MANO",14. (76 84) OPERACIONES SOBRE EL APARATO MUSCULOESQUELETICO,14. (76 84) OPERACIONES SOBRE EL APARATO MUSCULOESQUELETICO
82.51,ADELANTAMIENTO TENDON MANO,"82 OPERACIONES SOBRE MUSCULO,TENDON Y FASCIA DE MANO",14. (76 84) OPERACIONES SOBRE EL APARATO MUSCULOESQUELETICO,14. (76 84) OPERACIONES SOBRE EL APARATO MUSCULOESQUELETICO
82.52,RECESION TENDON MANO,"82 OPERACIONES SOBRE MUSCULO,TENDON Y FASCIA DE MANO",14. (76 84) OPERACIONES SOBRE EL APARATO MUSCULOESQUELETICO,14. (76 84) OPERACIONES SOBRE EL APARATO MUSCULOESQUELETICO
82.53,REFIJACION TENDON MANO,"82 OPERACIONES SOBRE MUSCULO,TENDON Y FASCIA DE MANO",14. (76 84) OPERACIONES SOBRE EL APARATO MUSCULOESQUELETICO,14. (76 84) OPERACIONES SOBRE EL APARATO MUSCULOESQUELETICO
82.54,REFIJACION MUSCULO MANO,"82 OPERACIONES SOBRE MUSCULO,TENDON Y FASCIA DE MANO",14. (76 84) OPERACIONES SOBRE EL APARATO MUSCULOESQUELETICO,14. (76 84) OPERACIONES SOBRE EL APARATO MUSCULOESQUELETICO
82.55,CAMBIO LONGITUD MUSCULO O TENDON MANO OTRO,"82 OPERACIONES SOBRE MUSCULO,TENDON Y FASCIA DE MANO",14. (76 84) OPERACIONES SOBRE EL APARATO MUSCULOESQUELETICO,14. (76 84) OPERACIONES SOBRE EL APARATO MUSCULOESQUELETICO
82.56,TRASPLANTE TENDON MANO OTRO,"82 OPERACIONES SOBRE MUSCULO,TENDON Y FASCIA DE MANO",14. (76 84) OPERACIONES SOBRE EL APARATO MUSCULOESQUELETICO,14. (76 84) OPERACIONES SOBRE EL APARATO MUSCULOESQUELETICO
82.57,TRANSPOSICION TENDON MANO,"82 OPERACIONES SOBRE MUSCULO,TENDON Y FASCIA DE MANO",14. (76 84) OPERACIONES SOBRE EL APARATO MUSCULOESQUELETICO,14. (76 84) OPERACIONES SOBRE EL APARATO MUSCULOESQUELETICO
82.58,TRANPLANTE MUSCULO MANO OTRO,"82 OPERACIONES SOBRE MUSCULO,TENDON Y FASCIA DE MANO",14. (76 84) OPERACIONES SOBRE EL APARATO MUSCULOESQUELETICO,14. (76 84) OPERACIONES SOBRE EL APARATO MUSCULOESQUELETICO
82.59,TRANSPOSICION MUSCULO MANO,"82 OPERACIONES SOBRE MUSCULO,TENDON Y FASCIA DE MANO",14. (76 84) OPERACIONES SOBRE EL APARATO MUSCULOESQUELETICO,14. (76 84) OPERACIONES SOBRE EL APARATO MUSCULOESQUELETICO
82.6,RECONSTRUCCION PULGAR,"82 OPERACIONES SOBRE MUSCULO,TENDON Y FASCIA DE MANO",14. (76 84) OPERACIONES SOBRE EL APARATO MUSCULOESQUELETICO,14. (76 84) OPERACIONES SOBRE EL APARATO MUSCULOESQUELETICO
82.61,OPERACION PULGARIZACION,"82 OPERACIONES SOBRE MUSCULO,TENDON Y FASCIA DE MANO",14. (76 84) OPERACIONES SOBRE EL APARATO MUSCULOESQUELETICO,14. (76 84) OPERACIONES SOBRE EL APARATO MUSCULOESQUELETICO
82.69,RECONSTRUCCION PULGAR OTRA,"82 OPERACIONES SOBRE MUSCULO,TENDON Y FASCIA DE MANO",14. (76 84) OPERACIONES SOBRE EL APARATO MUSCULOESQUELETICO,14. (76 84) OPERACIONES SOBRE EL APARATO MUSCULOESQUELETICO
82.7,OPERACION MANO CON INJERTO O IMPLANTE,"82 OPERACIONES SOBRE MUSCULO,TENDON Y FASCIA DE MANO",14. (76 84) OPERACIONES SOBRE EL APARATO MUSCULOESQUELETICO,14. (76 84) OPERACIONES SOBRE EL APARATO MUSCULOESQUELETICO
82.71,RECONSTRUCCION POLEA TENDON MANO,"82 OPERACIONES SOBRE MUSCULO,TENDON Y FASCIA DE MANO",14. (76 84) OPERACIONES SOBRE EL APARATO MUSCULOESQUELETICO,14. (76 84) OPERACIONES SOBRE EL APARATO MUSCULOESQUELETICO
82.72,OPERACION MANO CON INJERTO MUSCULO O FASCIA,"82 OPERACIONES SOBRE MUSCULO,TENDON Y FASCIA DE MANO",14. (76 84) OPERACIONES SOBRE EL APARATO MUSCULOESQUELETICO,14. (76 84) OPERACIONES SOBRE EL APARATO MUSCULOESQUELETICO
82.79,OPERACION MANO CON INJERTO O IMPLANTE OTRA,"82 OPERACIONES SOBRE MUSCULO,TENDON Y FASCIA DE MANO",14. (76 84) OPERACIONES SOBRE EL APARATO MUSCULOESQUELETICO,14. (76 84) OPERACIONES SOBRE EL APARATO MUSCULOESQUELETICO
82.8,OPERACION MANO OTRA,"82 OPERACIONES SOBRE MUSCULO,TENDON Y FASCIA DE MANO",14. (76 84) OPERACIONES SOBRE EL APARATO MUSCULOESQUELETICO,14. (76 84) OPERACIONES SOBRE EL APARATO MUSCULOESQUELETICO
82.81,TRANSFERENCIA DEDO MANO SALVO PULGAR,"82 OPERACIONES SOBRE MUSCULO,TENDON Y FASCIA DE MANO",14. (76 84) OPERACIONES SOBRE EL APARATO MUSCULOESQUELETICO,14. (76 84) OPERACIONES SOBRE EL APARATO MUSCULOESQUELETICO
82.82,REPARACION MANO HENDIDA,"82 OPERACIONES SOBRE MUSCULO,TENDON Y FASCIA DE MANO",14. (76 84) OPERACIONES SOBRE EL APARATO MUSCULOESQUELETICO,14. (76 84) OPERACIONES SOBRE EL APARATO MUSCULOESQUELETICO
82.83,REPARACION MACRODACTILIA,"82 OPERACIONES SOBRE MUSCULO,TENDON Y FASCIA DE MANO",14. (76 84) OPERACIONES SOBRE EL APARATO MUSCULOESQUELETICO,14. (76 84) OPERACIONES SOBRE EL APARATO MUSCULOESQUELETICO
82.84,REPARACION DEDO EN MARTILLO MANO,"82 OPERACIONES SOBRE MUSCULO,TENDON Y FASCIA DE MANO",14. (76 84) OPERACIONES SOBRE EL APARATO MUSCULOESQUELETICO,14. (76 84) OPERACIONES SOBRE EL APARATO MUSCULOESQUELETICO
82.85,TENODESIS MANO OTRA,"82 OPERACIONES SOBRE MUSCULO,TENDON Y FASCIA DE MANO",14. (76 84) OPERACIONES SOBRE EL APARATO MUSCULOESQUELETICO,14. (76 84) OPERACIONES SOBRE EL APARATO MUSCULOESQUELETICO
82.86,TENOPLASTIA MANO OTRA,"82 OPERACIONES SOBRE MUSCULO,TENDON Y FASCIA DE MANO",14. (76 84) OPERACIONES SOBRE EL APARATO MUSCULOESQUELETICO,14. (76 84) OPERACIONES SOBRE EL APARATO MUSCULOESQUELETICO
82.89,OPERACION MANO OTRA,"82 OPERACIONES SOBRE MUSCULO,TENDON Y FASCIA DE MANO",14. (76 84) OPERACIONES SOBRE EL APARATO MUSCULOESQUELETICO,14. (76 84) OPERACIONES SOBRE EL APARATO MUSCULOESQUELETICO
82.9,"OPERACION MUSCULO,TENDON Y FASCIA MANO OTRA","82 OPERACIONES SOBRE MUSCULO,TENDON Y FASCIA DE MANO",14. (76 84) OPERACIONES SOBRE EL APARATO MUSCULOESQUELETICO,14. (76 84) OPERACIONES SOBRE EL APARATO MUSCULOESQUELETICO
82.91,LISIS ADHERENCIA MANO,"82 OPERACIONES SOBRE MUSCULO,TENDON Y FASCIA DE MANO",14. (76 84) OPERACIONES SOBRE EL APARATO MUSCULOESQUELETICO,14. (76 84) OPERACIONES SOBRE EL APARATO MUSCULOESQUELETICO
82.92,ASPIRACION BOLSA SINOVIAL MANO,"82 OPERACIONES SOBRE MUSCULO,TENDON Y FASCIA DE MANO",14. (76 84) OPERACIONES SOBRE EL APARATO MUSCULOESQUELETICO,14. (76 84) OPERACIONES SOBRE EL APARATO MUSCULOESQUELETICO
82.93,ASPIRACION TEJIDO BLANDO MANO OTRA,"82 OPERACIONES SOBRE MUSCULO,TENDON Y FASCIA DE MANO",14. (76 84) OPERACIONES SOBRE EL APARATO MUSCULOESQUELETICO,14. (76 84) OPERACIONES SOBRE EL APARATO MUSCULOESQUELETICO
82.94,INYECCION SUSTANCIA TERAPEUTICA BOLSA SINOVIAL MANO,"82 OPERACIONES SOBRE MUSCULO,TENDON Y FASCIA DE MANO",14. (76 84) OPERACIONES SOBRE EL APARATO MUSCULOESQUELETICO,14. (76 84) OPERACIONES SOBRE EL APARATO MUSCULOESQUELETICO
82.95,INYECCION SUSTANCIA TERAPEUTICA TENDON MANO,"82 OPERACIONES SOBRE MUSCULO,TENDON Y FASCIA DE MANO",14. (76 84) OPERACIONES SOBRE EL APARATO MUSCULOESQUELETICO,14. (76 84) OPERACIONES SOBRE EL APARATO MUSCULOESQUELETICO
82.96,INYECCION SUSTANCIA TERAPEUTICA TEJIDO BLANDO MANO OTRA,"82 OPERACIONES SOBRE MUSCULO,TENDON Y FASCIA DE MANO",14. (76 84) OPERACIONES SOBRE EL APARATO MUSCULOESQUELETICO,14. (76 84) OPERACIONES SOBRE EL APARATO MUSCULOESQUELETICO
82.99,"OPERACION MUSCULO,TENDON Y FASCIA MANO.OTRA","82 OPERACIONES SOBRE MUSCULO,TENDON Y FASCIA DE MANO",14. (76 84) OPERACIONES SOBRE EL APARATO MUSCULOESQUELETICO,14. (76 84) OPERACIONES SOBRE EL APARATO MUSCULOESQUELETICO
83,"OPERACION MUSCULO,TENDON,FASCIA Y SINOVIAL SALVO MANO","83 OP.SOBRE MUSCULO, TENDON,FASCIA Y BOLSA SINOVIAL NO MANO",14. (76 84) OPERACIONES SOBRE EL APARATO MUSCULOESQUELETICO,14. (76 84) OPERACIONES SOBRE EL APARATO MUSCULOESQUELETICO
83.0,"INCISION MUSCULO,TENDON Y FASCIA SALVO MANO","83 OP.SOBRE MUSCULO, TENDON,FASCIA Y BOLSA SINOVIAL NO MANO",14. (76 84) OPERACIONES SOBRE EL APARATO MUSCULOESQUELETICO,14. (76 84) OPERACIONES SOBRE EL APARATO MUSCULOESQUELETICO
83.01,EXPLORACION VAINA TENDON,"83 OP.SOBRE MUSCULO, TENDON,FASCIA Y BOLSA SINOVIAL NO MANO",14. (76 84) OPERACIONES SOBRE EL APARATO MUSCULOESQUELETICO,14. (76 84) OPERACIONES SOBRE EL APARATO MUSCULOESQUELETICO
83.02,MIOTOMIA,"83 OP.SOBRE MUSCULO, TENDON,FASCIA Y BOLSA SINOVIAL NO MANO",14. (76 84) OPERACIONES SOBRE EL APARATO MUSCULOESQUELETICO,14. (76 84) OPERACIONES SOBRE EL APARATO MUSCULOESQUELETICO
83.03,BURSOTOMIA,"83 OP.SOBRE MUSCULO, TENDON,FASCIA Y BOLSA SINOVIAL NO MANO",14. (76 84) OPERACIONES SOBRE EL APARATO MUSCULOESQUELETICO,14. (76 84) OPERACIONES SOBRE EL APARATO MUSCULOESQUELETICO
83.09,INCISION TEJIDO BLANDO SALVO MANO OTRA,"83 OP.SOBRE MUSCULO, TENDON,FASCIA Y BOLSA SINOVIAL NO MANO",14. (76 84) OPERACIONES SOBRE EL APARATO MUSCULOESQUELETICO,14. (76 84) OPERACIONES SOBRE EL APARATO MUSCULOESQUELETICO
83.1,"SECCION MUSCULO,TENDON Y FASCIA","83 OP.SOBRE MUSCULO, TENDON,FASCIA Y BOLSA SINOVIAL NO MANO",14. (76 84) OPERACIONES SOBRE EL APARATO MUSCULOESQUELETICO,14. (76 84) OPERACIONES SOBRE EL APARATO MUSCULOESQUELETICO
83.11,AQUILOTENOTOMIA,"83 OP.SOBRE MUSCULO, TENDON,FASCIA Y BOLSA SINOVIAL NO MANO",14. (76 84) OPERACIONES SOBRE EL APARATO MUSCULOESQUELETICO,14. (76 84) OPERACIONES SOBRE EL APARATO MUSCULOESQUELETICO
83.12,TENOTOMIA TENDON ADUCTOR CADERA,"83 OP.SOBRE MUSCULO, TENDON,FASCIA Y BOLSA SINOVIAL NO MANO",14. (76 84) OPERACIONES SOBRE EL APARATO MUSCULOESQUELETICO,14. (76 84) OPERACIONES SOBRE EL APARATO MUSCULOESQUELETICO
83.13,TENOTOMIA OTRA,"83 OP.SOBRE MUSCULO, TENDON,FASCIA Y BOLSA SINOVIAL NO MANO",14. (76 84) OPERACIONES SOBRE EL APARATO MUSCULOESQUELETICO,14. (76 84) OPERACIONES SOBRE EL APARATO MUSCULOESQUELETICO
83.14,FASCIOTOMIA,"83 OP.SOBRE MUSCULO, TENDON,FASCIA Y BOLSA SINOVIAL NO MANO",14. (76 84) OPERACIONES SOBRE EL APARATO MUSCULOESQUELETICO,14. (76 84) OPERACIONES SOBRE EL APARATO MUSCULOESQUELETICO
83.19,SECCION TEJIDO BLANDO OTRA SALVO MANO,"83 OP.SOBRE MUSCULO, TENDON,FASCIA Y BOLSA SINOVIAL NO MANO",14. (76 84) OPERACIONES SOBRE EL APARATO MUSCULOESQUELETICO,14. (76 84) OPERACIONES SOBRE EL APARATO MUSCULOESQUELETICO
83.2,"PROCEDIMIENTO DIAGNOSTICO MUSCULO,TENDON Y FASCIA","83 OP.SOBRE MUSCULO, TENDON,FASCIA Y BOLSA SINOVIAL NO MANO",14. (76 84) OPERACIONES SOBRE EL APARATO MUSCULOESQUELETICO,14. (76 84) OPERACIONES SOBRE EL APARATO MUSCULOESQUELETICO
83.21,BIOPSIA TEJIDO BLANDO,"83 OP.SOBRE MUSCULO, TENDON,FASCIA Y BOLSA SINOVIAL NO MANO",14. (76 84) OPERACIONES SOBRE EL APARATO MUSCULOESQUELETICO,14. (76 84) OPERACIONES SOBRE EL APARATO MUSCULOESQUELETICO
83.29,"PROCEDIMIENTO DIAGNOSTICO MUSCULO,TENDON Y FASCIA.OTRO","83 OP.SOBRE MUSCULO, TENDON,FASCIA Y BOLSA SINOVIAL NO MANO",14. (76 84) OPERACIONES SOBRE EL APARATO MUSCULOESQUELETICO,14. (76 84) OPERACIONES SOBRE EL APARATO MUSCULOESQUELETICO
83.3,"ESCISION MUSCULO,TENDON Y FASCIA LOCAL","83 OP.SOBRE MUSCULO, TENDON,FASCIA Y BOLSA SINOVIAL NO MANO",14. (76 84) OPERACIONES SOBRE EL APARATO MUSCULOESQUELETICO,14. (76 84) OPERACIONES SOBRE EL APARATO MUSCULOESQUELETICO
83.31,ESCISION VAINA TENDON LOCAL,"83 OP.SOBRE MUSCULO, TENDON,FASCIA Y BOLSA SINOVIAL NO MANO",14. (76 84) OPERACIONES SOBRE EL APARATO MUSCULOESQUELETICO,14. (76 84) OPERACIONES SOBRE EL APARATO MUSCULOESQUELETICO
83.32,ESCISION MUSCULO LOCAL,"83 OP.SOBRE MUSCULO, TENDON,FASCIA Y BOLSA SINOVIAL NO MANO",14. (76 84) OPERACIONES SOBRE EL APARATO MUSCULOESQUELETICO,14. (76 84) OPERACIONES SOBRE EL APARATO MUSCULOESQUELETICO
83.39,ESCISION TEJIDO BLANDO LOCAL OTRA,"83 OP.SOBRE MUSCULO, TENDON,FASCIA Y BOLSA SINOVIAL NO MANO",14. (76 84) OPERACIONES SOBRE EL APARATO MUSCULOESQUELETICO,14. (76 84) OPERACIONES SOBRE EL APARATO MUSCULOESQUELETICO
83.4,"ESCISION MUSCULO,TENDON Y FASCIA OTRA","83 OP.SOBRE MUSCULO, TENDON,FASCIA Y BOLSA SINOVIAL NO MANO",14. (76 84) OPERACIONES SOBRE EL APARATO MUSCULOESQUELETICO,14. (76 84) OPERACIONES SOBRE EL APARATO MUSCULOESQUELETICO
83.41,ESCISION TENDON PARA INJERTO,"83 OP.SOBRE MUSCULO, TENDON,FASCIA Y BOLSA SINOVIAL NO MANO",14. (76 84) OPERACIONES SOBRE EL APARATO MUSCULOESQUELETICO,14. (76 84) OPERACIONES SOBRE EL APARATO MUSCULOESQUELETICO
83.42,TENONECTOMIA OTRA,"83 OP.SOBRE MUSCULO, TENDON,FASCIA Y BOLSA SINOVIAL NO MANO",14. (76 84) OPERACIONES SOBRE EL APARATO MUSCULOESQUELETICO,14. (76 84) OPERACIONES SOBRE EL APARATO MUSCULOESQUELETICO
83.43,ESCISION MUSCULO O FASCIA PARA INJERTO,"83 OP.SOBRE MUSCULO, TENDON,FASCIA Y BOLSA SINOVIAL NO MANO",14. (76 84) OPERACIONES SOBRE EL APARATO MUSCULOESQUELETICO,14. (76 84) OPERACIONES SOBRE EL APARATO MUSCULOESQUELETICO
83.44,FASCIECTOMIA OTRA,"83 OP.SOBRE MUSCULO, TENDON,FASCIA Y BOLSA SINOVIAL NO MANO",14. (76 84) OPERACIONES SOBRE EL APARATO MUSCULOESQUELETICO,14. (76 84) OPERACIONES SOBRE EL APARATO MUSCULOESQUELETICO
83.45,MIECTOMIA OTRA,"83 OP.SOBRE MUSCULO, TENDON,FASCIA Y BOLSA SINOVIAL NO MANO",14. (76 84) OPERACIONES SOBRE EL APARATO MUSCULOESQUELETICO,14. (76 84) OPERACIONES SOBRE EL APARATO MUSCULOESQUELETICO
83.49,ESCISION TEJIDO BLANDO OTRA,"83 OP.SOBRE MUSCULO, TENDON,FASCIA Y BOLSA SINOVIAL NO MANO",14. (76 84) OPERACIONES SOBRE EL APARATO MUSCULOESQUELETICO,14. (76 84) OPERACIONES SOBRE EL APARATO MUSCULOESQUELETICO
83.5,BURSECTOMIA,"83 OP.SOBRE MUSCULO, TENDON,FASCIA Y BOLSA SINOVIAL NO MANO",14. (76 84) OPERACIONES SOBRE EL APARATO MUSCULOESQUELETICO,14. (76 84) OPERACIONES SOBRE EL APARATO MUSCULOESQUELETICO
83.6,"SUTURA MUSCULO,TENDON Y FASCIA","83 OP.SOBRE MUSCULO, TENDON,FASCIA Y BOLSA SINOVIAL NO MANO",14. (76 84) OPERACIONES SOBRE EL APARATO MUSCULOESQUELETICO,14. (76 84) OPERACIONES SOBRE EL APARATO MUSCULOESQUELETICO
83.61,SUTURA VAINA TENDON,"83 OP.SOBRE MUSCULO, TENDON,FASCIA Y BOLSA SINOVIAL NO MANO",14. (76 84) OPERACIONES SOBRE EL APARATO MUSCULOESQUELETICO,14. (76 84) OPERACIONES SOBRE EL APARATO MUSCULOESQUELETICO
83.62,SUTURA TENDON DIFERIDA,"83 OP.SOBRE MUSCULO, TENDON,FASCIA Y BOLSA SINOVIAL NO MANO",14. (76 84) OPERACIONES SOBRE EL APARATO MUSCULOESQUELETICO,14. (76 84) OPERACIONES SOBRE EL APARATO MUSCULOESQUELETICO
83.63,REPARACION MANGUITO ROTADORES,"83 OP.SOBRE MUSCULO, TENDON,FASCIA Y BOLSA SINOVIAL NO MANO",14. (76 84) OPERACIONES SOBRE EL APARATO MUSCULOESQUELETICO,14. (76 84) OPERACIONES SOBRE EL APARATO MUSCULOESQUELETICO
83.64,SUTURA TENDON OTRA,"83 OP.SOBRE MUSCULO, TENDON,FASCIA Y BOLSA SINOVIAL NO MANO",14. (76 84) OPERACIONES SOBRE EL APARATO MUSCULOESQUELETICO,14. (76 84) OPERACIONES SOBRE EL APARATO MUSCULOESQUELETICO
83.65,SUTURA MUSCULO O FASCIA OTRA,"83 OP.SOBRE MUSCULO, TENDON,FASCIA Y BOLSA SINOVIAL NO MANO",14. (76 84) OPERACIONES SOBRE EL APARATO MUSCULOESQUELETICO,14. (76 84) OPERACIONES SOBRE EL APARATO MUSCULOESQUELETICO
83.7,RECONSTRUCCION MUSCULO Y TENDON,"83 OP.SOBRE MUSCULO, TENDON,FASCIA Y BOLSA SINOVIAL NO MANO",14. (76 84) OPERACIONES SOBRE EL APARATO MUSCULOESQUELETICO,14. (76 84) OPERACIONES SOBRE EL APARATO MUSCULOESQUELETICO
83.71,ADELANTAMIENTO TENDON,"83 OP.SOBRE MUSCULO, TENDON,FASCIA Y BOLSA SINOVIAL NO MANO",14. (76 84) OPERACIONES SOBRE EL APARATO MUSCULOESQUELETICO,14. (76 84) OPERACIONES SOBRE EL APARATO MUSCULOESQUELETICO
83.72,RECESION TENDON,"83 OP.SOBRE MUSCULO, TENDON,FASCIA Y BOLSA SINOVIAL NO MANO",14. (76 84) OPERACIONES SOBRE EL APARATO MUSCULOESQUELETICO,14. (76 84) OPERACIONES SOBRE EL APARATO MUSCULOESQUELETICO
83.73,REINSERCION TENDON,"83 OP.SOBRE MUSCULO, TENDON,FASCIA Y BOLSA SINOVIAL NO MANO",14. (76 84) OPERACIONES SOBRE EL APARATO MUSCULOESQUELETICO,14. (76 84) OPERACIONES SOBRE EL APARATO MUSCULOESQUELETICO
83.74,REINSERCION MUSCULO,"83 OP.SOBRE MUSCULO, TENDON,FASCIA Y BOLSA SINOVIAL NO MANO",14. (76 84) OPERACIONES SOBRE EL APARATO MUSCULOESQUELETICO,14. (76 84) OPERACIONES SOBRE EL APARATO MUSCULOESQUELETICO
83.75,TRANSFERENCIA O TRASPLANTE TENDON,"83 OP.SOBRE MUSCULO, TENDON,FASCIA Y BOLSA SINOVIAL NO MANO",14. (76 84) OPERACIONES SOBRE EL APARATO MUSCULOESQUELETICO,14. (76 84) OPERACIONES SOBRE EL APARATO MUSCULOESQUELETICO
83.76,TRANSPOSICION TENDON,"83 OP.SOBRE MUSCULO, TENDON,FASCIA Y BOLSA SINOVIAL NO MANO",14. (76 84) OPERACIONES SOBRE EL APARATO MUSCULOESQUELETICO,14. (76 84) OPERACIONES SOBRE EL APARATO MUSCULOESQUELETICO
83.77,TRANSFERENCIA O TRASPLANTE MUSCULO,"83 OP.SOBRE MUSCULO, TENDON,FASCIA Y BOLSA SINOVIAL NO MANO",14. (76 84) OPERACIONES SOBRE EL APARATO MUSCULOESQUELETICO,14. (76 84) OPERACIONES SOBRE EL APARATO MUSCULOESQUELETICO
83.79,TRANSPOSICION MUSCULO OTRA,"83 OP.SOBRE MUSCULO, TENDON,FASCIA Y BOLSA SINOVIAL NO MANO",14. (76 84) OPERACIONES SOBRE EL APARATO MUSCULOESQUELETICO,14. (76 84) OPERACIONES SOBRE EL APARATO MUSCULOESQUELETICO
83.8,"OPERACION MUSCULO,TENDON Y FASCIA PLASTICA OTRA","83 OP.SOBRE MUSCULO, TENDON,FASCIA Y BOLSA SINOVIAL NO MANO",14. (76 84) OPERACIONES SOBRE EL APARATO MUSCULOESQUELETICO,14. (76 84) OPERACIONES SOBRE EL APARATO MUSCULOESQUELETICO
83.81,INJERTO TENDON,"83 OP.SOBRE MUSCULO, TENDON,FASCIA Y BOLSA SINOVIAL NO MANO",14. (76 84) OPERACIONES SOBRE EL APARATO MUSCULOESQUELETICO,14. (76 84) OPERACIONES SOBRE EL APARATO MUSCULOESQUELETICO
83.82,INJERTO MUSCULO O FASCIA,"83 OP.SOBRE MUSCULO, TENDON,FASCIA Y BOLSA SINOVIAL NO MANO",14. (76 84) OPERACIONES SOBRE EL APARATO MUSCULOESQUELETICO,14. (76 84) OPERACIONES SOBRE EL APARATO MUSCULOESQUELETICO
83.83,RECONSTRUCCION POLEA TENDON,"83 OP.SOBRE MUSCULO, TENDON,FASCIA Y BOLSA SINOVIAL NO MANO",14. (76 84) OPERACIONES SOBRE EL APARATO MUSCULOESQUELETICO,14. (76 84) OPERACIONES SOBRE EL APARATO MUSCULOESQUELETICO
83.84,CORRECCION PIE ZAMBO NCOC,"83 OP.SOBRE MUSCULO, TENDON,FASCIA Y BOLSA SINOVIAL NO MANO",14. (76 84) OPERACIONES SOBRE EL APARATO MUSCULOESQUELETICO,14. (76 84) OPERACIONES SOBRE EL APARATO MUSCULOESQUELETICO
83.85,CAMBIO LONGITUD MUSCULO Y TENDON OTRO,"83 OP.SOBRE MUSCULO, TENDON,FASCIA Y BOLSA SINOVIAL NO MANO",14. (76 84) OPERACIONES SOBRE EL APARATO MUSCULOESQUELETICO,14. (76 84) OPERACIONES SOBRE EL APARATO MUSCULOESQUELETICO
83.86,PLASTIA CUADRICEPS,"83 OP.SOBRE MUSCULO, TENDON,FASCIA Y BOLSA SINOVIAL NO MANO",14. (76 84) OPERACIONES SOBRE EL APARATO MUSCULOESQUELETICO,14. (76 84) OPERACIONES SOBRE EL APARATO MUSCULOESQUELETICO
83.87,OPERACION MUSCULO PLASTICA OTRA,"83 OP.SOBRE MUSCULO, TENDON,FASCIA Y BOLSA SINOVIAL NO MANO",14. (76 84) OPERACIONES SOBRE EL APARATO MUSCULOESQUELETICO,14. (76 84) OPERACIONES SOBRE EL APARATO MUSCULOESQUELETICO
83.88,OPERACION TENDON PLASTICA OTRA,"83 OP.SOBRE MUSCULO, TENDON,FASCIA Y BOLSA SINOVIAL NO MANO",14. (76 84) OPERACIONES SOBRE EL APARATO MUSCULOESQUELETICO,14. (76 84) OPERACIONES SOBRE EL APARATO MUSCULOESQUELETICO
83.89,OPERACION FASCIA PLASTICA OTRA,"83 OP.SOBRE MUSCULO, TENDON,FASCIA Y BOLSA SINOVIAL NO MANO",14. (76 84) OPERACIONES SOBRE EL APARATO MUSCULOESQUELETICO,14. (76 84) OPERACIONES SOBRE EL APARATO MUSCULOESQUELETICO
83.9,"OPERACION MUSCULO,TENDON Y FASCIA OTRA","83 OP.SOBRE MUSCULO, TENDON,FASCIA Y BOLSA SINOVIAL NO MANO",14. (76 84) OPERACIONES SOBRE EL APARATO MUSCULOESQUELETICO,14. (76 84) OPERACIONES SOBRE EL APARATO MUSCULOESQUELETICO
83.91,"LISIS ADHERENCIA MUSCULO,TENDON Y FASCIA","83 OP.SOBRE MUSCULO, TENDON,FASCIA Y BOLSA SINOVIAL NO MANO",14. (76 84) OPERACIONES SOBRE EL APARATO MUSCULOESQUELETICO,14. (76 84) OPERACIONES SOBRE EL APARATO MUSCULOESQUELETICO
83.92,IMPLANTACION ESTIMULADOR MUSCULO ESQUELETICO,"83 OP.SOBRE MUSCULO, TENDON,FASCIA Y BOLSA SINOVIAL NO MANO",14. (76 84) OPERACIONES SOBRE EL APARATO MUSCULOESQUELETICO,14. (76 84) OPERACIONES SOBRE EL APARATO MUSCULOESQUELETICO
83.93,EXTRACCION ESTIMULADOR MUSCULO ESQUELETICO,"83 OP.SOBRE MUSCULO, TENDON,FASCIA Y BOLSA SINOVIAL NO MANO",14. (76 84) OPERACIONES SOBRE EL APARATO MUSCULOESQUELETICO,14. (76 84) OPERACIONES SOBRE EL APARATO MUSCULOESQUELETICO
83.94,ASPIRACION BOLSA SINOVIAL,"83 OP.SOBRE MUSCULO, TENDON,FASCIA Y BOLSA SINOVIAL NO MANO",14. (76 84) OPERACIONES SOBRE EL APARATO MUSCULOESQUELETICO,14. (76 84) OPERACIONES SOBRE EL APARATO MUSCULOESQUELETICO
83.95,ASPIRACION TEJIDO BLANDO OTRA,"83 OP.SOBRE MUSCULO, TENDON,FASCIA Y BOLSA SINOVIAL NO MANO",14. (76 84) OPERACIONES SOBRE EL APARATO MUSCULOESQUELETICO,14. (76 84) OPERACIONES SOBRE EL APARATO MUSCULOESQUELETICO
83.96,INYECCION SUSTANCIA TERAPEUTICA BOLSA SINOVIAL,"83 OP.SOBRE MUSCULO, TENDON,FASCIA Y BOLSA SINOVIAL NO MANO",14. (76 84) OPERACIONES SOBRE EL APARATO MUSCULOESQUELETICO,14. (76 84) OPERACIONES SOBRE EL APARATO MUSCULOESQUELETICO
83.97,INYECCION SUSTANCIA TERAPEUTICA TENDON,"83 OP.SOBRE MUSCULO, TENDON,FASCIA Y BOLSA SINOVIAL NO MANO",14. (76 84) OPERACIONES SOBRE EL APARATO MUSCULOESQUELETICO,14. (76 84) OPERACIONES SOBRE EL APARATO MUSCULOESQUELETICO
83.98,INYECCION SUSTANCIA TERAPEUTICA TEJIDO BLANDO OTRO,"83 OP.SOBRE MUSCULO, TENDON,FASCIA Y BOLSA SINOVIAL NO MANO",14. (76 84) OPERACIONES SOBRE EL APARATO MUSCULOESQUELETICO,14. (76 84) OPERACIONES SOBRE EL APARATO MUSCULOESQUELETICO
83.99,"OPERACION MUSCULO,TENDON Y FASCIA.OTRA","83 OP.SOBRE MUSCULO, TENDON,FASCIA Y BOLSA SINOVIAL NO MANO",14. (76 84) OPERACIONES SOBRE EL APARATO MUSCULOESQUELETICO,14. (76 84) OPERACIONES SOBRE EL APARATO MUSCULOESQUELETICO
84,PROCEDIMIENTO APARATO MUSCULOESQUELETICO OTRO,84 OTROS PROCEDIMEINTOS SOBRE APARATO MUSCULOESQUELETICO,14. (76 84) OPERACIONES SOBRE EL APARATO MUSCULOESQUELETICO,14. (76 84) OPERACIONES SOBRE EL APARATO MUSCULOESQUELETICO
84.0,AMPUTACION MIEMBRO SUPERIOR,84 OTROS PROCEDIMEINTOS SOBRE APARATO MUSCULOESQUELETICO,14. (76 84) OPERACIONES SOBRE EL APARATO MUSCULOESQUELETICO,14. (76 84) OPERACIONES SOBRE EL APARATO MUSCULOESQUELETICO
84.00,AMPUTACION MIEMBRO SUPERIOR.NEOM,84 OTROS PROCEDIMEINTOS SOBRE APARATO MUSCULOESQUELETICO,14. (76 84) OPERACIONES SOBRE EL APARATO MUSCULOESQUELETICO,14. (76 84) OPERACIONES SOBRE EL APARATO MUSCULOESQUELETICO
84.01,AMPUTACION DEDO MANO,84 OTROS PROCEDIMEINTOS SOBRE APARATO MUSCULOESQUELETICO,14. (76 84) OPERACIONES SOBRE EL APARATO MUSCULOESQUELETICO,14. (76 84) OPERACIONES SOBRE EL APARATO MUSCULOESQUELETICO
84.02,AMPUTACION PULGAR,84 OTROS PROCEDIMEINTOS SOBRE APARATO MUSCULOESQUELETICO,14. (76 84) OPERACIONES SOBRE EL APARATO MUSCULOESQUELETICO,14. (76 84) OPERACIONES SOBRE EL APARATO MUSCULOESQUELETICO
84.03,AMPUTACION A NIVEL MANO,84 OTROS PROCEDIMEINTOS SOBRE APARATO MUSCULOESQUELETICO,14. (76 84) OPERACIONES SOBRE EL APARATO MUSCULOESQUELETICO,14. (76 84) OPERACIONES SOBRE EL APARATO MUSCULOESQUELETICO
84.04,DESARTICULACION MUÑECA,84 OTROS PROCEDIMEINTOS SOBRE APARATO MUSCULOESQUELETICO,14. (76 84) OPERACIONES SOBRE EL APARATO MUSCULOESQUELETICO,14. (76 84) OPERACIONES SOBRE EL APARATO MUSCULOESQUELETICO
84.05,AMPUTACION A NIVEL ANTEBRAZO,84 OTROS PROCEDIMEINTOS SOBRE APARATO MUSCULOESQUELETICO,14. (76 84) OPERACIONES SOBRE EL APARATO MUSCULOESQUELETICO,14. (76 84) OPERACIONES SOBRE EL APARATO MUSCULOESQUELETICO
84.06,DESARTICULACION CODO,84 OTROS PROCEDIMEINTOS SOBRE APARATO MUSCULOESQUELETICO,14. (76 84) OPERACIONES SOBRE EL APARATO MUSCULOESQUELETICO,14. (76 84) OPERACIONES SOBRE EL APARATO MUSCULOESQUELETICO
84.07,AMPUTACION A NIVEL HUMERO,84 OTROS PROCEDIMEINTOS SOBRE APARATO MUSCULOESQUELETICO,14. (76 84) OPERACIONES SOBRE EL APARATO MUSCULOESQUELETICO,14. (76 84) OPERACIONES SOBRE EL APARATO MUSCULOESQUELETICO
84.08,DESARTICULACION HOMBRO,84 OTROS PROCEDIMEINTOS SOBRE APARATO MUSCULOESQUELETICO,14. (76 84) OPERACIONES SOBRE EL APARATO MUSCULOESQUELETICO,14. (76 84) OPERACIONES SOBRE EL APARATO MUSCULOESQUELETICO
84.09,AMPUTACION INTERTORACOESCAPULAR,84 OTROS PROCEDIMEINTOS SOBRE APARATO MUSCULOESQUELETICO,14. (76 84) OPERACIONES SOBRE EL APARATO MUSCULOESQUELETICO,14. (76 84) OPERACIONES SOBRE EL APARATO MUSCULOESQUELETICO
84.1,AMPUTACION MIEMBRO INFERIOR,84 OTROS PROCEDIMEINTOS SOBRE APARATO MUSCULOESQUELETICO,14. (76 84) OPERACIONES SOBRE EL APARATO MUSCULOESQUELETICO,14. (76 84) OPERACIONES SOBRE EL APARATO MUSCULOESQUELETICO
84.10,AMPUTACION MIEMBRO INFERIOR.NEOM,84 OTROS PROCEDIMEINTOS SOBRE APARATO MUSCULOESQUELETICO,14. (76 84) OPERACIONES SOBRE EL APARATO MUSCULOESQUELETICO,14. (76 84) OPERACIONES SOBRE EL APARATO MUSCULOESQUELETICO
84.11,AMPUTACION DEDO PIE,84 OTROS PROCEDIMEINTOS SOBRE APARATO MUSCULOESQUELETICO,14. (76 84) OPERACIONES SOBRE EL APARATO MUSCULOESQUELETICO,14. (76 84) OPERACIONES SOBRE EL APARATO MUSCULOESQUELETICO
84.12,AMPUTACION A NIVEL PIE,84 OTROS PROCEDIMEINTOS SOBRE APARATO MUSCULOESQUELETICO,14. (76 84) OPERACIONES SOBRE EL APARATO MUSCULOESQUELETICO,14. (76 84) OPERACIONES SOBRE EL APARATO MUSCULOESQUELETICO
84.13,DESARTICULACION TOBILLO,84 OTROS PROCEDIMEINTOS SOBRE APARATO MUSCULOESQUELETICO,14. (76 84) OPERACIONES SOBRE EL APARATO MUSCULOESQUELETICO,14. (76 84) OPERACIONES SOBRE EL APARATO MUSCULOESQUELETICO
84.14,AMPUTACION A NIVEL MALEOLO TIBIA Y PERONE,84 OTROS PROCEDIMEINTOS SOBRE APARATO MUSCULOESQUELETICO,14. (76 84) OPERACIONES SOBRE EL APARATO MUSCULOESQUELETICO,14. (76 84) OPERACIONES SOBRE EL APARATO MUSCULOESQUELETICO
84.15,AMPUTACION DEBAJO RODILLA OTRA,84 OTROS PROCEDIMEINTOS SOBRE APARATO MUSCULOESQUELETICO,14. (76 84) OPERACIONES SOBRE EL APARATO MUSCULOESQUELETICO,14. (76 84) OPERACIONES SOBRE EL APARATO MUSCULOESQUELETICO
84.16,DESARTICULACION RODILLA,84 OTROS PROCEDIMEINTOS SOBRE APARATO MUSCULOESQUELETICO,14. (76 84) OPERACIONES SOBRE EL APARATO MUSCULOESQUELETICO,14. (76 84) OPERACIONES SOBRE EL APARATO MUSCULOESQUELETICO
84.17,AMPUTACION ENCIMA RODILLA,84 OTROS PROCEDIMEINTOS SOBRE APARATO MUSCULOESQUELETICO,14. (76 84) OPERACIONES SOBRE EL APARATO MUSCULOESQUELETICO,14. (76 84) OPERACIONES SOBRE EL APARATO MUSCULOESQUELETICO
84.18,DESARTICULACION CADERA,84 OTROS PROCEDIMEINTOS SOBRE APARATO MUSCULOESQUELETICO,14. (76 84) OPERACIONES SOBRE EL APARATO MUSCULOESQUELETICO,14. (76 84) OPERACIONES SOBRE EL APARATO MUSCULOESQUELETICO
84.19,AMPUTACION MIEMBRO INFERIOR ABDOMINOPELVICA,84 OTROS PROCEDIMEINTOS SOBRE APARATO MUSCULOESQUELETICO,14. (76 84) OPERACIONES SOBRE EL APARATO MUSCULOESQUELETICO,14. (76 84) OPERACIONES SOBRE EL APARATO MUSCULOESQUELETICO
84.2,REIMPLANTACION MIEMBRO,84 OTROS PROCEDIMEINTOS SOBRE APARATO MUSCULOESQUELETICO,14. (76 84) OPERACIONES SOBRE EL APARATO MUSCULOESQUELETICO,14. (76 84) OPERACIONES SOBRE EL APARATO MUSCULOESQUELETICO
84.21,REIMPLANTACION PULGAR,84 OTROS PROCEDIMEINTOS SOBRE APARATO MUSCULOESQUELETICO,14. (76 84) OPERACIONES SOBRE EL APARATO MUSCULOESQUELETICO,14. (76 84) OPERACIONES SOBRE EL APARATO MUSCULOESQUELETICO
84.22,REIMPLANTACION DEDO MANO,84 OTROS PROCEDIMEINTOS SOBRE APARATO MUSCULOESQUELETICO,14. (76 84) OPERACIONES SOBRE EL APARATO MUSCULOESQUELETICO,14. (76 84) OPERACIONES SOBRE EL APARATO MUSCULOESQUELETICO
84.23,"REIMPLANTACION ANTEBRAZO,MUÑECA O MANO",84 OTROS PROCEDIMEINTOS SOBRE APARATO MUSCULOESQUELETICO,14. (76 84) OPERACIONES SOBRE EL APARATO MUSCULOESQUELETICO,14. (76 84) OPERACIONES SOBRE EL APARATO MUSCULOESQUELETICO
84.24,REIMPLANTACION BRAZO,84 OTROS PROCEDIMEINTOS SOBRE APARATO MUSCULOESQUELETICO,14. (76 84) OPERACIONES SOBRE EL APARATO MUSCULOESQUELETICO,14. (76 84) OPERACIONES SOBRE EL APARATO MUSCULOESQUELETICO
84.25,REIMPLANTACION DEDO PIE,84 OTROS PROCEDIMEINTOS SOBRE APARATO MUSCULOESQUELETICO,14. (76 84) OPERACIONES SOBRE EL APARATO MUSCULOESQUELETICO,14. (76 84) OPERACIONES SOBRE EL APARATO MUSCULOESQUELETICO
84.26,REIMPLANTACION PIE,84 OTROS PROCEDIMEINTOS SOBRE APARATO MUSCULOESQUELETICO,14. (76 84) OPERACIONES SOBRE EL APARATO MUSCULOESQUELETICO,14. (76 84) OPERACIONES SOBRE EL APARATO MUSCULOESQUELETICO
84.27,REIMPLANTACION PIERNA O TOBILLO,84 OTROS PROCEDIMEINTOS SOBRE APARATO MUSCULOESQUELETICO,14. (76 84) OPERACIONES SOBRE EL APARATO MUSCULOESQUELETICO,14. (76 84) OPERACIONES SOBRE EL APARATO MUSCULOESQUELETICO
84.28,REIMPLANTACION A NIVEL MUSLO,84 OTROS PROCEDIMEINTOS SOBRE APARATO MUSCULOESQUELETICO,14. (76 84) OPERACIONES SOBRE EL APARATO MUSCULOESQUELETICO,14. (76 84) OPERACIONES SOBRE EL APARATO MUSCULOESQUELETICO
84.29,REIMPLANTACION MIEMBRO.OTRA,84 OTROS PROCEDIMEINTOS SOBRE APARATO MUSCULOESQUELETICO,14. (76 84) OPERACIONES SOBRE EL APARATO MUSCULOESQUELETICO,14. (76 84) OPERACIONES SOBRE EL APARATO MUSCULOESQUELETICO
84.3,REVISION MUÑON AMPUTACION,84 OTROS PROCEDIMEINTOS SOBRE APARATO MUSCULOESQUELETICO,14. (76 84) OPERACIONES SOBRE EL APARATO MUSCULOESQUELETICO,14. (76 84) OPERACIONES SOBRE EL APARATO MUSCULOESQUELETICO
84.4,COLOCACION MIEMBRO PROTESICO,84 OTROS PROCEDIMEINTOS SOBRE APARATO MUSCULOESQUELETICO,14. (76 84) OPERACIONES SOBRE EL APARATO MUSCULOESQUELETICO,14. (76 84) OPERACIONES SOBRE EL APARATO MUSCULOESQUELETICO
84.40,COLOCACION MIEMBRO PROTESICO.NEOM,84 OTROS PROCEDIMEINTOS SOBRE APARATO MUSCULOESQUELETICO,14. (76 84) OPERACIONES SOBRE EL APARATO MUSCULOESQUELETICO,14. (76 84) OPERACIONES SOBRE EL APARATO MUSCULOESQUELETICO
84.41,COLOCACION PROTESIS BRAZO SUPERIOR Y HOMBRO,84 OTROS PROCEDIMEINTOS SOBRE APARATO MUSCULOESQUELETICO,14. (76 84) OPERACIONES SOBRE EL APARATO MUSCULOESQUELETICO,14. (76 84) OPERACIONES SOBRE EL APARATO MUSCULOESQUELETICO
84.42,COLOCACION PROTESIS BRAZO INFERIOR Y MANO,84 OTROS PROCEDIMEINTOS SOBRE APARATO MUSCULOESQUELETICO,14. (76 84) OPERACIONES SOBRE EL APARATO MUSCULOESQUELETICO,14. (76 84) OPERACIONES SOBRE EL APARATO MUSCULOESQUELETICO
84.43,COLOCACION PROTESIS BRAZO NEOM,84 OTROS PROCEDIMEINTOS SOBRE APARATO MUSCULOESQUELETICO,14. (76 84) OPERACIONES SOBRE EL APARATO MUSCULOESQUELETICO,14. (76 84) OPERACIONES SOBRE EL APARATO MUSCULOESQUELETICO
84.44,IMPLANTACION PROTESIS BRAZO,84 OTROS PROCEDIMEINTOS SOBRE APARATO MUSCULOESQUELETICO,14. (76 84) OPERACIONES SOBRE EL APARATO MUSCULOESQUELETICO,14. (76 84) OPERACIONES SOBRE EL APARATO MUSCULOESQUELETICO
84.45,COLOCACION PROTESIS ENCIMA RODILLA,84 OTROS PROCEDIMEINTOS SOBRE APARATO MUSCULOESQUELETICO,14. (76 84) OPERACIONES SOBRE EL APARATO MUSCULOESQUELETICO,14. (76 84) OPERACIONES SOBRE EL APARATO MUSCULOESQUELETICO
84.46,COLOCACION PROTESIS DEBAJO RODILLA,84 OTROS PROCEDIMEINTOS SOBRE APARATO MUSCULOESQUELETICO,14. (76 84) OPERACIONES SOBRE EL APARATO MUSCULOESQUELETICO,14. (76 84) OPERACIONES SOBRE EL APARATO MUSCULOESQUELETICO
84.47,COLOCACION PROTESIS PIERNA NEOM,84 OTROS PROCEDIMEINTOS SOBRE APARATO MUSCULOESQUELETICO,14. (76 84) OPERACIONES SOBRE EL APARATO MUSCULOESQUELETICO,14. (76 84) OPERACIONES SOBRE EL APARATO MUSCULOESQUELETICO
84.48,IMPLANTACION PROTESIS PIERNA,84 OTROS PROCEDIMEINTOS SOBRE APARATO MUSCULOESQUELETICO,14. (76 84) OPERACIONES SOBRE EL APARATO MUSCULOESQUELETICO,14. (76 84) OPERACIONES SOBRE EL APARATO MUSCULOESQUELETICO
84.5,IMPLANTACION DISPOSITIVO O SUSTANCIA SISTEMA MUSCULOESQUELETICO,84 OTROS PROCEDIMEINTOS SOBRE APARATO MUSCULOESQUELETICO,14. (76 84) OPERACIONES SOBRE EL APARATO MUSCULOESQUELETICO,14. (76 84) OPERACIONES SOBRE EL APARATO MUSCULOESQUELETICO
84.51,INSERCION DISPOSITIVO FUSION ESPINAL INTERSOMATICA,84 OTROS PROCEDIMEINTOS SOBRE APARATO MUSCULOESQUELETICO,14. (76 84) OPERACIONES SOBRE EL APARATO MUSCULOESQUELETICO,14. (76 84) OPERACIONES SOBRE EL APARATO MUSCULOESQUELETICO
84.52,INSERCION PROTEINA MORFOGENETICA RECOMBINANTE HUESO,84 OTROS PROCEDIMEINTOS SOBRE APARATO MUSCULOESQUELETICO,14. (76 84) OPERACIONES SOBRE EL APARATO MUSCULOESQUELETICO,14. (76 84) OPERACIONES SOBRE EL APARATO MUSCULOESQUELETICO
84.53,IMPLANTE DISPOSITIVO INTERNO ALARGAMIENTO MIEMBRO DISTRACCION CINETICA,84 OTROS PROCEDIMEINTOS SOBRE APARATO MUSCULOESQUELETICO,14. (76 84) OPERACIONES SOBRE EL APARATO MUSCULOESQUELETICO,14. (76 84) OPERACIONES SOBRE EL APARATO MUSCULOESQUELETICO
84.54,IMPLANTE DISPOSITIVO INTERNO ALARGAMIENTO MIEMBRO OTRO,84 OTROS PROCEDIMEINTOS SOBRE APARATO MUSCULOESQUELETICO,14. (76 84) OPERACIONES SOBRE EL APARATO MUSCULOESQUELETICO,14. (76 84) OPERACIONES SOBRE EL APARATO MUSCULOESQUELETICO
84.55,INSERCION RELLENO HUECO OSEO,84 OTROS PROCEDIMEINTOS SOBRE APARATO MUSCULOESQUELETICO,14. (76 84) OPERACIONES SOBRE EL APARATO MUSCULOESQUELETICO,14. (76 84) OPERACIONES SOBRE EL APARATO MUSCULOESQUELETICO
84.56,INSERCION ESPACIADOR (CEMENTO),84 OTROS PROCEDIMEINTOS SOBRE APARATO MUSCULOESQUELETICO,14. (76 84) OPERACIONES SOBRE EL APARATO MUSCULOESQUELETICO,14. (76 84) OPERACIONES SOBRE EL APARATO MUSCULOESQUELETICO
84.57,RETIRADA ESPACIADOR (CEMENTO),84 OTROS PROCEDIMEINTOS SOBRE APARATO MUSCULOESQUELETICO,14. (76 84) OPERACIONES SOBRE EL APARATO MUSCULOESQUELETICO,14. (76 84) OPERACIONES SOBRE EL APARATO MUSCULOESQUELETICO
84.59,INSERCION DISPOSITIVO VERTEBRAL OTRO,84 OTROS PROCEDIMEINTOS SOBRE APARATO MUSCULOESQUELETICO,14. (76 84) OPERACIONES SOBRE EL APARATO MUSCULOESQUELETICO,14. (76 84) OPERACIONES SOBRE EL APARATO MUSCULOESQUELETICO
84.6,SUSTITUCION DISCO INTERVERTEBRAL,84 OTROS PROCEDIMEINTOS SOBRE APARATO MUSCULOESQUELETICO,14. (76 84) OPERACIONES SOBRE EL APARATO MUSCULOESQUELETICO,14. (76 84) OPERACIONES SOBRE EL APARATO MUSCULOESQUELETICO
84.60,INSERCION PROTESIS DISCO INTERVERTEBRAL NEOM,84 OTROS PROCEDIMEINTOS SOBRE APARATO MUSCULOESQUELETICO,14. (76 84) OPERACIONES SOBRE EL APARATO MUSCULOESQUELETICO,14. (76 84) OPERACIONES SOBRE EL APARATO MUSCULOESQUELETICO
84.61,INSERCION PROTESIS DISCO INTERVERTEBRAL CERVICAL PARCIAL,84 OTROS PROCEDIMEINTOS SOBRE APARATO MUSCULOESQUELETICO,14. (76 84) OPERACIONES SOBRE EL APARATO MUSCULOESQUELETICO,14. (76 84) OPERACIONES SOBRE EL APARATO MUSCULOESQUELETICO
84.62,INSERCION PROTESIS DISCO INTERVERTEBRAL CERVICAL TOTAL,84 OTROS PROCEDIMEINTOS SOBRE APARATO MUSCULOESQUELETICO,14. (76 84) OPERACIONES SOBRE EL APARATO MUSCULOESQUELETICO,14. (76 84) OPERACIONES SOBRE EL APARATO MUSCULOESQUELETICO
84.63,INSERCION PROTESIS DISCO INTERVERTEBRAL TORACICO,84 OTROS PROCEDIMEINTOS SOBRE APARATO MUSCULOESQUELETICO,14. (76 84) OPERACIONES SOBRE EL APARATO MUSCULOESQUELETICO,14. (76 84) OPERACIONES SOBRE EL APARATO MUSCULOESQUELETICO
84.64,INSERCION PROTESIS DISCO INTERVERTEBRAL LUMBOSACRO PARCIAL,84 OTROS PROCEDIMEINTOS SOBRE APARATO MUSCULOESQUELETICO,14. (76 84) OPERACIONES SOBRE EL APARATO MUSCULOESQUELETICO,14. (76 84) OPERACIONES SOBRE EL APARATO MUSCULOESQUELETICO
84.65,INSERCION PROTESIS DISCO INTERVERTEBRAL LUMBOSACRO TOTAL,84 OTROS PROCEDIMEINTOS SOBRE APARATO MUSCULOESQUELETICO,14. (76 84) OPERACIONES SOBRE EL APARATO MUSCULOESQUELETICO,14. (76 84) OPERACIONES SOBRE EL APARATO MUSCULOESQUELETICO
84.66,REVISION O SUSTITUCION PROTESIS DISCO INTERVERTEBRAL CERVICAL,84 OTROS PROCEDIMEINTOS SOBRE APARATO MUSCULOESQUELETICO,14. (76 84) OPERACIONES SOBRE EL APARATO MUSCULOESQUELETICO,14. (76 84) OPERACIONES SOBRE EL APARATO MUSCULOESQUELETICO
84.67,REVISION O SUSTITUCION PROTESIS DISCO INTERVERTEBRAL TORACICO,84 OTROS PROCEDIMEINTOS SOBRE APARATO MUSCULOESQUELETICO,14. (76 84) OPERACIONES SOBRE EL APARATO MUSCULOESQUELETICO,14. (76 84) OPERACIONES SOBRE EL APARATO MUSCULOESQUELETICO
84.68,REVISION O SUSTITUCION PROTESIS DISCO INTERVERTEBRAL LUMBOSACRO,84 OTROS PROCEDIMEINTOS SOBRE APARATO MUSCULOESQUELETICO,14. (76 84) OPERACIONES SOBRE EL APARATO MUSCULOESQUELETICO,14. (76 84) OPERACIONES SOBRE EL APARATO MUSCULOESQUELETICO
84.69,REVISION O SUSTITUCION PROTESIS DISCO INTERVERTEBRAL NEOM,84 OTROS PROCEDIMEINTOS SOBRE APARATO MUSCULOESQUELETICO,14. (76 84) OPERACIONES SOBRE EL APARATO MUSCULOESQUELETICO,14. (76 84) OPERACIONES SOBRE EL APARATO MUSCULOESQUELETICO
84.7,APLICACION DISPOSITIVO FIJADOR EXTERNO,84 OTROS PROCEDIMEINTOS SOBRE APARATO MUSCULOESQUELETICO,14. (76 84) OPERACIONES SOBRE EL APARATO MUSCULOESQUELETICO,14. (76 84) OPERACIONES SOBRE EL APARATO MUSCULOESQUELETICO
84.71,APLICACION DISPOSITIVO FIJADOR EXTERNO.SISTEMA MONOPLANAR,84 OTROS PROCEDIMEINTOS SOBRE APARATO MUSCULOESQUELETICO,14. (76 84) OPERACIONES SOBRE EL APARATO MUSCULOESQUELETICO,14. (76 84) OPERACIONES SOBRE EL APARATO MUSCULOESQUELETICO
84.72,APLICACION DISPOSITIVO FIJADOR EXTERNO.SISTEMA ANILLO,84 OTROS PROCEDIMEINTOS SOBRE APARATO MUSCULOESQUELETICO,14. (76 84) OPERACIONES SOBRE EL APARATO MUSCULOESQUELETICO,14. (76 84) OPERACIONES SOBRE EL APARATO MUSCULOESQUELETICO
84.73,APLICACION DISPOSITIVO FIJADOR EXTERNO.SISTEMA HIBRIDO,84 OTROS PROCEDIMEINTOS SOBRE APARATO MUSCULOESQUELETICO,14. (76 84) OPERACIONES SOBRE EL APARATO MUSCULOESQUELETICO,14. (76 84) OPERACIONES SOBRE EL APARATO MUSCULOESQUELETICO
84.8,INSERCION Y REVISION DISPOSITIVO CONSERVACION MOVIMIENTO VERTEBRAL,84 OTROS PROCEDIMEINTOS SOBRE APARATO MUSCULOESQUELETICO,14. (76 84) OPERACIONES SOBRE EL APARATO MUSCULOESQUELETICO,14. (76 84) OPERACIONES SOBRE EL APARATO MUSCULOESQUELETICO
84.80,INSERCION O SUSTITUCION DISPOSITIVO INTERESPINOSO,84 OTROS PROCEDIMEINTOS SOBRE APARATO MUSCULOESQUELETICO,14. (76 84) OPERACIONES SOBRE EL APARATO MUSCULOESQUELETICO,14. (76 84) OPERACIONES SOBRE EL APARATO MUSCULOESQUELETICO
84.81,REVISION DISPOSITIVO INTERESPINOSO,84 OTROS PROCEDIMEINTOS SOBRE APARATO MUSCULOESQUELETICO,14. (76 84) OPERACIONES SOBRE EL APARATO MUSCULOESQUELETICO,14. (76 84) OPERACIONES SOBRE EL APARATO MUSCULOESQUELETICO
84.82,INSERCION O SUSTITUCION DISPOSITIVO ESTABILIZACION DINAMICA PEDICULAR,84 OTROS PROCEDIMEINTOS SOBRE APARATO MUSCULOESQUELETICO,14. (76 84) OPERACIONES SOBRE EL APARATO MUSCULOESQUELETICO,14. (76 84) OPERACIONES SOBRE EL APARATO MUSCULOESQUELETICO
84.83,REVISION DISPOSITIVO ESTABILIZACION DINAMICA PEDICULAR,84 OTROS PROCEDIMEINTOS SOBRE APARATO MUSCULOESQUELETICO,14. (76 84) OPERACIONES SOBRE EL APARATO MUSCULOESQUELETICO,14. (76 84) OPERACIONES SOBRE EL APARATO MUSCULOESQUELETICO
84.84,INSERCION O RECAMBIO DISPOSITIVO SUSTITUCION FACETA ARTICULAR,84 OTROS PROCEDIMEINTOS SOBRE APARATO MUSCULOESQUELETICO,14. (76 84) OPERACIONES SOBRE EL APARATO MUSCULOESQUELETICO,14. (76 84) OPERACIONES SOBRE EL APARATO MUSCULOESQUELETICO
84.85,REVISION DISPOSITIVO SUSTITUICION FACETA ARTICULAR,84 OTROS PROCEDIMEINTOS SOBRE APARATO MUSCULOESQUELETICO,14. (76 84) OPERACIONES SOBRE EL APARATO MUSCULOESQUELETICO,14. (76 84) OPERACIONES SOBRE EL APARATO MUSCULOESQUELETICO
84.9,OPERACION APARATO MUSCULOESQUELETICO OTRA,84 OTROS PROCEDIMEINTOS SOBRE APARATO MUSCULOESQUELETICO,14. (76 84) OPERACIONES SOBRE EL APARATO MUSCULOESQUELETICO,14. (76 84) OPERACIONES SOBRE EL APARATO MUSCULOESQUELETICO
84.91,AMPUTACION NEOM,84 OTROS PROCEDIMEINTOS SOBRE APARATO MUSCULOESQUELETICO,14. (76 84) OPERACIONES SOBRE EL APARATO MUSCULOESQUELETICO,14. (76 84) OPERACIONES SOBRE EL APARATO MUSCULOESQUELETICO
84.92,SEPARACION GEMELOS SIAMESES MONOZIGOTICOS,84 OTROS PROCEDIMEINTOS SOBRE APARATO MUSCULOESQUELETICO,14. (76 84) OPERACIONES SOBRE EL APARATO MUSCULOESQUELETICO,14. (76 84) OPERACIONES SOBRE EL APARATO MUSCULOESQUELETICO
84.93,SEPARACION GEMELOS SIAMESES DIZIGOTICOS,84 OTROS PROCEDIMEINTOS SOBRE APARATO MUSCULOESQUELETICO,14. (76 84) OPERACIONES SOBRE EL APARATO MUSCULOESQUELETICO,14. (76 84) OPERACIONES SOBRE EL APARATO MUSCULOESQUELETICO
84.94,INSERCION DISPOSITIVO FIJACION ESTERNAL CON PLACA RIGIDA,84 OTROS PROCEDIMEINTOS SOBRE APARATO MUSCULOESQUELETICO,14. (76 84) OPERACIONES SOBRE EL APARATO MUSCULOESQUELETICO,14. (76 84) OPERACIONES SOBRE EL APARATO MUSCULOESQUELETICO
84.99,OPERACION APARATO MUCULOESQUELETICO.OTRA,84 OTROS PROCEDIMEINTOS SOBRE APARATO MUSCULOESQUELETICO,14. (76 84) OPERACIONES SOBRE EL APARATO MUSCULOESQUELETICO,14. (76 84) OPERACIONES SOBRE EL APARATO MUSCULOESQUELETICO
85,OPERACION MAMA,85 OPERACIONES SOBRE LA MAMA,15. (85 86) OPERACIONES SOBRE EL APARATO TEGUMENTARIO,15. (85 86) OPERACIONES SOBRE EL APARATO TEGUMENTARIO
85.0,MASTOTOMIA,85 OPERACIONES SOBRE LA MAMA,15. (85 86) OPERACIONES SOBRE EL APARATO TEGUMENTARIO,15. (85 86) OPERACIONES SOBRE EL APARATO TEGUMENTARIO
85.1,PROCEDIMIENTO DIAGNOSTICO MAMA,85 OPERACIONES SOBRE LA MAMA,15. (85 86) OPERACIONES SOBRE EL APARATO TEGUMENTARIO,15. (85 86) OPERACIONES SOBRE EL APARATO TEGUMENTARIO
85.11,BIOPSIA MAMA PERCUTANEA,85 OPERACIONES SOBRE LA MAMA,15. (85 86) OPERACIONES SOBRE EL APARATO TEGUMENTARIO,15. (85 86) OPERACIONES SOBRE EL APARATO TEGUMENTARIO
85.12,BIOPSIA MAMA OTRA,85 OPERACIONES SOBRE LA MAMA,15. (85 86) OPERACIONES SOBRE EL APARATO TEGUMENTARIO,15. (85 86) OPERACIONES SOBRE EL APARATO TEGUMENTARIO
85.19,PROCEDIMIENTO DIAGNOSTICO MAMA.OTRO,85 OPERACIONES SOBRE LA MAMA,15. (85 86) OPERACIONES SOBRE EL APARATO TEGUMENTARIO,15. (85 86) OPERACIONES SOBRE EL APARATO TEGUMENTARIO
85.2,ESCISION MAMA LOCAL,85 OPERACIONES SOBRE LA MAMA,15. (85 86) OPERACIONES SOBRE EL APARATO TEGUMENTARIO,15. (85 86) OPERACIONES SOBRE EL APARATO TEGUMENTARIO
85.20,ESCISION MAMA NEOM,85 OPERACIONES SOBRE LA MAMA,15. (85 86) OPERACIONES SOBRE EL APARATO TEGUMENTARIO,15. (85 86) OPERACIONES SOBRE EL APARATO TEGUMENTARIO
85.21,ESCISION MAMA LOCAL,85 OPERACIONES SOBRE LA MAMA,15. (85 86) OPERACIONES SOBRE EL APARATO TEGUMENTARIO,15. (85 86) OPERACIONES SOBRE EL APARATO TEGUMENTARIO
85.22,RESECCION MAMA CUADRANTE,85 OPERACIONES SOBRE LA MAMA,15. (85 86) OPERACIONES SOBRE EL APARATO TEGUMENTARIO,15. (85 86) OPERACIONES SOBRE EL APARATO TEGUMENTARIO
85.23,MASTECTOMIA SUBTOTAL,85 OPERACIONES SOBRE LA MAMA,15. (85 86) OPERACIONES SOBRE EL APARATO TEGUMENTARIO,15. (85 86) OPERACIONES SOBRE EL APARATO TEGUMENTARIO
85.24,ESCISION TEJIDO MAMARIO ECTOPICO,85 OPERACIONES SOBRE LA MAMA,15. (85 86) OPERACIONES SOBRE EL APARATO TEGUMENTARIO,15. (85 86) OPERACIONES SOBRE EL APARATO TEGUMENTARIO
85.25,ESCISION PEZON,85 OPERACIONES SOBRE LA MAMA,15. (85 86) OPERACIONES SOBRE EL APARATO TEGUMENTARIO,15. (85 86) OPERACIONES SOBRE EL APARATO TEGUMENTARIO
85.3,MAMOPLASTIA REDUCCION Y MASTECTOMIA SUBCUTANEA,85 OPERACIONES SOBRE LA MAMA,15. (85 86) OPERACIONES SOBRE EL APARATO TEGUMENTARIO,15. (85 86) OPERACIONES SOBRE EL APARATO TEGUMENTARIO
85.31,MAMOPLASTIA REDUCCION UNILATERAL,85 OPERACIONES SOBRE LA MAMA,15. (85 86) OPERACIONES SOBRE EL APARATO TEGUMENTARIO,15. (85 86) OPERACIONES SOBRE EL APARATO TEGUMENTARIO
85.32,MAMOPLASTIA REDUCCION BILATERAL,85 OPERACIONES SOBRE LA MAMA,15. (85 86) OPERACIONES SOBRE EL APARATO TEGUMENTARIO,15. (85 86) OPERACIONES SOBRE EL APARATO TEGUMENTARIO
85.33,MASTECTOMIA SUBCUTANEA UNILATERAL CON IMPLANTACION,85 OPERACIONES SOBRE LA MAMA,15. (85 86) OPERACIONES SOBRE EL APARATO TEGUMENTARIO,15. (85 86) OPERACIONES SOBRE EL APARATO TEGUMENTARIO
85.34,MASTECTOMIA SUBCUTANEA UNILATERAL OTRA,85 OPERACIONES SOBRE LA MAMA,15. (85 86) OPERACIONES SOBRE EL APARATO TEGUMENTARIO,15. (85 86) OPERACIONES SOBRE EL APARATO TEGUMENTARIO
85.35,MASTECTOMIA SUBCUTANEA BILATERAL CON IMPLANTACION,85 OPERACIONES SOBRE LA MAMA,15. (85 86) OPERACIONES SOBRE EL APARATO TEGUMENTARIO,15. (85 86) OPERACIONES SOBRE EL APARATO TEGUMENTARIO
85.36,MASTECTOMIA SUBCUTANEA BILATERAL OTRA,85 OPERACIONES SOBRE LA MAMA,15. (85 86) OPERACIONES SOBRE EL APARATO TEGUMENTARIO,15. (85 86) OPERACIONES SOBRE EL APARATO TEGUMENTARIO
85.4,MASTECTOMIA,85 OPERACIONES SOBRE LA MAMA,15. (85 86) OPERACIONES SOBRE EL APARATO TEGUMENTARIO,15. (85 86) OPERACIONES SOBRE EL APARATO TEGUMENTARIO
85.41,MASTECTOMIA SIMPLE UNILATERAL,85 OPERACIONES SOBRE LA MAMA,15. (85 86) OPERACIONES SOBRE EL APARATO TEGUMENTARIO,15. (85 86) OPERACIONES SOBRE EL APARATO TEGUMENTARIO
85.42,MASTECTOMIA SIMPLE BILATERAL,85 OPERACIONES SOBRE LA MAMA,15. (85 86) OPERACIONES SOBRE EL APARATO TEGUMENTARIO,15. (85 86) OPERACIONES SOBRE EL APARATO TEGUMENTARIO
85.43,MASTECTOMIA SIMPLE AMPLIADA UNILATERAL,85 OPERACIONES SOBRE LA MAMA,15. (85 86) OPERACIONES SOBRE EL APARATO TEGUMENTARIO,15. (85 86) OPERACIONES SOBRE EL APARATO TEGUMENTARIO
85.44,MASTECTOMIA SIMPLE AMPLIADA BILATERAL,85 OPERACIONES SOBRE LA MAMA,15. (85 86) OPERACIONES SOBRE EL APARATO TEGUMENTARIO,15. (85 86) OPERACIONES SOBRE EL APARATO TEGUMENTARIO
85.45,MASTECTOMIA RADICAL UNILATERAL,85 OPERACIONES SOBRE LA MAMA,15. (85 86) OPERACIONES SOBRE EL APARATO TEGUMENTARIO,15. (85 86) OPERACIONES SOBRE EL APARATO TEGUMENTARIO
85.46,MASTECTOMIA RADICAL BILATERAL,85 OPERACIONES SOBRE LA MAMA,15. (85 86) OPERACIONES SOBRE EL APARATO TEGUMENTARIO,15. (85 86) OPERACIONES SOBRE EL APARATO TEGUMENTARIO
85.47,MASTECTOMIA RADICAL AMPLIADA UNILATERAL,85 OPERACIONES SOBRE LA MAMA,15. (85 86) OPERACIONES SOBRE EL APARATO TEGUMENTARIO,15. (85 86) OPERACIONES SOBRE EL APARATO TEGUMENTARIO
85.48,MASTECTOMIA RADICAL AMPLIADA BILATERAL,85 OPERACIONES SOBRE LA MAMA,15. (85 86) OPERACIONES SOBRE EL APARATO TEGUMENTARIO,15. (85 86) OPERACIONES SOBRE EL APARATO TEGUMENTARIO
85.5,MAMOPLASTIA AUMENTO,85 OPERACIONES SOBRE LA MAMA,15. (85 86) OPERACIONES SOBRE EL APARATO TEGUMENTARIO,15. (85 86) OPERACIONES SOBRE EL APARATO TEGUMENTARIO
85.50,MAMOPLASTIA AUMENTO.NEOM,85 OPERACIONES SOBRE LA MAMA,15. (85 86) OPERACIONES SOBRE EL APARATO TEGUMENTARIO,15. (85 86) OPERACIONES SOBRE EL APARATO TEGUMENTARIO
85.51,INYECCION MAMA UNILATERAL AUMENTO,85 OPERACIONES SOBRE LA MAMA,15. (85 86) OPERACIONES SOBRE EL APARATO TEGUMENTARIO,15. (85 86) OPERACIONES SOBRE EL APARATO TEGUMENTARIO
85.52,INYECCION MAMA BILATERAL AUMENTO,85 OPERACIONES SOBRE LA MAMA,15. (85 86) OPERACIONES SOBRE EL APARATO TEGUMENTARIO,15. (85 86) OPERACIONES SOBRE EL APARATO TEGUMENTARIO
85.53,IMPLANTACION PROTESIS MAMA UNILATERAL,85 OPERACIONES SOBRE LA MAMA,15. (85 86) OPERACIONES SOBRE EL APARATO TEGUMENTARIO,15. (85 86) OPERACIONES SOBRE EL APARATO TEGUMENTARIO
85.54,IMPLANTACION PROTESIS MAMA BILATERAL,85 OPERACIONES SOBRE LA MAMA,15. (85 86) OPERACIONES SOBRE EL APARATO TEGUMENTARIO,15. (85 86) OPERACIONES SOBRE EL APARATO TEGUMENTARIO
85.55,INJERTO GRASA EN MAMA,85 OPERACIONES SOBRE LA MAMA,15. (85 86) OPERACIONES SOBRE EL APARATO TEGUMENTARIO,15. (85 86) OPERACIONES SOBRE EL APARATO TEGUMENTARIO
85.6,MASTOPEXIA,85 OPERACIONES SOBRE LA MAMA,15. (85 86) OPERACIONES SOBRE EL APARATO TEGUMENTARIO,15. (85 86) OPERACIONES SOBRE EL APARATO TEGUMENTARIO
85.7,RECONSTRUCCION MAMA,85 OPERACIONES SOBRE LA MAMA,15. (85 86) OPERACIONES SOBRE EL APARATO TEGUMENTARIO,15. (85 86) OPERACIONES SOBRE EL APARATO TEGUMENTARIO
85.70,RECONSTRUCCION TOTAL MAMA.NEOM,85 OPERACIONES SOBRE LA MAMA,15. (85 86) OPERACIONES SOBRE EL APARATO TEGUMENTARIO,15. (85 86) OPERACIONES SOBRE EL APARATO TEGUMENTARIO
85.71,COLGAJO MIOCUTANEO DORSAL ANCHO,85 OPERACIONES SOBRE LA MAMA,15. (85 86) OPERACIONES SOBRE EL APARATO TEGUMENTARIO,15. (85 86) OPERACIONES SOBRE EL APARATO TEGUMENTARIO
85.72,COLGAJO MIOCUTANEO TRANSVERSO RECTO ABDOMEN PEDICULADO (TRAM),85 OPERACIONES SOBRE LA MAMA,15. (85 86) OPERACIONES SOBRE EL APARATO TEGUMENTARIO,15. (85 86) OPERACIONES SOBRE EL APARATO TEGUMENTARIO
85.73,COLGAJO MIOCUTANEO TRANSVERSO RECTO ABDOMEN LIBRE (TRAM),85 OPERACIONES SOBRE LA MAMA,15. (85 86) OPERACIONES SOBRE EL APARATO TEGUMENTARIO,15. (85 86) OPERACIONES SOBRE EL APARATO TEGUMENTARIO
85.74,COLGAJO LIBRE PERFORANTE ARTERIA EPIGASTRICA INFERIOR PROFUNDA (DIEP),85 OPERACIONES SOBRE LA MAMA,15. (85 86) OPERACIONES SOBRE EL APARATO TEGUMENTARIO,15. (85 86) OPERACIONES SOBRE EL APARATO TEGUMENTARIO
85.75,COLGAJO LIBRE PERFORANTE ARTERIA EPIGASTRICA INFERIOR SUPERFIC (SIEA),85 OPERACIONES SOBRE LA MAMA,15. (85 86) OPERACIONES SOBRE EL APARATO TEGUMENTARIO,15. (85 86) OPERACIONES SOBRE EL APARATO TEGUMENTARIO
85.76,COLGAJO LIBRE PERFORANTE ARTERIA GLUTEA (GAP),85 OPERACIONES SOBRE LA MAMA,15. (85 86) OPERACIONES SOBRE EL APARATO TEGUMENTARIO,15. (85 86) OPERACIONES SOBRE EL APARATO TEGUMENTARIO
85.79,RECONSTRUCCION TOTAL MAMA.OTRA,85 OPERACIONES SOBRE LA MAMA,15. (85 86) OPERACIONES SOBRE EL APARATO TEGUMENTARIO,15. (85 86) OPERACIONES SOBRE EL APARATO TEGUMENTARIO
85.8,OPERACION MAMA PLASTICA OTRA,85 OPERACIONES SOBRE LA MAMA,15. (85 86) OPERACIONES SOBRE EL APARATO TEGUMENTARIO,15. (85 86) OPERACIONES SOBRE EL APARATO TEGUMENTARIO
85.81,SUTURA MAMA,85 OPERACIONES SOBRE LA MAMA,15. (85 86) OPERACIONES SOBRE EL APARATO TEGUMENTARIO,15. (85 86) OPERACIONES SOBRE EL APARATO TEGUMENTARIO
85.82,INJERTO GROSOR PARCIAL PIEL MAMA,85 OPERACIONES SOBRE LA MAMA,15. (85 86) OPERACIONES SOBRE EL APARATO TEGUMENTARIO,15. (85 86) OPERACIONES SOBRE EL APARATO TEGUMENTARIO
85.83,INJERTO GROSOR TOTAL PIEL MAMA,85 OPERACIONES SOBRE LA MAMA,15. (85 86) OPERACIONES SOBRE EL APARATO TEGUMENTARIO,15. (85 86) OPERACIONES SOBRE EL APARATO TEGUMENTARIO
85.84,INJERTO PEDICULADO MAMA,85 OPERACIONES SOBRE LA MAMA,15. (85 86) OPERACIONES SOBRE EL APARATO TEGUMENTARIO,15. (85 86) OPERACIONES SOBRE EL APARATO TEGUMENTARIO
85.85,COLGAJO MUSCULAR MAMA,85 OPERACIONES SOBRE LA MAMA,15. (85 86) OPERACIONES SOBRE EL APARATO TEGUMENTARIO,15. (85 86) OPERACIONES SOBRE EL APARATO TEGUMENTARIO
85.86,TRANSPOSICION PEZON,85 OPERACIONES SOBRE LA MAMA,15. (85 86) OPERACIONES SOBRE EL APARATO TEGUMENTARIO,15. (85 86) OPERACIONES SOBRE EL APARATO TEGUMENTARIO
85.87,REPARACION PEZON OTRA,85 OPERACIONES SOBRE LA MAMA,15. (85 86) OPERACIONES SOBRE EL APARATO TEGUMENTARIO,15. (85 86) OPERACIONES SOBRE EL APARATO TEGUMENTARIO
85.89,MAMOPLASTIA OTRA,85 OPERACIONES SOBRE LA MAMA,15. (85 86) OPERACIONES SOBRE EL APARATO TEGUMENTARIO,15. (85 86) OPERACIONES SOBRE EL APARATO TEGUMENTARIO
85.9,OPERACION MAMA OTRA,85 OPERACIONES SOBRE LA MAMA,15. (85 86) OPERACIONES SOBRE EL APARATO TEGUMENTARIO,15. (85 86) OPERACIONES SOBRE EL APARATO TEGUMENTARIO
85.91,ASPIRACION MAMA,85 OPERACIONES SOBRE LA MAMA,15. (85 86) OPERACIONES SOBRE EL APARATO TEGUMENTARIO,15. (85 86) OPERACIONES SOBRE EL APARATO TEGUMENTARIO
85.92,INYECCION AGENTE TERAPEUTICO MAMA,85 OPERACIONES SOBRE LA MAMA,15. (85 86) OPERACIONES SOBRE EL APARATO TEGUMENTARIO,15. (85 86) OPERACIONES SOBRE EL APARATO TEGUMENTARIO
85.93,REVISION IMPLANTE MAMA,85 OPERACIONES SOBRE LA MAMA,15. (85 86) OPERACIONES SOBRE EL APARATO TEGUMENTARIO,15. (85 86) OPERACIONES SOBRE EL APARATO TEGUMENTARIO
85.94,EXTRACCION IMPLANTE MAMA,85 OPERACIONES SOBRE LA MAMA,15. (85 86) OPERACIONES SOBRE EL APARATO TEGUMENTARIO,15. (85 86) OPERACIONES SOBRE EL APARATO TEGUMENTARIO
85.95,INSERCION EXPANSOR TEJIDO MAMA,85 OPERACIONES SOBRE LA MAMA,15. (85 86) OPERACIONES SOBRE EL APARATO TEGUMENTARIO,15. (85 86) OPERACIONES SOBRE EL APARATO TEGUMENTARIO
85.96,EXTRACCION EXPANSOR TEJIDO MAMA,85 OPERACIONES SOBRE LA MAMA,15. (85 86) OPERACIONES SOBRE EL APARATO TEGUMENTARIO,15. (85 86) OPERACIONES SOBRE EL APARATO TEGUMENTARIO
85.99,OPERACION MAMA.OTRA,85 OPERACIONES SOBRE LA MAMA,15. (85 86) OPERACIONES SOBRE EL APARATO TEGUMENTARIO,15. (85 86) OPERACIONES SOBRE EL APARATO TEGUMENTARIO
86,OPERACION PIEL Y SUBCUTANEO,86 OPERACIONES SOBRE PIEL Y TEJIDO SUBCUTANEO,15. (85 86) OPERACIONES SOBRE EL APARATO TEGUMENTARIO,15. (85 86) OPERACIONES SOBRE EL APARATO TEGUMENTARIO
86.0,INCISION PIEL Y TEJIDO SUBCUTANEO,86 OPERACIONES SOBRE PIEL Y TEJIDO SUBCUTANEO,15. (85 86) OPERACIONES SOBRE EL APARATO TEGUMENTARIO,15. (85 86) OPERACIONES SOBRE EL APARATO TEGUMENTARIO
86.01,ASPIRACION PIEL Y TEJIDO SUBCUTANEO,86 OPERACIONES SOBRE PIEL Y TEJIDO SUBCUTANEO,15. (85 86) OPERACIONES SOBRE EL APARATO TEGUMENTARIO,15. (85 86) OPERACIONES SOBRE EL APARATO TEGUMENTARIO
86.02,INYECCION O TATUAJE EN LESION PIEL,86 OPERACIONES SOBRE PIEL Y TEJIDO SUBCUTANEO,15. (85 86) OPERACIONES SOBRE EL APARATO TEGUMENTARIO,15. (85 86) OPERACIONES SOBRE EL APARATO TEGUMENTARIO
86.03,INCISION QUISTE O SENO PILONIDAL,86 OPERACIONES SOBRE PIEL Y TEJIDO SUBCUTANEO,15. (85 86) OPERACIONES SOBRE EL APARATO TEGUMENTARIO,15. (85 86) OPERACIONES SOBRE EL APARATO TEGUMENTARIO
86.04,INCISION PIEL Y TEJIDO SUBCUTANEO CON DRENAJE OTRA,86 OPERACIONES SOBRE PIEL Y TEJIDO SUBCUTANEO,15. (85 86) OPERACIONES SOBRE EL APARATO TEGUMENTARIO,15. (85 86) OPERACIONES SOBRE EL APARATO TEGUMENTARIO
86.05,EXTRACCION CUERPO EXTRAÑO PIEL Y SUBCUTANEO POR INCISION,86 OPERACIONES SOBRE PIEL Y TEJIDO SUBCUTANEO,15. (85 86) OPERACIONES SOBRE EL APARATO TEGUMENTARIO,15. (85 86) OPERACIONES SOBRE EL APARATO TEGUMENTARIO
86.06,INSERCION BOMBA INFUSORA TOTALMENTE IMPLANTABLE,86 OPERACIONES SOBRE PIEL Y TEJIDO SUBCUTANEO,15. (85 86) OPERACIONES SOBRE EL APARATO TEGUMENTARIO,15. (85 86) OPERACIONES SOBRE EL APARATO TEGUMENTARIO
86.07,INSERCION DISPOSITIVO ACCESO VASCULAR TOTALMENTE IMPLANTABLE,86 OPERACIONES SOBRE PIEL Y TEJIDO SUBCUTANEO,15. (85 86) OPERACIONES SOBRE EL APARATO TEGUMENTARIO,15. (85 86) OPERACIONES SOBRE EL APARATO TEGUMENTARIO
86.09,INCISION PIEL Y TEJIDO SUBCUTANEO.OTRA,86 OPERACIONES SOBRE PIEL Y TEJIDO SUBCUTANEO,15. (85 86) OPERACIONES SOBRE EL APARATO TEGUMENTARIO,15. (85 86) OPERACIONES SOBRE EL APARATO TEGUMENTARIO
86.1,PROCEDIMIENTO DIAGNOSTICO PIEL Y TEJIDO SUBCUTANEO,86 OPERACIONES SOBRE PIEL Y TEJIDO SUBCUTANEO,15. (85 86) OPERACIONES SOBRE EL APARATO TEGUMENTARIO,15. (85 86) OPERACIONES SOBRE EL APARATO TEGUMENTARIO
86.11,BIOPSIA PIEL Y TEJIDO SUBCUTANEO,86 OPERACIONES SOBRE PIEL Y TEJIDO SUBCUTANEO,15. (85 86) OPERACIONES SOBRE EL APARATO TEGUMENTARIO,15. (85 86) OPERACIONES SOBRE EL APARATO TEGUMENTARIO
86.19,PROCEDIMIENTO DIAGNOSTICO PIEL Y TEJIDO SUBCUTANEO.OTRO,86 OPERACIONES SOBRE PIEL Y TEJIDO SUBCUTANEO,15. (85 86) OPERACIONES SOBRE EL APARATO TEGUMENTARIO,15. (85 86) OPERACIONES SOBRE EL APARATO TEGUMENTARIO
86.2,ESCISION PIEL Y TEJIDO SUBCUTANEO LOCAL,86 OPERACIONES SOBRE PIEL Y TEJIDO SUBCUTANEO,15. (85 86) OPERACIONES SOBRE EL APARATO TEGUMENTARIO,15. (85 86) OPERACIONES SOBRE EL APARATO TEGUMENTARIO
86.21,ESCISION QUISTE O SENO PILONIDAL,86 OPERACIONES SOBRE PIEL Y TEJIDO SUBCUTANEO,15. (85 86) OPERACIONES SOBRE EL APARATO TEGUMENTARIO,15. (85 86) OPERACIONES SOBRE EL APARATO TEGUMENTARIO
86.22,"DESBRIDAMIENTO HERIDA,INFECCION O QUEMADURA ESCISIONAL",86 OPERACIONES SOBRE PIEL Y TEJIDO SUBCUTANEO,15. (85 86) OPERACIONES SOBRE EL APARATO TEGUMENTARIO,15. (85 86) OPERACIONES SOBRE EL APARATO TEGUMENTARIO
86.23,"EXTRACCION UÑA,LECHO O PLIEGUE UÑA",86 OPERACIONES SOBRE PIEL Y TEJIDO SUBCUTANEO,15. (85 86) OPERACIONES SOBRE EL APARATO TEGUMENTARIO,15. (85 86) OPERACIONES SOBRE EL APARATO TEGUMENTARIO
86.24,QUIMIOCIRUGIA PIEL,86 OPERACIONES SOBRE PIEL Y TEJIDO SUBCUTANEO,15. (85 86) OPERACIONES SOBRE EL APARATO TEGUMENTARIO,15. (85 86) OPERACIONES SOBRE EL APARATO TEGUMENTARIO
86.25,DERMOABRASION,86 OPERACIONES SOBRE PIEL Y TEJIDO SUBCUTANEO,15. (85 86) OPERACIONES SOBRE EL APARATO TEGUMENTARIO,15. (85 86) OPERACIONES SOBRE EL APARATO TEGUMENTARIO
86.26,LIGADURA APENDICE PIEL,86 OPERACIONES SOBRE PIEL Y TEJIDO SUBCUTANEO,15. (85 86) OPERACIONES SOBRE EL APARATO TEGUMENTARIO,15. (85 86) OPERACIONES SOBRE EL APARATO TEGUMENTARIO
86.27,"DESBRIDAMIENTO UÑA,LECHO O PLIEGUE UÑA",86 OPERACIONES SOBRE PIEL Y TEJIDO SUBCUTANEO,15. (85 86) OPERACIONES SOBRE EL APARATO TEGUMENTARIO,15. (85 86) OPERACIONES SOBRE EL APARATO TEGUMENTARIO
86.28,"DESBRIDAMIENTO HERIDA,INFECCION O QUEMADURA NO ESCISIONAL",86 OPERACIONES SOBRE PIEL Y TEJIDO SUBCUTANEO,15. (85 86) OPERACIONES SOBRE EL APARATO TEGUMENTARIO,15. (85 86) OPERACIONES SOBRE EL APARATO TEGUMENTARIO
86.3,ESCISION PIEL Y TEJIDO SUBCUTANEO LOCAL OTRA,86 OPERACIONES SOBRE PIEL Y TEJIDO SUBCUTANEO,15. (85 86) OPERACIONES SOBRE EL APARATO TEGUMENTARIO,15. (85 86) OPERACIONES SOBRE EL APARATO TEGUMENTARIO
86.4,ESCISION PIEL RADICAL,86 OPERACIONES SOBRE PIEL Y TEJIDO SUBCUTANEO,15. (85 86) OPERACIONES SOBRE EL APARATO TEGUMENTARIO,15. (85 86) OPERACIONES SOBRE EL APARATO TEGUMENTARIO
86.5,SUTURA PIEL Y TEJIDO SUBCUTANEO,86 OPERACIONES SOBRE PIEL Y TEJIDO SUBCUTANEO,15. (85 86) OPERACIONES SOBRE EL APARATO TEGUMENTARIO,15. (85 86) OPERACIONES SOBRE EL APARATO TEGUMENTARIO
86.51,REIMPLANTACION CUERO CABELLUDO,86 OPERACIONES SOBRE PIEL Y TEJIDO SUBCUTANEO,15. (85 86) OPERACIONES SOBRE EL APARATO TEGUMENTARIO,15. (85 86) OPERACIONES SOBRE EL APARATO TEGUMENTARIO
86.59,SUTURA PIEL Y TEJIDO SUBCUTANEO.OTRA,86 OPERACIONES SOBRE PIEL Y TEJIDO SUBCUTANEO,15. (85 86) OPERACIONES SOBRE EL APARATO TEGUMENTARIO,15. (85 86) OPERACIONES SOBRE EL APARATO TEGUMENTARIO
86.6,INJERTO PIEL LIBRE,86 OPERACIONES SOBRE PIEL Y TEJIDO SUBCUTANEO,15. (85 86) OPERACIONES SOBRE EL APARATO TEGUMENTARIO,15. (85 86) OPERACIONES SOBRE EL APARATO TEGUMENTARIO
86.60,INJERTO PIEL LIBRE.NEOM,86 OPERACIONES SOBRE PIEL Y TEJIDO SUBCUTANEO,15. (85 86) OPERACIONES SOBRE EL APARATO TEGUMENTARIO,15. (85 86) OPERACIONES SOBRE EL APARATO TEGUMENTARIO
86.61,INJERTO PIEL GROSOR TOTAL MANO,86 OPERACIONES SOBRE PIEL Y TEJIDO SUBCUTANEO,15. (85 86) OPERACIONES SOBRE EL APARATO TEGUMENTARIO,15. (85 86) OPERACIONES SOBRE EL APARATO TEGUMENTARIO
86.62,INJERTO PIEL MANO OTRO,86 OPERACIONES SOBRE PIEL Y TEJIDO SUBCUTANEO,15. (85 86) OPERACIONES SOBRE EL APARATO TEGUMENTARIO,15. (85 86) OPERACIONES SOBRE EL APARATO TEGUMENTARIO
86.63,INJERTO PIEL GROSOR TOTAL OTRO,86 OPERACIONES SOBRE PIEL Y TEJIDO SUBCUTANEO,15. (85 86) OPERACIONES SOBRE EL APARATO TEGUMENTARIO,15. (85 86) OPERACIONES SOBRE EL APARATO TEGUMENTARIO
86.64,TRASPLANTE PELO,86 OPERACIONES SOBRE PIEL Y TEJIDO SUBCUTANEO,15. (85 86) OPERACIONES SOBRE EL APARATO TEGUMENTARIO,15. (85 86) OPERACIONES SOBRE EL APARATO TEGUMENTARIO
86.65,HETEROINJERTO PIEL,86 OPERACIONES SOBRE PIEL Y TEJIDO SUBCUTANEO,15. (85 86) OPERACIONES SOBRE EL APARATO TEGUMENTARIO,15. (85 86) OPERACIONES SOBRE EL APARATO TEGUMENTARIO
86.66,HOMOINJERTO PIEL,86 OPERACIONES SOBRE PIEL Y TEJIDO SUBCUTANEO,15. (85 86) OPERACIONES SOBRE EL APARATO TEGUMENTARIO,15. (85 86) OPERACIONES SOBRE EL APARATO TEGUMENTARIO
86.67,INJERTO PIEL REGENERATIVO,86 OPERACIONES SOBRE PIEL Y TEJIDO SUBCUTANEO,15. (85 86) OPERACIONES SOBRE EL APARATO TEGUMENTARIO,15. (85 86) OPERACIONES SOBRE EL APARATO TEGUMENTARIO
86.69,INJERTO PIEL LIBRE.OTRO,86 OPERACIONES SOBRE PIEL Y TEJIDO SUBCUTANEO,15. (85 86) OPERACIONES SOBRE EL APARATO TEGUMENTARIO,15. (85 86) OPERACIONES SOBRE EL APARATO TEGUMENTARIO
86.7,INJERTO PIEL PEDICULADO,86 OPERACIONES SOBRE PIEL Y TEJIDO SUBCUTANEO,15. (85 86) OPERACIONES SOBRE EL APARATO TEGUMENTARIO,15. (85 86) OPERACIONES SOBRE EL APARATO TEGUMENTARIO
86.70,INJERTO PIEL PEDICULADO.NEOM,86 OPERACIONES SOBRE PIEL Y TEJIDO SUBCUTANEO,15. (85 86) OPERACIONES SOBRE EL APARATO TEGUMENTARIO,15. (85 86) OPERACIONES SOBRE EL APARATO TEGUMENTARIO
86.71,PREPARACION INJERTO PIEL PEDICULADO,86 OPERACIONES SOBRE PIEL Y TEJIDO SUBCUTANEO,15. (85 86) OPERACIONES SOBRE EL APARATO TEGUMENTARIO,15. (85 86) OPERACIONES SOBRE EL APARATO TEGUMENTARIO
86.72,AVANCE INJERTO PIEL PEDICULADO,86 OPERACIONES SOBRE PIEL Y TEJIDO SUBCUTANEO,15. (85 86) OPERACIONES SOBRE EL APARATO TEGUMENTARIO,15. (85 86) OPERACIONES SOBRE EL APARATO TEGUMENTARIO
86.73,FIJACION INJERTO PIEL PEDICULADO MANO,86 OPERACIONES SOBRE PIEL Y TEJIDO SUBCUTANEO,15. (85 86) OPERACIONES SOBRE EL APARATO TEGUMENTARIO,15. (85 86) OPERACIONES SOBRE EL APARATO TEGUMENTARIO
86.74,FIJACION INJERTO PIEL PEDICULADO OTRO,86 OPERACIONES SOBRE PIEL Y TEJIDO SUBCUTANEO,15. (85 86) OPERACIONES SOBRE EL APARATO TEGUMENTARIO,15. (85 86) OPERACIONES SOBRE EL APARATO TEGUMENTARIO
86.75,REVISION INJERTO PIEL PEDICULADO,86 OPERACIONES SOBRE PIEL Y TEJIDO SUBCUTANEO,15. (85 86) OPERACIONES SOBRE EL APARATO TEGUMENTARIO,15. (85 86) OPERACIONES SOBRE EL APARATO TEGUMENTARIO
86.8,REPARACION PIEL Y TEJIDO SUBCUTANEO,86 OPERACIONES SOBRE PIEL Y TEJIDO SUBCUTANEO,15. (85 86) OPERACIONES SOBRE EL APARATO TEGUMENTARIO,15. (85 86) OPERACIONES SOBRE EL APARATO TEGUMENTARIO
86.81,REPARACION DEBILIDAD FACIAL,86 OPERACIONES SOBRE PIEL Y TEJIDO SUBCUTANEO,15. (85 86) OPERACIONES SOBRE EL APARATO TEGUMENTARIO,15. (85 86) OPERACIONES SOBRE EL APARATO TEGUMENTARIO
86.82,RITIDECTOMIA FACIAL,86 OPERACIONES SOBRE PIEL Y TEJIDO SUBCUTANEO,15. (85 86) OPERACIONES SOBRE EL APARATO TEGUMENTARIO,15. (85 86) OPERACIONES SOBRE EL APARATO TEGUMENTARIO
86.83,OPERACION PLASTICA REDUCCION TAMAÑO PIEL Y TEJIDO SUBCUTANEO,86 OPERACIONES SOBRE PIEL Y TEJIDO SUBCUTANEO,15. (85 86) OPERACIONES SOBRE EL APARATO TEGUMENTARIO,15. (85 86) OPERACIONES SOBRE EL APARATO TEGUMENTARIO
86.84,RELAJACION CICATRIZ O CONTRACTURA PIEL,86 OPERACIONES SOBRE PIEL Y TEJIDO SUBCUTANEO,15. (85 86) OPERACIONES SOBRE EL APARATO TEGUMENTARIO,15. (85 86) OPERACIONES SOBRE EL APARATO TEGUMENTARIO
86.85,CORRECCION SINDACTILIA,86 OPERACIONES SOBRE PIEL Y TEJIDO SUBCUTANEO,15. (85 86) OPERACIONES SOBRE EL APARATO TEGUMENTARIO,15. (85 86) OPERACIONES SOBRE EL APARATO TEGUMENTARIO
86.86,ONICOPLASTIA,86 OPERACIONES SOBRE PIEL Y TEJIDO SUBCUTANEO,15. (85 86) OPERACIONES SOBRE EL APARATO TEGUMENTARIO,15. (85 86) OPERACIONES SOBRE EL APARATO TEGUMENTARIO
86.87,INJERTO GRADA EN PIEL Y SUBCUTANEO,86 OPERACIONES SOBRE PIEL Y TEJIDO SUBCUTANEO,15. (85 86) OPERACIONES SOBRE EL APARATO TEGUMENTARIO,15. (85 86) OPERACIONES SOBRE EL APARATO TEGUMENTARIO
86.89,REPARACION PIEL Y TEJIDO SUBCUTANEO.OTRA,86 OPERACIONES SOBRE PIEL Y TEJIDO SUBCUTANEO,15. (85 86) OPERACIONES SOBRE EL APARATO TEGUMENTARIO,15. (85 86) OPERACIONES SOBRE EL APARATO TEGUMENTARIO
86.9,OPERACION PIEL Y TEJIDO SUBCUTANEO OTRA,86 OPERACIONES SOBRE PIEL Y TEJIDO SUBCUTANEO,15. (85 86) OPERACIONES SOBRE EL APARATO TEGUMENTARIO,15. (85 86) OPERACIONES SOBRE EL APARATO TEGUMENTARIO
86.90,EXTRACCION GRASA PARA INJERTO O DEPOSITO,86 OPERACIONES SOBRE PIEL Y TEJIDO SUBCUTANEO,15. (85 86) OPERACIONES SOBRE EL APARATO TEGUMENTARIO,15. (85 86) OPERACIONES SOBRE EL APARATO TEGUMENTARIO
86.91,ESCISION PIEL PARA INJERTO,86 OPERACIONES SOBRE PIEL Y TEJIDO SUBCUTANEO,15. (85 86) OPERACIONES SOBRE EL APARATO TEGUMENTARIO,15. (85 86) OPERACIONES SOBRE EL APARATO TEGUMENTARIO
86.92,DEPILACION PIEL,86 OPERACIONES SOBRE PIEL Y TEJIDO SUBCUTANEO,15. (85 86) OPERACIONES SOBRE EL APARATO TEGUMENTARIO,15. (85 86) OPERACIONES SOBRE EL APARATO TEGUMENTARIO
86.93,INSERCION EXPANSOR TEJIDO,86 OPERACIONES SOBRE PIEL Y TEJIDO SUBCUTANEO,15. (85 86) OPERACIONES SOBRE EL APARATO TEGUMENTARIO,15. (85 86) OPERACIONES SOBRE EL APARATO TEGUMENTARIO
86.94,INSERCION O SUSTITUCION GENERADOR PULSOS NEUROESTIMULADOR SIMPLE,86 OPERACIONES SOBRE PIEL Y TEJIDO SUBCUTANEO,15. (85 86) OPERACIONES SOBRE EL APARATO TEGUMENTARIO,15. (85 86) OPERACIONES SOBRE EL APARATO TEGUMENTARIO
86.95,INSERCION O SUSTITUCION GENERADOR PULSOS NEUROESTIMULADOR DUAL,86 OPERACIONES SOBRE PIEL Y TEJIDO SUBCUTANEO,15. (85 86) OPERACIONES SOBRE EL APARATO TEGUMENTARIO,15. (85 86) OPERACIONES SOBRE EL APARATO TEGUMENTARIO
86.96,INSERCION O SUSTITUCION GENERADOR PULSOS NEUROESTIMULADOR OTRO,86 OPERACIONES SOBRE PIEL Y TEJIDO SUBCUTANEO,15. (85 86) OPERACIONES SOBRE EL APARATO TEGUMENTARIO,15. (85 86) OPERACIONES SOBRE EL APARATO TEGUMENTARIO
86.97,INSERCION GENERADOR PULSO NEUROESTIMULACION RECARGABLE SENCILLO,86 OPERACIONES SOBRE PIEL Y TEJIDO SUBCUTANEO,15. (85 86) OPERACIONES SOBRE EL APARATO TEGUMENTARIO,15. (85 86) OPERACIONES SOBRE EL APARATO TEGUMENTARIO
86.98,INSERCION GENERADOR PULSO NEUROESTIMULACION RECARGABLE DOBLE,86 OPERACIONES SOBRE PIEL Y TEJIDO SUBCUTANEO,15. (85 86) OPERACIONES SOBRE EL APARATO TEGUMENTARIO,15. (85 86) OPERACIONES SOBRE EL APARATO TEGUMENTARIO
86.99,OPERACION PIEL Y TEJIDO SUBCUTANEO.OTRA,86 OPERACIONES SOBRE PIEL Y TEJIDO SUBCUTANEO,15. (85 86) OPERACIONES SOBRE EL APARATO TEGUMENTARIO,15. (85 86) OPERACIONES SOBRE EL APARATO TEGUMENTARIO
87,RADIOGRAFIA DIAGNOSTICA,87 RADIOLOGIA DIAGNOSTICA,16. (87 99) PROCEDIMIENTOS DIAGNOSTICOS Y TERAPEUTICOS MISCELANEOS,16. (87 99) PROCEDIMIENTOS DIAGNOSTICOS Y TERAPEUTICOS MISCELANEOS
87.0,"RADIOGRAFIA TEJIDO BLANDO CARA,CABEZA Y CUELLO",87 RADIOLOGIA DIAGNOSTICA,16. (87 99) PROCEDIMIENTOS DIAGNOSTICOS Y TERAPEUTICOS MISCELANEOS,16. (87 99) PROCEDIMIENTOS DIAGNOSTICOS Y TERAPEUTICOS MISCELANEOS
87.01,NEUMOENCEFALOGRAFIA,87 RADIOLOGIA DIAGNOSTICA,16. (87 99) PROCEDIMIENTOS DIAGNOSTICOS Y TERAPEUTICOS MISCELANEOS,16. (87 99) PROCEDIMIENTOS DIAGNOSTICOS Y TERAPEUTICOS MISCELANEOS
87.02,RADIOGRAFIA CEREBRO Y CRANEO CON CONTRASTE,87 RADIOLOGIA DIAGNOSTICA,16. (87 99) PROCEDIMIENTOS DIAGNOSTICOS Y TERAPEUTICOS MISCELANEOS,16. (87 99) PROCEDIMIENTOS DIAGNOSTICOS Y TERAPEUTICOS MISCELANEOS
87.03,TOMOGRAFIA AXIAL COMPUTERIZADA CABEZA,87 RADIOLOGIA DIAGNOSTICA,16. (87 99) PROCEDIMIENTOS DIAGNOSTICOS Y TERAPEUTICOS MISCELANEOS,16. (87 99) PROCEDIMIENTOS DIAGNOSTICOS Y TERAPEUTICOS MISCELANEOS
87.04,TOMOGRAFIA CABEZA OTRA,87 RADIOLOGIA DIAGNOSTICA,16. (87 99) PROCEDIMIENTOS DIAGNOSTICOS Y TERAPEUTICOS MISCELANEOS,16. (87 99) PROCEDIMIENTOS DIAGNOSTICOS Y TERAPEUTICOS MISCELANEOS
87.05,DACRIOCISTOGRAFIA CON CONTRASTE,87 RADIOLOGIA DIAGNOSTICA,16. (87 99) PROCEDIMIENTOS DIAGNOSTICOS Y TERAPEUTICOS MISCELANEOS,16. (87 99) PROCEDIMIENTOS DIAGNOSTICOS Y TERAPEUTICOS MISCELANEOS
87.06,RADIOGRAFIA NASOFARINGE CON CONTRASTE,87 RADIOLOGIA DIAGNOSTICA,16. (87 99) PROCEDIMIENTOS DIAGNOSTICOS Y TERAPEUTICOS MISCELANEOS,16. (87 99) PROCEDIMIENTOS DIAGNOSTICOS Y TERAPEUTICOS MISCELANEOS
87.07,LARINGOGRAFIA CON CONTRASTE,87 RADIOLOGIA DIAGNOSTICA,16. (87 99) PROCEDIMIENTOS DIAGNOSTICOS Y TERAPEUTICOS MISCELANEOS,16. (87 99) PROCEDIMIENTOS DIAGNOSTICOS Y TERAPEUTICOS MISCELANEOS
87.08,LINFANGIOGRAFIA CERVICAL,87 RADIOLOGIA DIAGNOSTICA,16. (87 99) PROCEDIMIENTOS DIAGNOSTICOS Y TERAPEUTICOS MISCELANEOS,16. (87 99) PROCEDIMIENTOS DIAGNOSTICOS Y TERAPEUTICOS MISCELANEOS
87.09,"RADIOGRAFIA TEJIDO BLANDO CARA,CABEZA Y CUELLO.OTRA",87 RADIOLOGIA DIAGNOSTICA,16. (87 99) PROCEDIMIENTOS DIAGNOSTICOS Y TERAPEUTICOS MISCELANEOS,16. (87 99) PROCEDIMIENTOS DIAGNOSTICOS Y TERAPEUTICOS MISCELANEOS
87.1,"RADIOGRAFIA CARA,CABEZA Y CUELLO OTRA",87 RADIOLOGIA DIAGNOSTICA,16. (87 99) PROCEDIMIENTOS DIAGNOSTICOS Y TERAPEUTICOS MISCELANEOS,16. (87 99) PROCEDIMIENTOS DIAGNOSTICOS Y TERAPEUTICOS MISCELANEOS
87.11,RADIOGRAFIA DENTAL BOCA COMPLETA,87 RADIOLOGIA DIAGNOSTICA,16. (87 99) PROCEDIMIENTOS DIAGNOSTICOS Y TERAPEUTICOS MISCELANEOS,16. (87 99) PROCEDIMIENTOS DIAGNOSTICOS Y TERAPEUTICOS MISCELANEOS
87.12,RADIOGRAFIA DENTAL OTRA,87 RADIOLOGIA DIAGNOSTICA,16. (87 99) PROCEDIMIENTOS DIAGNOSTICOS Y TERAPEUTICOS MISCELANEOS,16. (87 99) PROCEDIMIENTOS DIAGNOSTICOS Y TERAPEUTICOS MISCELANEOS
87.13,ARTROGRAFIA TEMPOROMANDIBULAR CON CONTRASTE,87 RADIOLOGIA DIAGNOSTICA,16. (87 99) PROCEDIMIENTOS DIAGNOSTICOS Y TERAPEUTICOS MISCELANEOS,16. (87 99) PROCEDIMIENTOS DIAGNOSTICOS Y TERAPEUTICOS MISCELANEOS
87.14,RADIOGRAFIA ORBITA CON CONTRASTE,87 RADIOLOGIA DIAGNOSTICA,16. (87 99) PROCEDIMIENTOS DIAGNOSTICOS Y TERAPEUTICOS MISCELANEOS,16. (87 99) PROCEDIMIENTOS DIAGNOSTICOS Y TERAPEUTICOS MISCELANEOS
87.15,RADIOGRAFIA SENO CON CONTRASTE,87 RADIOLOGIA DIAGNOSTICA,16. (87 99) PROCEDIMIENTOS DIAGNOSTICOS Y TERAPEUTICOS MISCELANEOS,16. (87 99) PROCEDIMIENTOS DIAGNOSTICOS Y TERAPEUTICOS MISCELANEOS
87.16,RADIOGRAFIA HUESO CARA OTRA,87 RADIOLOGIA DIAGNOSTICA,16. (87 99) PROCEDIMIENTOS DIAGNOSTICOS Y TERAPEUTICOS MISCELANEOS,16. (87 99) PROCEDIMIENTOS DIAGNOSTICOS Y TERAPEUTICOS MISCELANEOS
87.17,RADIOGRAFIA CRANEO OTRA,87 RADIOLOGIA DIAGNOSTICA,16. (87 99) PROCEDIMIENTOS DIAGNOSTICOS Y TERAPEUTICOS MISCELANEOS,16. (87 99) PROCEDIMIENTOS DIAGNOSTICOS Y TERAPEUTICOS MISCELANEOS
87.2,RADIOGRAFIA COLUMNA VERTEBRAL,87 RADIOLOGIA DIAGNOSTICA,16. (87 99) PROCEDIMIENTOS DIAGNOSTICOS Y TERAPEUTICOS MISCELANEOS,16. (87 99) PROCEDIMIENTOS DIAGNOSTICOS Y TERAPEUTICOS MISCELANEOS
87.21,MIELOGRAFIA CON CONTRASTE,87 RADIOLOGIA DIAGNOSTICA,16. (87 99) PROCEDIMIENTOS DIAGNOSTICOS Y TERAPEUTICOS MISCELANEOS,16. (87 99) PROCEDIMIENTOS DIAGNOSTICOS Y TERAPEUTICOS MISCELANEOS
87.22,RADIOGRAFIA COLUMNA CERVICAL OTRA,87 RADIOLOGIA DIAGNOSTICA,16. (87 99) PROCEDIMIENTOS DIAGNOSTICOS Y TERAPEUTICOS MISCELANEOS,16. (87 99) PROCEDIMIENTOS DIAGNOSTICOS Y TERAPEUTICOS MISCELANEOS
87.23,RADIOGRAFIA COLUMNA TORACICA OTRA,87 RADIOLOGIA DIAGNOSTICA,16. (87 99) PROCEDIMIENTOS DIAGNOSTICOS Y TERAPEUTICOS MISCELANEOS,16. (87 99) PROCEDIMIENTOS DIAGNOSTICOS Y TERAPEUTICOS MISCELANEOS
87.24,RADIOGRAFIA COLUMNA LUMBOSACRA OTRA,87 RADIOLOGIA DIAGNOSTICA,16. (87 99) PROCEDIMIENTOS DIAGNOSTICOS Y TERAPEUTICOS MISCELANEOS,16. (87 99) PROCEDIMIENTOS DIAGNOSTICOS Y TERAPEUTICOS MISCELANEOS
87.29,RADIOGRAFIA COLUMNA VERTEBRAL.OTRA,87 RADIOLOGIA DIAGNOSTICA,16. (87 99) PROCEDIMIENTOS DIAGNOSTICOS Y TERAPEUTICOS MISCELANEOS,16. (87 99) PROCEDIMIENTOS DIAGNOSTICOS Y TERAPEUTICOS MISCELANEOS
87.3,RADIOGRAFIA TEJIDO BLANDO PARED TORAX,87 RADIOLOGIA DIAGNOSTICA,16. (87 99) PROCEDIMIENTOS DIAGNOSTICOS Y TERAPEUTICOS MISCELANEOS,16. (87 99) PROCEDIMIENTOS DIAGNOSTICOS Y TERAPEUTICOS MISCELANEOS
87.31,BRONCOGRAFIA ENDOTRAQUEAL,87 RADIOLOGIA DIAGNOSTICA,16. (87 99) PROCEDIMIENTOS DIAGNOSTICOS Y TERAPEUTICOS MISCELANEOS,16. (87 99) PROCEDIMIENTOS DIAGNOSTICOS Y TERAPEUTICOS MISCELANEOS
87.32,BRONCOGRAFIA CON CONTRASTE OTRA,87 RADIOLOGIA DIAGNOSTICA,16. (87 99) PROCEDIMIENTOS DIAGNOSTICOS Y TERAPEUTICOS MISCELANEOS,16. (87 99) PROCEDIMIENTOS DIAGNOSTICOS Y TERAPEUTICOS MISCELANEOS
87.33,NEUMOGRAFIA MEDIASTINO,87 RADIOLOGIA DIAGNOSTICA,16. (87 99) PROCEDIMIENTOS DIAGNOSTICOS Y TERAPEUTICOS MISCELANEOS,16. (87 99) PROCEDIMIENTOS DIAGNOSTICOS Y TERAPEUTICOS MISCELANEOS
87.34,LINFANGIOGRAFIA INTRATORACICA,87 RADIOLOGIA DIAGNOSTICA,16. (87 99) PROCEDIMIENTOS DIAGNOSTICOS Y TERAPEUTICOS MISCELANEOS,16. (87 99) PROCEDIMIENTOS DIAGNOSTICOS Y TERAPEUTICOS MISCELANEOS
87.35,RADIOGRAFIA CONDUCTO MAMA CON CONTRASTE,87 RADIOLOGIA DIAGNOSTICA,16. (87 99) PROCEDIMIENTOS DIAGNOSTICOS Y TERAPEUTICOS MISCELANEOS,16. (87 99) PROCEDIMIENTOS DIAGNOSTICOS Y TERAPEUTICOS MISCELANEOS
87.36,XEROGRAFIA MAMA,87 RADIOLOGIA DIAGNOSTICA,16. (87 99) PROCEDIMIENTOS DIAGNOSTICOS Y TERAPEUTICOS MISCELANEOS,16. (87 99) PROCEDIMIENTOS DIAGNOSTICOS Y TERAPEUTICOS MISCELANEOS
87.37,MAMOGRAFIA OTRA,87 RADIOLOGIA DIAGNOSTICA,16. (87 99) PROCEDIMIENTOS DIAGNOSTICOS Y TERAPEUTICOS MISCELANEOS,16. (87 99) PROCEDIMIENTOS DIAGNOSTICOS Y TERAPEUTICOS MISCELANEOS
87.38,SINOGRAFIA PARED TORAX,87 RADIOLOGIA DIAGNOSTICA,16. (87 99) PROCEDIMIENTOS DIAGNOSTICOS Y TERAPEUTICOS MISCELANEOS,16. (87 99) PROCEDIMIENTOS DIAGNOSTICOS Y TERAPEUTICOS MISCELANEOS
87.39,RADIOGRAFIA TEJIDO BLANDO PARED TORAX.OTRA,87 RADIOLOGIA DIAGNOSTICA,16. (87 99) PROCEDIMIENTOS DIAGNOSTICOS Y TERAPEUTICOS MISCELANEOS,16. (87 99) PROCEDIMIENTOS DIAGNOSTICOS Y TERAPEUTICOS MISCELANEOS
87.4,RADIOGRAFIA TORAX OTRA,87 RADIOLOGIA DIAGNOSTICA,16. (87 99) PROCEDIMIENTOS DIAGNOSTICOS Y TERAPEUTICOS MISCELANEOS,16. (87 99) PROCEDIMIENTOS DIAGNOSTICOS Y TERAPEUTICOS MISCELANEOS
87.41,TOMOGRAFIA AXIAL COMPUTERIZADA TORAX,87 RADIOLOGIA DIAGNOSTICA,16. (87 99) PROCEDIMIENTOS DIAGNOSTICOS Y TERAPEUTICOS MISCELANEOS,16. (87 99) PROCEDIMIENTOS DIAGNOSTICOS Y TERAPEUTICOS MISCELANEOS
87.42,TOMOGRAFIA TORAX OTRA,87 RADIOLOGIA DIAGNOSTICA,16. (87 99) PROCEDIMIENTOS DIAGNOSTICOS Y TERAPEUTICOS MISCELANEOS,16. (87 99) PROCEDIMIENTOS DIAGNOSTICOS Y TERAPEUTICOS MISCELANEOS
87.43,"RADIOGRAFIA COSTILLA,ESTERNON Y CLAVICULA",87 RADIOLOGIA DIAGNOSTICA,16. (87 99) PROCEDIMIENTOS DIAGNOSTICOS Y TERAPEUTICOS MISCELANEOS,16. (87 99) PROCEDIMIENTOS DIAGNOSTICOS Y TERAPEUTICOS MISCELANEOS
87.44,RADIOGRAFIA TORAX RUTINARIA,87 RADIOLOGIA DIAGNOSTICA,16. (87 99) PROCEDIMIENTOS DIAGNOSTICOS Y TERAPEUTICOS MISCELANEOS,16. (87 99) PROCEDIMIENTOS DIAGNOSTICOS Y TERAPEUTICOS MISCELANEOS
87.49,RADIOGRAFIA TORAX.OTRA,87 RADIOLOGIA DIAGNOSTICA,16. (87 99) PROCEDIMIENTOS DIAGNOSTICOS Y TERAPEUTICOS MISCELANEOS,16. (87 99) PROCEDIMIENTOS DIAGNOSTICOS Y TERAPEUTICOS MISCELANEOS
87.5,RADIOGRAFIA VIA BILAR,87 RADIOLOGIA DIAGNOSTICA,16. (87 99) PROCEDIMIENTOS DIAGNOSTICOS Y TERAPEUTICOS MISCELANEOS,16. (87 99) PROCEDIMIENTOS DIAGNOSTICOS Y TERAPEUTICOS MISCELANEOS
87.51,COLANGIOGRAFIA HEPATICA PERCUTANEA,87 RADIOLOGIA DIAGNOSTICA,16. (87 99) PROCEDIMIENTOS DIAGNOSTICOS Y TERAPEUTICOS MISCELANEOS,16. (87 99) PROCEDIMIENTOS DIAGNOSTICOS Y TERAPEUTICOS MISCELANEOS
87.52,COLANGIOGRAFIA INTRAVENOSA,87 RADIOLOGIA DIAGNOSTICA,16. (87 99) PROCEDIMIENTOS DIAGNOSTICOS Y TERAPEUTICOS MISCELANEOS,16. (87 99) PROCEDIMIENTOS DIAGNOSTICOS Y TERAPEUTICOS MISCELANEOS
87.53,COLANGIOGRAFIA INTRAOPERATORIA,87 RADIOLOGIA DIAGNOSTICA,16. (87 99) PROCEDIMIENTOS DIAGNOSTICOS Y TERAPEUTICOS MISCELANEOS,16. (87 99) PROCEDIMIENTOS DIAGNOSTICOS Y TERAPEUTICOS MISCELANEOS
87.54,COLANGIOGRAFIA OTRA,87 RADIOLOGIA DIAGNOSTICA,16. (87 99) PROCEDIMIENTOS DIAGNOSTICOS Y TERAPEUTICOS MISCELANEOS,16. (87 99) PROCEDIMIENTOS DIAGNOSTICOS Y TERAPEUTICOS MISCELANEOS
87.59,RADIOGRAFIA VIA BILIAR.OTRA,87 RADIOLOGIA DIAGNOSTICA,16. (87 99) PROCEDIMIENTOS DIAGNOSTICOS Y TERAPEUTICOS MISCELANEOS,16. (87 99) PROCEDIMIENTOS DIAGNOSTICOS Y TERAPEUTICOS MISCELANEOS
87.6,RADIOGRAFIA APARATO DIGESTIVO OTRA,87 RADIOLOGIA DIAGNOSTICA,16. (87 99) PROCEDIMIENTOS DIAGNOSTICOS Y TERAPEUTICOS MISCELANEOS,16. (87 99) PROCEDIMIENTOS DIAGNOSTICOS Y TERAPEUTICOS MISCELANEOS
87.61,ESTUDIO DEGLUCION CON CONTRASTE,87 RADIOLOGIA DIAGNOSTICA,16. (87 99) PROCEDIMIENTOS DIAGNOSTICOS Y TERAPEUTICOS MISCELANEOS,16. (87 99) PROCEDIMIENTOS DIAGNOSTICOS Y TERAPEUTICOS MISCELANEOS
87.62,TRANSITO ESOFAGOGASTROINTESTINAL,87 RADIOLOGIA DIAGNOSTICA,16. (87 99) PROCEDIMIENTOS DIAGNOSTICOS Y TERAPEUTICOS MISCELANEOS,16. (87 99) PROCEDIMIENTOS DIAGNOSTICOS Y TERAPEUTICOS MISCELANEOS
87.63,RADIOGRAFIA INTESTINO DELGADO SERIADA,87 RADIOLOGIA DIAGNOSTICA,16. (87 99) PROCEDIMIENTOS DIAGNOSTICOS Y TERAPEUTICOS MISCELANEOS,16. (87 99) PROCEDIMIENTOS DIAGNOSTICOS Y TERAPEUTICOS MISCELANEOS
87.64,ENEMA OPACO,87 RADIOLOGIA DIAGNOSTICA,16. (87 99) PROCEDIMIENTOS DIAGNOSTICOS Y TERAPEUTICOS MISCELANEOS,16. (87 99) PROCEDIMIENTOS DIAGNOSTICOS Y TERAPEUTICOS MISCELANEOS
87.65,RADIOGRAFIA INTESTINO OTRA,87 RADIOLOGIA DIAGNOSTICA,16. (87 99) PROCEDIMIENTOS DIAGNOSTICOS Y TERAPEUTICOS MISCELANEOS,16. (87 99) PROCEDIMIENTOS DIAGNOSTICOS Y TERAPEUTICOS MISCELANEOS
87.66,PANCREATOGRAFIA CON CONTRASTE,87 RADIOLOGIA DIAGNOSTICA,16. (87 99) PROCEDIMIENTOS DIAGNOSTICOS Y TERAPEUTICOS MISCELANEOS,16. (87 99) PROCEDIMIENTOS DIAGNOSTICOS Y TERAPEUTICOS MISCELANEOS
87.69,RADIOGRAFIA APARATO DIGESTIVO.OTRA,87 RADIOLOGIA DIAGNOSTICA,16. (87 99) PROCEDIMIENTOS DIAGNOSTICOS Y TERAPEUTICOS MISCELANEOS,16. (87 99) PROCEDIMIENTOS DIAGNOSTICOS Y TERAPEUTICOS MISCELANEOS
87.7,RADIOGRAFIA APARATO URINARIO,87 RADIOLOGIA DIAGNOSTICA,16. (87 99) PROCEDIMIENTOS DIAGNOSTICOS Y TERAPEUTICOS MISCELANEOS,16. (87 99) PROCEDIMIENTOS DIAGNOSTICOS Y TERAPEUTICOS MISCELANEOS
87.71,TOMOGRAFIA AXIAL COMPUTERIZADA RIÑON,87 RADIOLOGIA DIAGNOSTICA,16. (87 99) PROCEDIMIENTOS DIAGNOSTICOS Y TERAPEUTICOS MISCELANEOS,16. (87 99) PROCEDIMIENTOS DIAGNOSTICOS Y TERAPEUTICOS MISCELANEOS
87.72,NEFROTOMOGRAFIA OTRA,87 RADIOLOGIA DIAGNOSTICA,16. (87 99) PROCEDIMIENTOS DIAGNOSTICOS Y TERAPEUTICOS MISCELANEOS,16. (87 99) PROCEDIMIENTOS DIAGNOSTICOS Y TERAPEUTICOS MISCELANEOS
87.73,PIELOGRAFIA INTRAVENOSA,87 RADIOLOGIA DIAGNOSTICA,16. (87 99) PROCEDIMIENTOS DIAGNOSTICOS Y TERAPEUTICOS MISCELANEOS,16. (87 99) PROCEDIMIENTOS DIAGNOSTICOS Y TERAPEUTICOS MISCELANEOS
87.74,PIELOGRAFIA RETROGRADA,87 RADIOLOGIA DIAGNOSTICA,16. (87 99) PROCEDIMIENTOS DIAGNOSTICOS Y TERAPEUTICOS MISCELANEOS,16. (87 99) PROCEDIMIENTOS DIAGNOSTICOS Y TERAPEUTICOS MISCELANEOS
87.75,PIELOGRAFIA PERCUTANEA,87 RADIOLOGIA DIAGNOSTICA,16. (87 99) PROCEDIMIENTOS DIAGNOSTICOS Y TERAPEUTICOS MISCELANEOS,16. (87 99) PROCEDIMIENTOS DIAGNOSTICOS Y TERAPEUTICOS MISCELANEOS
87.76,CISTOURETROGRAFIA RETROGRADA,87 RADIOLOGIA DIAGNOSTICA,16. (87 99) PROCEDIMIENTOS DIAGNOSTICOS Y TERAPEUTICOS MISCELANEOS,16. (87 99) PROCEDIMIENTOS DIAGNOSTICOS Y TERAPEUTICOS MISCELANEOS
87.77,CISTOGRAFIA OTRA,87 RADIOLOGIA DIAGNOSTICA,16. (87 99) PROCEDIMIENTOS DIAGNOSTICOS Y TERAPEUTICOS MISCELANEOS,16. (87 99) PROCEDIMIENTOS DIAGNOSTICOS Y TERAPEUTICOS MISCELANEOS
87.78,CONDUCTOGRAFIA ILEAL,87 RADIOLOGIA DIAGNOSTICA,16. (87 99) PROCEDIMIENTOS DIAGNOSTICOS Y TERAPEUTICOS MISCELANEOS,16. (87 99) PROCEDIMIENTOS DIAGNOSTICOS Y TERAPEUTICOS MISCELANEOS
87.79,RADIOGRAFIA APARATO URINARIO.OTRA,87 RADIOLOGIA DIAGNOSTICA,16. (87 99) PROCEDIMIENTOS DIAGNOSTICOS Y TERAPEUTICOS MISCELANEOS,16. (87 99) PROCEDIMIENTOS DIAGNOSTICOS Y TERAPEUTICOS MISCELANEOS
87.8,RADIOGRAFIA ORGANO GENITAL FEMENINO,87 RADIOLOGIA DIAGNOSTICA,16. (87 99) PROCEDIMIENTOS DIAGNOSTICOS Y TERAPEUTICOS MISCELANEOS,16. (87 99) PROCEDIMIENTOS DIAGNOSTICOS Y TERAPEUTICOS MISCELANEOS
87.81,RADIOGRAFIA UTERO GRAVIDO,87 RADIOLOGIA DIAGNOSTICA,16. (87 99) PROCEDIMIENTOS DIAGNOSTICOS Y TERAPEUTICOS MISCELANEOS,16. (87 99) PROCEDIMIENTOS DIAGNOSTICOS Y TERAPEUTICOS MISCELANEOS
87.82,HISTEROSALPINGOGRAFIA CON CONTRASTE GASEOSO,87 RADIOLOGIA DIAGNOSTICA,16. (87 99) PROCEDIMIENTOS DIAGNOSTICOS Y TERAPEUTICOS MISCELANEOS,16. (87 99) PROCEDIMIENTOS DIAGNOSTICOS Y TERAPEUTICOS MISCELANEOS
87.83,HISTEROSALPINGOGRAFIA CON CONTRASTE RADIOPACO,87 RADIOLOGIA DIAGNOSTICA,16. (87 99) PROCEDIMIENTOS DIAGNOSTICOS Y TERAPEUTICOS MISCELANEOS,16. (87 99) PROCEDIMIENTOS DIAGNOSTICOS Y TERAPEUTICOS MISCELANEOS
87.84,HISTEROGRAFIA PERCUTANEA,87 RADIOLOGIA DIAGNOSTICA,16. (87 99) PROCEDIMIENTOS DIAGNOSTICOS Y TERAPEUTICOS MISCELANEOS,16. (87 99) PROCEDIMIENTOS DIAGNOSTICOS Y TERAPEUTICOS MISCELANEOS
87.85,RADIOGRAFIA TROMPA DE FALOPIO Y UTERO OTRA,87 RADIOLOGIA DIAGNOSTICA,16. (87 99) PROCEDIMIENTOS DIAGNOSTICOS Y TERAPEUTICOS MISCELANEOS,16. (87 99) PROCEDIMIENTOS DIAGNOSTICOS Y TERAPEUTICOS MISCELANEOS
87.89,RADIOGRAFIA ORGANO GENITAL FEMENINO.OTRA,87 RADIOLOGIA DIAGNOSTICA,16. (87 99) PROCEDIMIENTOS DIAGNOSTICOS Y TERAPEUTICOS MISCELANEOS,16. (87 99) PROCEDIMIENTOS DIAGNOSTICOS Y TERAPEUTICOS MISCELANEOS
87.9,RADIOGRAFIA ORGANO GENITAL MASCULINO,87 RADIOLOGIA DIAGNOSTICA,16. (87 99) PROCEDIMIENTOS DIAGNOSTICOS Y TERAPEUTICOS MISCELANEOS,16. (87 99) PROCEDIMIENTOS DIAGNOSTICOS Y TERAPEUTICOS MISCELANEOS
87.91,RADIOGRAFIA VESICULA SEMINAL CON CONTRASTE,87 RADIOLOGIA DIAGNOSTICA,16. (87 99) PROCEDIMIENTOS DIAGNOSTICOS Y TERAPEUTICOS MISCELANEOS,16. (87 99) PROCEDIMIENTOS DIAGNOSTICOS Y TERAPEUTICOS MISCELANEOS
87.92,RADIOGRAFIA PROSTATA Y VESICULA SEMINAL OTRA,87 RADIOLOGIA DIAGNOSTICA,16. (87 99) PROCEDIMIENTOS DIAGNOSTICOS Y TERAPEUTICOS MISCELANEOS,16. (87 99) PROCEDIMIENTOS DIAGNOSTICOS Y TERAPEUTICOS MISCELANEOS
87.93,EPIDIDIMOGRAFIA CON CONTRASTE,87 RADIOLOGIA DIAGNOSTICA,16. (87 99) PROCEDIMIENTOS DIAGNOSTICOS Y TERAPEUTICOS MISCELANEOS,16. (87 99) PROCEDIMIENTOS DIAGNOSTICOS Y TERAPEUTICOS MISCELANEOS
87.94,DEFERENTOGRAFIA,87 RADIOLOGIA DIAGNOSTICA,16. (87 99) PROCEDIMIENTOS DIAGNOSTICOS Y TERAPEUTICOS MISCELANEOS,16. (87 99) PROCEDIMIENTOS DIAGNOSTICOS Y TERAPEUTICOS MISCELANEOS
87.95,RADIOGRAFIA EPIDIMO Y DEFERENTE OTRA,87 RADIOLOGIA DIAGNOSTICA,16. (87 99) PROCEDIMIENTOS DIAGNOSTICOS Y TERAPEUTICOS MISCELANEOS,16. (87 99) PROCEDIMIENTOS DIAGNOSTICOS Y TERAPEUTICOS MISCELANEOS
87.99,RADIOGRAFIA ORGANO GENITAL MASCULINO.OTRA,87 RADIOLOGIA DIAGNOSTICA,16. (87 99) PROCEDIMIENTOS DIAGNOSTICOS Y TERAPEUTICOS MISCELANEOS,16. (87 99) PROCEDIMIENTOS DIAGNOSTICOS Y TERAPEUTICOS MISCELANEOS
88,RADIOGRAFIA DIAGNOSTICA OTRA,88 OTRA RADIOLOGIA DIAGNOSTICA Y TECNICAS CONEXAS,16. (87 99) PROCEDIMIENTOS DIAGNOSTICOS Y TERAPEUTICOS MISCELANEOS,16. (87 99) PROCEDIMIENTOS DIAGNOSTICOS Y TERAPEUTICOS MISCELANEOS
88.0,RADIOGRAFIA TEJIDO BLANDO ABDOMEN,88 OTRA RADIOLOGIA DIAGNOSTICA Y TECNICAS CONEXAS,16. (87 99) PROCEDIMIENTOS DIAGNOSTICOS Y TERAPEUTICOS MISCELANEOS,16. (87 99) PROCEDIMIENTOS DIAGNOSTICOS Y TERAPEUTICOS MISCELANEOS
88.01,TOMOGRAFIA AXIAL COMPUTERIZADA ABDOMEN,88 OTRA RADIOLOGIA DIAGNOSTICA Y TECNICAS CONEXAS,16. (87 99) PROCEDIMIENTOS DIAGNOSTICOS Y TERAPEUTICOS MISCELANEOS,16. (87 99) PROCEDIMIENTOS DIAGNOSTICOS Y TERAPEUTICOS MISCELANEOS
88.02,TOMOGRAFIA ABDOMEN OTRA,88 OTRA RADIOLOGIA DIAGNOSTICA Y TECNICAS CONEXAS,16. (87 99) PROCEDIMIENTOS DIAGNOSTICOS Y TERAPEUTICOS MISCELANEOS,16. (87 99) PROCEDIMIENTOS DIAGNOSTICOS Y TERAPEUTICOS MISCELANEOS
88.03,FISTULOGRAFIA PARED ABDOMEN,88 OTRA RADIOLOGIA DIAGNOSTICA Y TECNICAS CONEXAS,16. (87 99) PROCEDIMIENTOS DIAGNOSTICOS Y TERAPEUTICOS MISCELANEOS,16. (87 99) PROCEDIMIENTOS DIAGNOSTICOS Y TERAPEUTICOS MISCELANEOS
88.04,LINFANGIOGRAFIA ABDOMEN,88 OTRA RADIOLOGIA DIAGNOSTICA Y TECNICAS CONEXAS,16. (87 99) PROCEDIMIENTOS DIAGNOSTICOS Y TERAPEUTICOS MISCELANEOS,16. (87 99) PROCEDIMIENTOS DIAGNOSTICOS Y TERAPEUTICOS MISCELANEOS
88.09,RADIOGRAFIA TEJIDO BLANDO ABDOMEN.OTRA,88 OTRA RADIOLOGIA DIAGNOSTICA Y TECNICAS CONEXAS,16. (87 99) PROCEDIMIENTOS DIAGNOSTICOS Y TERAPEUTICOS MISCELANEOS,16. (87 99) PROCEDIMIENTOS DIAGNOSTICOS Y TERAPEUTICOS MISCELANEOS
88.1,RADIOGRAFIA ABDOMEN OTRA,88 OTRA RADIOLOGIA DIAGNOSTICA Y TECNICAS CONEXAS,16. (87 99) PROCEDIMIENTOS DIAGNOSTICOS Y TERAPEUTICOS MISCELANEOS,16. (87 99) PROCEDIMIENTOS DIAGNOSTICOS Y TERAPEUTICOS MISCELANEOS
88.11,RADIOGRAFIA PELVIS CON CONTRASTE RADIOPACO,88 OTRA RADIOLOGIA DIAGNOSTICA Y TECNICAS CONEXAS,16. (87 99) PROCEDIMIENTOS DIAGNOSTICOS Y TERAPEUTICOS MISCELANEOS,16. (87 99) PROCEDIMIENTOS DIAGNOSTICOS Y TERAPEUTICOS MISCELANEOS
88.12,RADIOGRAFIA PELVIS CON CONTRASTE GASEOSO,88 OTRA RADIOLOGIA DIAGNOSTICA Y TECNICAS CONEXAS,16. (87 99) PROCEDIMIENTOS DIAGNOSTICOS Y TERAPEUTICOS MISCELANEOS,16. (87 99) PROCEDIMIENTOS DIAGNOSTICOS Y TERAPEUTICOS MISCELANEOS
88.13,NEUMOGRAFIA PERITONEAL OTRA,88 OTRA RADIOLOGIA DIAGNOSTICA Y TECNICAS CONEXAS,16. (87 99) PROCEDIMIENTOS DIAGNOSTICOS Y TERAPEUTICOS MISCELANEOS,16. (87 99) PROCEDIMIENTOS DIAGNOSTICOS Y TERAPEUTICOS MISCELANEOS
88.14,FISTULOGRAFIA RETROPERITONEAL,88 OTRA RADIOLOGIA DIAGNOSTICA Y TECNICAS CONEXAS,16. (87 99) PROCEDIMIENTOS DIAGNOSTICOS Y TERAPEUTICOS MISCELANEOS,16. (87 99) PROCEDIMIENTOS DIAGNOSTICOS Y TERAPEUTICOS MISCELANEOS
88.15,NEUMOGRAFIA RETROPERITONEAL,88 OTRA RADIOLOGIA DIAGNOSTICA Y TECNICAS CONEXAS,16. (87 99) PROCEDIMIENTOS DIAGNOSTICOS Y TERAPEUTICOS MISCELANEOS,16. (87 99) PROCEDIMIENTOS DIAGNOSTICOS Y TERAPEUTICOS MISCELANEOS
88.16,RADIOGRAFIA RETROPERITONEAL OTRA,88 OTRA RADIOLOGIA DIAGNOSTICA Y TECNICAS CONEXAS,16. (87 99) PROCEDIMIENTOS DIAGNOSTICOS Y TERAPEUTICOS MISCELANEOS,16. (87 99) PROCEDIMIENTOS DIAGNOSTICOS Y TERAPEUTICOS MISCELANEOS
88.19,RADIOGRAFIA ABDOMEN.OTRA,88 OTRA RADIOLOGIA DIAGNOSTICA Y TECNICAS CONEXAS,16. (87 99) PROCEDIMIENTOS DIAGNOSTICOS Y TERAPEUTICOS MISCELANEOS,16. (87 99) PROCEDIMIENTOS DIAGNOSTICOS Y TERAPEUTICOS MISCELANEOS
88.2,RADIOGRAFIA HUESO MIEMBRO Y PELVIS,88 OTRA RADIOLOGIA DIAGNOSTICA Y TECNICAS CONEXAS,16. (87 99) PROCEDIMIENTOS DIAGNOSTICOS Y TERAPEUTICOS MISCELANEOS,16. (87 99) PROCEDIMIENTOS DIAGNOSTICOS Y TERAPEUTICOS MISCELANEOS
88.21,RADIOGRAFIA HUESO HOMBRO Y BRAZO,88 OTRA RADIOLOGIA DIAGNOSTICA Y TECNICAS CONEXAS,16. (87 99) PROCEDIMIENTOS DIAGNOSTICOS Y TERAPEUTICOS MISCELANEOS,16. (87 99) PROCEDIMIENTOS DIAGNOSTICOS Y TERAPEUTICOS MISCELANEOS
88.22,RADIOGRAFIA HUESO CODO Y ANTEBRAZO,88 OTRA RADIOLOGIA DIAGNOSTICA Y TECNICAS CONEXAS,16. (87 99) PROCEDIMIENTOS DIAGNOSTICOS Y TERAPEUTICOS MISCELANEOS,16. (87 99) PROCEDIMIENTOS DIAGNOSTICOS Y TERAPEUTICOS MISCELANEOS
88.23,RADIOGRAFIA HUESO MUÑECA Y MANO,88 OTRA RADIOLOGIA DIAGNOSTICA Y TECNICAS CONEXAS,16. (87 99) PROCEDIMIENTOS DIAGNOSTICOS Y TERAPEUTICOS MISCELANEOS,16. (87 99) PROCEDIMIENTOS DIAGNOSTICOS Y TERAPEUTICOS MISCELANEOS
88.24,RADIOGRAFIA HUESO MIEMBRO SUPERIOR NEOM,88 OTRA RADIOLOGIA DIAGNOSTICA Y TECNICAS CONEXAS,16. (87 99) PROCEDIMIENTOS DIAGNOSTICOS Y TERAPEUTICOS MISCELANEOS,16. (87 99) PROCEDIMIENTOS DIAGNOSTICOS Y TERAPEUTICOS MISCELANEOS
88.25,PELVIMETRIA,88 OTRA RADIOLOGIA DIAGNOSTICA Y TECNICAS CONEXAS,16. (87 99) PROCEDIMIENTOS DIAGNOSTICOS Y TERAPEUTICOS MISCELANEOS,16. (87 99) PROCEDIMIENTOS DIAGNOSTICOS Y TERAPEUTICOS MISCELANEOS
88.26,RADIOGRAFIA HUESO PELVIS Y CADERA OTRA,88 OTRA RADIOLOGIA DIAGNOSTICA Y TECNICAS CONEXAS,16. (87 99) PROCEDIMIENTOS DIAGNOSTICOS Y TERAPEUTICOS MISCELANEOS,16. (87 99) PROCEDIMIENTOS DIAGNOSTICOS Y TERAPEUTICOS MISCELANEOS
88.27,"RADIOGRAFIA HUESO MUSLO,RODILLA Y PIERNA",88 OTRA RADIOLOGIA DIAGNOSTICA Y TECNICAS CONEXAS,16. (87 99) PROCEDIMIENTOS DIAGNOSTICOS Y TERAPEUTICOS MISCELANEOS,16. (87 99) PROCEDIMIENTOS DIAGNOSTICOS Y TERAPEUTICOS MISCELANEOS
88.28,RADIOGRAFIA HUESO TOBILLO Y PIE,88 OTRA RADIOLOGIA DIAGNOSTICA Y TECNICAS CONEXAS,16. (87 99) PROCEDIMIENTOS DIAGNOSTICOS Y TERAPEUTICOS MISCELANEOS,16. (87 99) PROCEDIMIENTOS DIAGNOSTICOS Y TERAPEUTICOS MISCELANEOS
88.29,RADIOGRAFIA HUESO MIEMBRO INFERIOR NEOM,88 OTRA RADIOLOGIA DIAGNOSTICA Y TECNICAS CONEXAS,16. (87 99) PROCEDIMIENTOS DIAGNOSTICOS Y TERAPEUTICOS MISCELANEOS,16. (87 99) PROCEDIMIENTOS DIAGNOSTICOS Y TERAPEUTICOS MISCELANEOS
88.3,RADIOGRAFIA OTRA,88 OTRA RADIOLOGIA DIAGNOSTICA Y TECNICAS CONEXAS,16. (87 99) PROCEDIMIENTOS DIAGNOSTICOS Y TERAPEUTICOS MISCELANEOS,16. (87 99) PROCEDIMIENTOS DIAGNOSTICOS Y TERAPEUTICOS MISCELANEOS
88.31,RADIOGRAFIA ESQUELETICA COMPLETA,88 OTRA RADIOLOGIA DIAGNOSTICA Y TECNICAS CONEXAS,16. (87 99) PROCEDIMIENTOS DIAGNOSTICOS Y TERAPEUTICOS MISCELANEOS,16. (87 99) PROCEDIMIENTOS DIAGNOSTICOS Y TERAPEUTICOS MISCELANEOS
88.32,ARTROGRAFIA CON CONTRASTE,88 OTRA RADIOLOGIA DIAGNOSTICA Y TECNICAS CONEXAS,16. (87 99) PROCEDIMIENTOS DIAGNOSTICOS Y TERAPEUTICOS MISCELANEOS,16. (87 99) PROCEDIMIENTOS DIAGNOSTICOS Y TERAPEUTICOS MISCELANEOS
88.33,RADIOGRAFIA HUESO OTRA,88 OTRA RADIOLOGIA DIAGNOSTICA Y TECNICAS CONEXAS,16. (87 99) PROCEDIMIENTOS DIAGNOSTICOS Y TERAPEUTICOS MISCELANEOS,16. (87 99) PROCEDIMIENTOS DIAGNOSTICOS Y TERAPEUTICOS MISCELANEOS
88.34,LINFANGIOGRAFIA MIEMBRO SUPERIOR,88 OTRA RADIOLOGIA DIAGNOSTICA Y TECNICAS CONEXAS,16. (87 99) PROCEDIMIENTOS DIAGNOSTICOS Y TERAPEUTICOS MISCELANEOS,16. (87 99) PROCEDIMIENTOS DIAGNOSTICOS Y TERAPEUTICOS MISCELANEOS
88.35,RADIOGRAFIA TEJIDO BLANDO MIEMBRO SUPERIOR OTRA,88 OTRA RADIOLOGIA DIAGNOSTICA Y TECNICAS CONEXAS,16. (87 99) PROCEDIMIENTOS DIAGNOSTICOS Y TERAPEUTICOS MISCELANEOS,16. (87 99) PROCEDIMIENTOS DIAGNOSTICOS Y TERAPEUTICOS MISCELANEOS
88.36,LINFANGIOGRAFIA MIEMBRO INFERIOR,88 OTRA RADIOLOGIA DIAGNOSTICA Y TECNICAS CONEXAS,16. (87 99) PROCEDIMIENTOS DIAGNOSTICOS Y TERAPEUTICOS MISCELANEOS,16. (87 99) PROCEDIMIENTOS DIAGNOSTICOS Y TERAPEUTICOS MISCELANEOS
88.37,RADIOGRAFIA TEJIDO BLANDO MIEMBRO INFERIOR OTRA,88 OTRA RADIOLOGIA DIAGNOSTICA Y TECNICAS CONEXAS,16. (87 99) PROCEDIMIENTOS DIAGNOSTICOS Y TERAPEUTICOS MISCELANEOS,16. (87 99) PROCEDIMIENTOS DIAGNOSTICOS Y TERAPEUTICOS MISCELANEOS
88.38,TOMOGRAFIA AXIAL COMPUTERIZADA OTRA,88 OTRA RADIOLOGIA DIAGNOSTICA Y TECNICAS CONEXAS,16. (87 99) PROCEDIMIENTOS DIAGNOSTICOS Y TERAPEUTICOS MISCELANEOS,16. (87 99) PROCEDIMIENTOS DIAGNOSTICOS Y TERAPEUTICOS MISCELANEOS
88.39,RADIOGRAFIA OTRA Y NEOM,88 OTRA RADIOLOGIA DIAGNOSTICA Y TECNICAS CONEXAS,16. (87 99) PROCEDIMIENTOS DIAGNOSTICOS Y TERAPEUTICOS MISCELANEOS,16. (87 99) PROCEDIMIENTOS DIAGNOSTICOS Y TERAPEUTICOS MISCELANEOS
88.4,ARTERIOGRAFIA CON CONTRASTE,88 OTRA RADIOLOGIA DIAGNOSTICA Y TECNICAS CONEXAS,16. (87 99) PROCEDIMIENTOS DIAGNOSTICOS Y TERAPEUTICOS MISCELANEOS,16. (87 99) PROCEDIMIENTOS DIAGNOSTICOS Y TERAPEUTICOS MISCELANEOS
88.40,ARTERIOGRAFIA CON CONTRASTE NEOM,88 OTRA RADIOLOGIA DIAGNOSTICA Y TECNICAS CONEXAS,16. (87 99) PROCEDIMIENTOS DIAGNOSTICOS Y TERAPEUTICOS MISCELANEOS,16. (87 99) PROCEDIMIENTOS DIAGNOSTICOS Y TERAPEUTICOS MISCELANEOS
88.41,ARTERIOGRAFIA ARTERIA CEREBRAL,88 OTRA RADIOLOGIA DIAGNOSTICA Y TECNICAS CONEXAS,16. (87 99) PROCEDIMIENTOS DIAGNOSTICOS Y TERAPEUTICOS MISCELANEOS,16. (87 99) PROCEDIMIENTOS DIAGNOSTICOS Y TERAPEUTICOS MISCELANEOS
88.42,ARTERIOGRAFIA AORTA,88 OTRA RADIOLOGIA DIAGNOSTICA Y TECNICAS CONEXAS,16. (87 99) PROCEDIMIENTOS DIAGNOSTICOS Y TERAPEUTICOS MISCELANEOS,16. (87 99) PROCEDIMIENTOS DIAGNOSTICOS Y TERAPEUTICOS MISCELANEOS
88.43,ARTERIOGRAFIA ARTERIA PULMONAR,88 OTRA RADIOLOGIA DIAGNOSTICA Y TECNICAS CONEXAS,16. (87 99) PROCEDIMIENTOS DIAGNOSTICOS Y TERAPEUTICOS MISCELANEOS,16. (87 99) PROCEDIMIENTOS DIAGNOSTICOS Y TERAPEUTICOS MISCELANEOS
88.44,ARTERIOGRAFIA ARTERIA INTRATORACICA OTRA,88 OTRA RADIOLOGIA DIAGNOSTICA Y TECNICAS CONEXAS,16. (87 99) PROCEDIMIENTOS DIAGNOSTICOS Y TERAPEUTICOS MISCELANEOS,16. (87 99) PROCEDIMIENTOS DIAGNOSTICOS Y TERAPEUTICOS MISCELANEOS
88.45,ARTERIOGRAFIA ARTERIA RENAL,88 OTRA RADIOLOGIA DIAGNOSTICA Y TECNICAS CONEXAS,16. (87 99) PROCEDIMIENTOS DIAGNOSTICOS Y TERAPEUTICOS MISCELANEOS,16. (87 99) PROCEDIMIENTOS DIAGNOSTICOS Y TERAPEUTICOS MISCELANEOS
88.46,ARTERIOGRAFIA PLACENTA,88 OTRA RADIOLOGIA DIAGNOSTICA Y TECNICAS CONEXAS,16. (87 99) PROCEDIMIENTOS DIAGNOSTICOS Y TERAPEUTICOS MISCELANEOS,16. (87 99) PROCEDIMIENTOS DIAGNOSTICOS Y TERAPEUTICOS MISCELANEOS
88.47,ARTERIOGRAFIA ARTERIA INTRABDOMINAL OTRA,88 OTRA RADIOLOGIA DIAGNOSTICA Y TECNICAS CONEXAS,16. (87 99) PROCEDIMIENTOS DIAGNOSTICOS Y TERAPEUTICOS MISCELANEOS,16. (87 99) PROCEDIMIENTOS DIAGNOSTICOS Y TERAPEUTICOS MISCELANEOS
88.48,ARTERIOGRAFIA ARTERIA FEMORAL Y MIEMBRO INFERIOR,88 OTRA RADIOLOGIA DIAGNOSTICA Y TECNICAS CONEXAS,16. (87 99) PROCEDIMIENTOS DIAGNOSTICOS Y TERAPEUTICOS MISCELANEOS,16. (87 99) PROCEDIMIENTOS DIAGNOSTICOS Y TERAPEUTICOS MISCELANEOS
88.49,ARTERIOGRAFIA OTRA,88 OTRA RADIOLOGIA DIAGNOSTICA Y TECNICAS CONEXAS,16. (87 99) PROCEDIMIENTOS DIAGNOSTICOS Y TERAPEUTICOS MISCELANEOS,16. (87 99) PROCEDIMIENTOS DIAGNOSTICOS Y TERAPEUTICOS MISCELANEOS
88.5,ANGIOCARDIOGRAFIA CON CONTRASTE,88 OTRA RADIOLOGIA DIAGNOSTICA Y TECNICAS CONEXAS,16. (87 99) PROCEDIMIENTOS DIAGNOSTICOS Y TERAPEUTICOS MISCELANEOS,16. (87 99) PROCEDIMIENTOS DIAGNOSTICOS Y TERAPEUTICOS MISCELANEOS
88.50,ANGIOCARDIOGRAFIA NEOM,88 OTRA RADIOLOGIA DIAGNOSTICA Y TECNICAS CONEXAS,16. (87 99) PROCEDIMIENTOS DIAGNOSTICOS Y TERAPEUTICOS MISCELANEOS,16. (87 99) PROCEDIMIENTOS DIAGNOSTICOS Y TERAPEUTICOS MISCELANEOS
88.51,ANGIOCARDIOGRAFIA VENA CAVA,88 OTRA RADIOLOGIA DIAGNOSTICA Y TECNICAS CONEXAS,16. (87 99) PROCEDIMIENTOS DIAGNOSTICOS Y TERAPEUTICOS MISCELANEOS,16. (87 99) PROCEDIMIENTOS DIAGNOSTICOS Y TERAPEUTICOS MISCELANEOS
88.52,ANGIOCARDIOGRAFIA CORAZON DERECHO,88 OTRA RADIOLOGIA DIAGNOSTICA Y TECNICAS CONEXAS,16. (87 99) PROCEDIMIENTOS DIAGNOSTICOS Y TERAPEUTICOS MISCELANEOS,16. (87 99) PROCEDIMIENTOS DIAGNOSTICOS Y TERAPEUTICOS MISCELANEOS
88.53,ANGIOCARDIOGRAFIA CORAZON IZQUIERDO,88 OTRA RADIOLOGIA DIAGNOSTICA Y TECNICAS CONEXAS,16. (87 99) PROCEDIMIENTOS DIAGNOSTICOS Y TERAPEUTICOS MISCELANEOS,16. (87 99) PROCEDIMIENTOS DIAGNOSTICOS Y TERAPEUTICOS MISCELANEOS
88.54,ANGIOCARDIOGRAFIA CORAZON DERECHO E IZQUIERDO,88 OTRA RADIOLOGIA DIAGNOSTICA Y TECNICAS CONEXAS,16. (87 99) PROCEDIMIENTOS DIAGNOSTICOS Y TERAPEUTICOS MISCELANEOS,16. (87 99) PROCEDIMIENTOS DIAGNOSTICOS Y TERAPEUTICOS MISCELANEOS
88.55,ARTERIOGRAFIA CORONARIA CON UN CATETER,88 OTRA RADIOLOGIA DIAGNOSTICA Y TECNICAS CONEXAS,16. (87 99) PROCEDIMIENTOS DIAGNOSTICOS Y TERAPEUTICOS MISCELANEOS,16. (87 99) PROCEDIMIENTOS DIAGNOSTICOS Y TERAPEUTICOS MISCELANEOS
88.56,ARTERIOGRAFIA CORONARIA CON DOS CATETERES,88 OTRA RADIOLOGIA DIAGNOSTICA Y TECNICAS CONEXAS,16. (87 99) PROCEDIMIENTOS DIAGNOSTICOS Y TERAPEUTICOS MISCELANEOS,16. (87 99) PROCEDIMIENTOS DIAGNOSTICOS Y TERAPEUTICOS MISCELANEOS
88.57,ARTERIOGRAFIA CORONARIA OTRA Y NEOM,88 OTRA RADIOLOGIA DIAGNOSTICA Y TECNICAS CONEXAS,16. (87 99) PROCEDIMIENTOS DIAGNOSTICOS Y TERAPEUTICOS MISCELANEOS,16. (87 99) PROCEDIMIENTOS DIAGNOSTICOS Y TERAPEUTICOS MISCELANEOS
88.58,RADIOGRAFIA CORAZON CON CONTRASTE NEGATIVO,88 OTRA RADIOLOGIA DIAGNOSTICA Y TECNICAS CONEXAS,16. (87 99) PROCEDIMIENTOS DIAGNOSTICOS Y TERAPEUTICOS MISCELANEOS,16. (87 99) PROCEDIMIENTOS DIAGNOSTICOS Y TERAPEUTICOS MISCELANEOS
88.59,ANGIOGRAFIA VASCULAR CORONARIA INTRAOPERATORIA POR FLUORESCENCIA,88 OTRA RADIOLOGIA DIAGNOSTICA Y TECNICAS CONEXAS,16. (87 99) PROCEDIMIENTOS DIAGNOSTICOS Y TERAPEUTICOS MISCELANEOS,16. (87 99) PROCEDIMIENTOS DIAGNOSTICOS Y TERAPEUTICOS MISCELANEOS
88.6,FLEBOGRAFIA,88 OTRA RADIOLOGIA DIAGNOSTICA Y TECNICAS CONEXAS,16. (87 99) PROCEDIMIENTOS DIAGNOSTICOS Y TERAPEUTICOS MISCELANEOS,16. (87 99) PROCEDIMIENTOS DIAGNOSTICOS Y TERAPEUTICOS MISCELANEOS
88.60,FLEBOGRAFIA CON CONTRASTE NEOM,88 OTRA RADIOLOGIA DIAGNOSTICA Y TECNICAS CONEXAS,16. (87 99) PROCEDIMIENTOS DIAGNOSTICOS Y TERAPEUTICOS MISCELANEOS,16. (87 99) PROCEDIMIENTOS DIAGNOSTICOS Y TERAPEUTICOS MISCELANEOS
88.61,FLEBOGRAFIA VENA CABEZA Y CUELLO,88 OTRA RADIOLOGIA DIAGNOSTICA Y TECNICAS CONEXAS,16. (87 99) PROCEDIMIENTOS DIAGNOSTICOS Y TERAPEUTICOS MISCELANEOS,16. (87 99) PROCEDIMIENTOS DIAGNOSTICOS Y TERAPEUTICOS MISCELANEOS
88.62,FLEBOGRAFIA VENA PULMONAR,88 OTRA RADIOLOGIA DIAGNOSTICA Y TECNICAS CONEXAS,16. (87 99) PROCEDIMIENTOS DIAGNOSTICOS Y TERAPEUTICOS MISCELANEOS,16. (87 99) PROCEDIMIENTOS DIAGNOSTICOS Y TERAPEUTICOS MISCELANEOS
88.63,FLEBOGRAFIA VENA INTRATORACICA OTRA,88 OTRA RADIOLOGIA DIAGNOSTICA Y TECNICAS CONEXAS,16. (87 99) PROCEDIMIENTOS DIAGNOSTICOS Y TERAPEUTICOS MISCELANEOS,16. (87 99) PROCEDIMIENTOS DIAGNOSTICOS Y TERAPEUTICOS MISCELANEOS
88.64,FLEBOGRAFIA VENA PORTA,88 OTRA RADIOLOGIA DIAGNOSTICA Y TECNICAS CONEXAS,16. (87 99) PROCEDIMIENTOS DIAGNOSTICOS Y TERAPEUTICOS MISCELANEOS,16. (87 99) PROCEDIMIENTOS DIAGNOSTICOS Y TERAPEUTICOS MISCELANEOS
88.65,FLEBOGRAFIA VENA INTRABDOMINAL OTRA,88 OTRA RADIOLOGIA DIAGNOSTICA Y TECNICAS CONEXAS,16. (87 99) PROCEDIMIENTOS DIAGNOSTICOS Y TERAPEUTICOS MISCELANEOS,16. (87 99) PROCEDIMIENTOS DIAGNOSTICOS Y TERAPEUTICOS MISCELANEOS
88.66,FLEBOGRAFIA VENA FEMORAL Y MIEMBRO INFERIOR,88 OTRA RADIOLOGIA DIAGNOSTICA Y TECNICAS CONEXAS,16. (87 99) PROCEDIMIENTOS DIAGNOSTICOS Y TERAPEUTICOS MISCELANEOS,16. (87 99) PROCEDIMIENTOS DIAGNOSTICOS Y TERAPEUTICOS MISCELANEOS
88.67,FLEBOGRAFIA CON CONTRASTE OTRA,88 OTRA RADIOLOGIA DIAGNOSTICA Y TECNICAS CONEXAS,16. (87 99) PROCEDIMIENTOS DIAGNOSTICOS Y TERAPEUTICOS MISCELANEOS,16. (87 99) PROCEDIMIENTOS DIAGNOSTICOS Y TERAPEUTICOS MISCELANEOS
88.68,FLEBOGRAFIA POR IMPEDANCIA,88 OTRA RADIOLOGIA DIAGNOSTICA Y TECNICAS CONEXAS,16. (87 99) PROCEDIMIENTOS DIAGNOSTICOS Y TERAPEUTICOS MISCELANEOS,16. (87 99) PROCEDIMIENTOS DIAGNOSTICOS Y TERAPEUTICOS MISCELANEOS
88.7,DIAGNOSTICO POR ULTRASONIDO,88 OTRA RADIOLOGIA DIAGNOSTICA Y TECNICAS CONEXAS,16. (87 99) PROCEDIMIENTOS DIAGNOSTICOS Y TERAPEUTICOS MISCELANEOS,16. (87 99) PROCEDIMIENTOS DIAGNOSTICOS Y TERAPEUTICOS MISCELANEOS
88.71,ECOENCEFALOGRAFIA,88 OTRA RADIOLOGIA DIAGNOSTICA Y TECNICAS CONEXAS,16. (87 99) PROCEDIMIENTOS DIAGNOSTICOS Y TERAPEUTICOS MISCELANEOS,16. (87 99) PROCEDIMIENTOS DIAGNOSTICOS Y TERAPEUTICOS MISCELANEOS
88.72,ECOCARDIOGRAFIA,88 OTRA RADIOLOGIA DIAGNOSTICA Y TECNICAS CONEXAS,16. (87 99) PROCEDIMIENTOS DIAGNOSTICOS Y TERAPEUTICOS MISCELANEOS,16. (87 99) PROCEDIMIENTOS DIAGNOSTICOS Y TERAPEUTICOS MISCELANEOS
88.73,ECOGRAFIA TORAX OTRA,88 OTRA RADIOLOGIA DIAGNOSTICA Y TECNICAS CONEXAS,16. (87 99) PROCEDIMIENTOS DIAGNOSTICOS Y TERAPEUTICOS MISCELANEOS,16. (87 99) PROCEDIMIENTOS DIAGNOSTICOS Y TERAPEUTICOS MISCELANEOS
88.74,ECOGRAFIA APARATO DIGESTIVO,88 OTRA RADIOLOGIA DIAGNOSTICA Y TECNICAS CONEXAS,16. (87 99) PROCEDIMIENTOS DIAGNOSTICOS Y TERAPEUTICOS MISCELANEOS,16. (87 99) PROCEDIMIENTOS DIAGNOSTICOS Y TERAPEUTICOS MISCELANEOS
88.75,ECOGRAFIA APARATO URINARIO,88 OTRA RADIOLOGIA DIAGNOSTICA Y TECNICAS CONEXAS,16. (87 99) PROCEDIMIENTOS DIAGNOSTICOS Y TERAPEUTICOS MISCELANEOS,16. (87 99) PROCEDIMIENTOS DIAGNOSTICOS Y TERAPEUTICOS MISCELANEOS
88.76,ECOGRAFIA ABDOMEN Y PERITONEO,88 OTRA RADIOLOGIA DIAGNOSTICA Y TECNICAS CONEXAS,16. (87 99) PROCEDIMIENTOS DIAGNOSTICOS Y TERAPEUTICOS MISCELANEOS,16. (87 99) PROCEDIMIENTOS DIAGNOSTICOS Y TERAPEUTICOS MISCELANEOS
88.77,ULTRASONOGRAFIA SISTEMA VASCULAR PERIFERICO,88 OTRA RADIOLOGIA DIAGNOSTICA Y TECNICAS CONEXAS,16. (87 99) PROCEDIMIENTOS DIAGNOSTICOS Y TERAPEUTICOS MISCELANEOS,16. (87 99) PROCEDIMIENTOS DIAGNOSTICOS Y TERAPEUTICOS MISCELANEOS
88.78,ECOGRAFIA UTERO GRAVIDO,88 OTRA RADIOLOGIA DIAGNOSTICA Y TECNICAS CONEXAS,16. (87 99) PROCEDIMIENTOS DIAGNOSTICOS Y TERAPEUTICOS MISCELANEOS,16. (87 99) PROCEDIMIENTOS DIAGNOSTICOS Y TERAPEUTICOS MISCELANEOS
88.79,ECOGRAFIA OTRA,88 OTRA RADIOLOGIA DIAGNOSTICA Y TECNICAS CONEXAS,16. (87 99) PROCEDIMIENTOS DIAGNOSTICOS Y TERAPEUTICOS MISCELANEOS,16. (87 99) PROCEDIMIENTOS DIAGNOSTICOS Y TERAPEUTICOS MISCELANEOS
88.8,TERMOGRAFIA,88 OTRA RADIOLOGIA DIAGNOSTICA Y TECNICAS CONEXAS,16. (87 99) PROCEDIMIENTOS DIAGNOSTICOS Y TERAPEUTICOS MISCELANEOS,16. (87 99) PROCEDIMIENTOS DIAGNOSTICOS Y TERAPEUTICOS MISCELANEOS
88.81,TERMOGRAFIA CEREBRO,88 OTRA RADIOLOGIA DIAGNOSTICA Y TECNICAS CONEXAS,16. (87 99) PROCEDIMIENTOS DIAGNOSTICOS Y TERAPEUTICOS MISCELANEOS,16. (87 99) PROCEDIMIENTOS DIAGNOSTICOS Y TERAPEUTICOS MISCELANEOS
88.82,TERMOGRAFIA OJO,88 OTRA RADIOLOGIA DIAGNOSTICA Y TECNICAS CONEXAS,16. (87 99) PROCEDIMIENTOS DIAGNOSTICOS Y TERAPEUTICOS MISCELANEOS,16. (87 99) PROCEDIMIENTOS DIAGNOSTICOS Y TERAPEUTICOS MISCELANEOS
88.83,TERMOGRAFIA HUESO,88 OTRA RADIOLOGIA DIAGNOSTICA Y TECNICAS CONEXAS,16. (87 99) PROCEDIMIENTOS DIAGNOSTICOS Y TERAPEUTICOS MISCELANEOS,16. (87 99) PROCEDIMIENTOS DIAGNOSTICOS Y TERAPEUTICOS MISCELANEOS
88.84,TERMOGRAFIA MUSCULO,88 OTRA RADIOLOGIA DIAGNOSTICA Y TECNICAS CONEXAS,16. (87 99) PROCEDIMIENTOS DIAGNOSTICOS Y TERAPEUTICOS MISCELANEOS,16. (87 99) PROCEDIMIENTOS DIAGNOSTICOS Y TERAPEUTICOS MISCELANEOS
88.85,TERMOGRAFIA MAMA,88 OTRA RADIOLOGIA DIAGNOSTICA Y TECNICAS CONEXAS,16. (87 99) PROCEDIMIENTOS DIAGNOSTICOS Y TERAPEUTICOS MISCELANEOS,16. (87 99) PROCEDIMIENTOS DIAGNOSTICOS Y TERAPEUTICOS MISCELANEOS
88.86,TERMOGRAFIA VASO SANGUINEO,88 OTRA RADIOLOGIA DIAGNOSTICA Y TECNICAS CONEXAS,16. (87 99) PROCEDIMIENTOS DIAGNOSTICOS Y TERAPEUTICOS MISCELANEOS,16. (87 99) PROCEDIMIENTOS DIAGNOSTICOS Y TERAPEUTICOS MISCELANEOS
88.89,TERMOGRAFIA OTRA,88 OTRA RADIOLOGIA DIAGNOSTICA Y TECNICAS CONEXAS,16. (87 99) PROCEDIMIENTOS DIAGNOSTICOS Y TERAPEUTICOS MISCELANEOS,16. (87 99) PROCEDIMIENTOS DIAGNOSTICOS Y TERAPEUTICOS MISCELANEOS
88.9,DIAGNOSTICO POR IMAGEN OTRO,88 OTRA RADIOLOGIA DIAGNOSTICA Y TECNICAS CONEXAS,16. (87 99) PROCEDIMIENTOS DIAGNOSTICOS Y TERAPEUTICOS MISCELANEOS,16. (87 99) PROCEDIMIENTOS DIAGNOSTICOS Y TERAPEUTICOS MISCELANEOS
88.90,DIAGNOSTICO POR IMAGEN NCOC,88 OTRA RADIOLOGIA DIAGNOSTICA Y TECNICAS CONEXAS,16. (87 99) PROCEDIMIENTOS DIAGNOSTICOS Y TERAPEUTICOS MISCELANEOS,16. (87 99) PROCEDIMIENTOS DIAGNOSTICOS Y TERAPEUTICOS MISCELANEOS
88.91,RESONANCIA MAGNETICA CEREBRO Y TRONCO CEREBRO,88 OTRA RADIOLOGIA DIAGNOSTICA Y TECNICAS CONEXAS,16. (87 99) PROCEDIMIENTOS DIAGNOSTICOS Y TERAPEUTICOS MISCELANEOS,16. (87 99) PROCEDIMIENTOS DIAGNOSTICOS Y TERAPEUTICOS MISCELANEOS
88.92,RESONANCIA MAGNETICA TORAX Y MIOCARDIO,88 OTRA RADIOLOGIA DIAGNOSTICA Y TECNICAS CONEXAS,16. (87 99) PROCEDIMIENTOS DIAGNOSTICOS Y TERAPEUTICOS MISCELANEOS,16. (87 99) PROCEDIMIENTOS DIAGNOSTICOS Y TERAPEUTICOS MISCELANEOS
88.93,RESONANCIA MAGNETICA CANAL ESPINAL,88 OTRA RADIOLOGIA DIAGNOSTICA Y TECNICAS CONEXAS,16. (87 99) PROCEDIMIENTOS DIAGNOSTICOS Y TERAPEUTICOS MISCELANEOS,16. (87 99) PROCEDIMIENTOS DIAGNOSTICOS Y TERAPEUTICOS MISCELANEOS
88.94,RESONANCIA MAGNETICA SISTEMA MUSCULOESQUELETICO,88 OTRA RADIOLOGIA DIAGNOSTICA Y TECNICAS CONEXAS,16. (87 99) PROCEDIMIENTOS DIAGNOSTICOS Y TERAPEUTICOS MISCELANEOS,16. (87 99) PROCEDIMIENTOS DIAGNOSTICOS Y TERAPEUTICOS MISCELANEOS
88.95,"RESONANCIA MAGNETICA PELVIS,PROSTATA Y VEJIGA",88 OTRA RADIOLOGIA DIAGNOSTICA Y TECNICAS CONEXAS,16. (87 99) PROCEDIMIENTOS DIAGNOSTICOS Y TERAPEUTICOS MISCELANEOS,16. (87 99) PROCEDIMIENTOS DIAGNOSTICOS Y TERAPEUTICOS MISCELANEOS
88.96,RESONANCIA MAGNETICA INTRAOPERATORIA OTRA,88 OTRA RADIOLOGIA DIAGNOSTICA Y TECNICAS CONEXAS,16. (87 99) PROCEDIMIENTOS DIAGNOSTICOS Y TERAPEUTICOS MISCELANEOS,16. (87 99) PROCEDIMIENTOS DIAGNOSTICOS Y TERAPEUTICOS MISCELANEOS
88.97,RESONANCIA MAGNETICA OTRA Y NEOM,88 OTRA RADIOLOGIA DIAGNOSTICA Y TECNICAS CONEXAS,16. (87 99) PROCEDIMIENTOS DIAGNOSTICOS Y TERAPEUTICOS MISCELANEOS,16. (87 99) PROCEDIMIENTOS DIAGNOSTICOS Y TERAPEUTICOS MISCELANEOS
88.98,ESTUDIO DENSIDAD MINERAL HUESO,88 OTRA RADIOLOGIA DIAGNOSTICA Y TECNICAS CONEXAS,16. (87 99) PROCEDIMIENTOS DIAGNOSTICOS Y TERAPEUTICOS MISCELANEOS,16. (87 99) PROCEDIMIENTOS DIAGNOSTICOS Y TERAPEUTICOS MISCELANEOS
89,"ENTREVISTA,EVALUACION,CONSULTA Y EXAMEN","89 ENTREVISTA, EVALUACION CONSULTA Y EXAMEN",16. (87 99) PROCEDIMIENTOS DIAGNOSTICOS Y TERAPEUTICOS MISCELANEOS,16. (87 99) PROCEDIMIENTOS DIAGNOSTICOS Y TERAPEUTICOS MISCELANEOS
89.0,"ENTREVISTA,CONSULTA Y EVALUACION DIAGNOSTICA","89 ENTREVISTA, EVALUACION CONSULTA Y EXAMEN",16. (87 99) PROCEDIMIENTOS DIAGNOSTICOS Y TERAPEUTICOS MISCELANEOS,16. (87 99) PROCEDIMIENTOS DIAGNOSTICOS Y TERAPEUTICOS MISCELANEOS
89.01,ENTREVISTA Y EVALUACION BREVE,"89 ENTREVISTA, EVALUACION CONSULTA Y EXAMEN",16. (87 99) PROCEDIMIENTOS DIAGNOSTICOS Y TERAPEUTICOS MISCELANEOS,16. (87 99) PROCEDIMIENTOS DIAGNOSTICOS Y TERAPEUTICOS MISCELANEOS
89.02,ENTREVISTA Y EVALUACION LIMITADA,"89 ENTREVISTA, EVALUACION CONSULTA Y EXAMEN",16. (87 99) PROCEDIMIENTOS DIAGNOSTICOS Y TERAPEUTICOS MISCELANEOS,16. (87 99) PROCEDIMIENTOS DIAGNOSTICOS Y TERAPEUTICOS MISCELANEOS
89.03,ENTREVISTA Y EVALUACION GLOBAL,"89 ENTREVISTA, EVALUACION CONSULTA Y EXAMEN",16. (87 99) PROCEDIMIENTOS DIAGNOSTICOS Y TERAPEUTICOS MISCELANEOS,16. (87 99) PROCEDIMIENTOS DIAGNOSTICOS Y TERAPEUTICOS MISCELANEOS
89.04,ENTREVISTA Y EVALUACION OTRA,"89 ENTREVISTA, EVALUACION CONSULTA Y EXAMEN",16. (87 99) PROCEDIMIENTOS DIAGNOSTICOS Y TERAPEUTICOS MISCELANEOS,16. (87 99) PROCEDIMIENTOS DIAGNOSTICOS Y TERAPEUTICOS MISCELANEOS
89.05,ENTREVISTA Y EVALUACION NEOM,"89 ENTREVISTA, EVALUACION CONSULTA Y EXAMEN",16. (87 99) PROCEDIMIENTOS DIAGNOSTICOS Y TERAPEUTICOS MISCELANEOS,16. (87 99) PROCEDIMIENTOS DIAGNOSTICOS Y TERAPEUTICOS MISCELANEOS
89.06,INTERCONSULTA LIMITADA,"89 ENTREVISTA, EVALUACION CONSULTA Y EXAMEN",16. (87 99) PROCEDIMIENTOS DIAGNOSTICOS Y TERAPEUTICOS MISCELANEOS,16. (87 99) PROCEDIMIENTOS DIAGNOSTICOS Y TERAPEUTICOS MISCELANEOS
89.07,INTERCONSULTA GLOBAL,"89 ENTREVISTA, EVALUACION CONSULTA Y EXAMEN",16. (87 99) PROCEDIMIENTOS DIAGNOSTICOS Y TERAPEUTICOS MISCELANEOS,16. (87 99) PROCEDIMIENTOS DIAGNOSTICOS Y TERAPEUTICOS MISCELANEOS
89.08,INTERCONSULTA OTRA,"89 ENTREVISTA, EVALUACION CONSULTA Y EXAMEN",16. (87 99) PROCEDIMIENTOS DIAGNOSTICOS Y TERAPEUTICOS MISCELANEOS,16. (87 99) PROCEDIMIENTOS DIAGNOSTICOS Y TERAPEUTICOS MISCELANEOS
89.09,INTERCONSULTA NEOM,"89 ENTREVISTA, EVALUACION CONSULTA Y EXAMEN",16. (87 99) PROCEDIMIENTOS DIAGNOSTICOS Y TERAPEUTICOS MISCELANEOS,16. (87 99) PROCEDIMIENTOS DIAGNOSTICOS Y TERAPEUTICOS MISCELANEOS
89.1,EXAMEN SISTEMA NERVIOSO Y ORGANO SENTIDO,"89 ENTREVISTA, EVALUACION CONSULTA Y EXAMEN",16. (87 99) PROCEDIMIENTOS DIAGNOSTICOS Y TERAPEUTICOS MISCELANEOS,16. (87 99) PROCEDIMIENTOS DIAGNOSTICOS Y TERAPEUTICOS MISCELANEOS
89.10,PRUEBA AMOBARBITAL INTRACAROTIDEO,"89 ENTREVISTA, EVALUACION CONSULTA Y EXAMEN",16. (87 99) PROCEDIMIENTOS DIAGNOSTICOS Y TERAPEUTICOS MISCELANEOS,16. (87 99) PROCEDIMIENTOS DIAGNOSTICOS Y TERAPEUTICOS MISCELANEOS
89.11,TONOMETRIA,"89 ENTREVISTA, EVALUACION CONSULTA Y EXAMEN",16. (87 99) PROCEDIMIENTOS DIAGNOSTICOS Y TERAPEUTICOS MISCELANEOS,16. (87 99) PROCEDIMIENTOS DIAGNOSTICOS Y TERAPEUTICOS MISCELANEOS
89.12,ESTUDIO FUNCION NARIZ,"89 ENTREVISTA, EVALUACION CONSULTA Y EXAMEN",16. (87 99) PROCEDIMIENTOS DIAGNOSTICOS Y TERAPEUTICOS MISCELANEOS,16. (87 99) PROCEDIMIENTOS DIAGNOSTICOS Y TERAPEUTICOS MISCELANEOS
89.13,EXAMEN NEUROLOGICO,"89 ENTREVISTA, EVALUACION CONSULTA Y EXAMEN",16. (87 99) PROCEDIMIENTOS DIAGNOSTICOS Y TERAPEUTICOS MISCELANEOS,16. (87 99) PROCEDIMIENTOS DIAGNOSTICOS Y TERAPEUTICOS MISCELANEOS
89.14,ELECTROENCEFALOGRAFIA,"89 ENTREVISTA, EVALUACION CONSULTA Y EXAMEN",16. (87 99) PROCEDIMIENTOS DIAGNOSTICOS Y TERAPEUTICOS MISCELANEOS,16. (87 99) PROCEDIMIENTOS DIAGNOSTICOS Y TERAPEUTICOS MISCELANEOS
89.15,PRUEBA NEUROLOGICA NO QUIRURGICA OTRA,"89 ENTREVISTA, EVALUACION CONSULTA Y EXAMEN",16. (87 99) PROCEDIMIENTOS DIAGNOSTICOS Y TERAPEUTICOS MISCELANEOS,16. (87 99) PROCEDIMIENTOS DIAGNOSTICOS Y TERAPEUTICOS MISCELANEOS
89.16,TRANSILUMINACION CRANEO NEONATO,"89 ENTREVISTA, EVALUACION CONSULTA Y EXAMEN",16. (87 99) PROCEDIMIENTOS DIAGNOSTICOS Y TERAPEUTICOS MISCELANEOS,16. (87 99) PROCEDIMIENTOS DIAGNOSTICOS Y TERAPEUTICOS MISCELANEOS
89.17,POLISOMNOGRAFIA,"89 ENTREVISTA, EVALUACION CONSULTA Y EXAMEN",16. (87 99) PROCEDIMIENTOS DIAGNOSTICOS Y TERAPEUTICOS MISCELANEOS,16. (87 99) PROCEDIMIENTOS DIAGNOSTICOS Y TERAPEUTICOS MISCELANEOS
89.18,PRUEBA FUNCIONAL TRASTORNO SUEÑO OTRA,"89 ENTREVISTA, EVALUACION CONSULTA Y EXAMEN",16. (87 99) PROCEDIMIENTOS DIAGNOSTICOS Y TERAPEUTICOS MISCELANEOS,16. (87 99) PROCEDIMIENTOS DIAGNOSTICOS Y TERAPEUTICOS MISCELANEOS
89.19,MONITORIZACION ELECTROENCEFALOGRAFICA POR VIDEO Y RADIO,"89 ENTREVISTA, EVALUACION CONSULTA Y EXAMEN",16. (87 99) PROCEDIMIENTOS DIAGNOSTICOS Y TERAPEUTICOS MISCELANEOS,16. (87 99) PROCEDIMIENTOS DIAGNOSTICOS Y TERAPEUTICOS MISCELANEOS
89.2,EXAMEN APARATO GENITOURINARIO,"89 ENTREVISTA, EVALUACION CONSULTA Y EXAMEN",16. (87 99) PROCEDIMIENTOS DIAGNOSTICOS Y TERAPEUTICOS MISCELANEOS,16. (87 99) PROCEDIMIENTOS DIAGNOSTICOS Y TERAPEUTICOS MISCELANEOS
89.21,MANOMETRIA URINARIA,"89 ENTREVISTA, EVALUACION CONSULTA Y EXAMEN",16. (87 99) PROCEDIMIENTOS DIAGNOSTICOS Y TERAPEUTICOS MISCELANEOS,16. (87 99) PROCEDIMIENTOS DIAGNOSTICOS Y TERAPEUTICOS MISCELANEOS
89.22,CISTOMETROGRAMA,"89 ENTREVISTA, EVALUACION CONSULTA Y EXAMEN",16. (87 99) PROCEDIMIENTOS DIAGNOSTICOS Y TERAPEUTICOS MISCELANEOS,16. (87 99) PROCEDIMIENTOS DIAGNOSTICOS Y TERAPEUTICOS MISCELANEOS
89.23,ELECTROMIOGRAFIA ESFINTER URETRA,"89 ENTREVISTA, EVALUACION CONSULTA Y EXAMEN",16. (87 99) PROCEDIMIENTOS DIAGNOSTICOS Y TERAPEUTICOS MISCELANEOS,16. (87 99) PROCEDIMIENTOS DIAGNOSTICOS Y TERAPEUTICOS MISCELANEOS
89.24,UROFLUJOMETRIA [UFR],"89 ENTREVISTA, EVALUACION CONSULTA Y EXAMEN",16. (87 99) PROCEDIMIENTOS DIAGNOSTICOS Y TERAPEUTICOS MISCELANEOS,16. (87 99) PROCEDIMIENTOS DIAGNOSTICOS Y TERAPEUTICOS MISCELANEOS
89.25,PERFIL PRESION URETRA [UPP],"89 ENTREVISTA, EVALUACION CONSULTA Y EXAMEN",16. (87 99) PROCEDIMIENTOS DIAGNOSTICOS Y TERAPEUTICOS MISCELANEOS,16. (87 99) PROCEDIMIENTOS DIAGNOSTICOS Y TERAPEUTICOS MISCELANEOS
89.26,EXAMEN GINECOLOGICO,"89 ENTREVISTA, EVALUACION CONSULTA Y EXAMEN",16. (87 99) PROCEDIMIENTOS DIAGNOSTICOS Y TERAPEUTICOS MISCELANEOS,16. (87 99) PROCEDIMIENTOS DIAGNOSTICOS Y TERAPEUTICOS MISCELANEOS
89.29,EXAMEN APARATO GENITOURINARIO.OTRO,"89 ENTREVISTA, EVALUACION CONSULTA Y EXAMEN",16. (87 99) PROCEDIMIENTOS DIAGNOSTICOS Y TERAPEUTICOS MISCELANEOS,16. (87 99) PROCEDIMIENTOS DIAGNOSTICOS Y TERAPEUTICOS MISCELANEOS
89.3,EXAMEN ANATOMICO Y FISIOLOGICO OTRO,"89 ENTREVISTA, EVALUACION CONSULTA Y EXAMEN",16. (87 99) PROCEDIMIENTOS DIAGNOSTICOS Y TERAPEUTICOS MISCELANEOS,16. (87 99) PROCEDIMIENTOS DIAGNOSTICOS Y TERAPEUTICOS MISCELANEOS
89.31,EXAMEN DIENTE,"89 ENTREVISTA, EVALUACION CONSULTA Y EXAMEN",16. (87 99) PROCEDIMIENTOS DIAGNOSTICOS Y TERAPEUTICOS MISCELANEOS,16. (87 99) PROCEDIMIENTOS DIAGNOSTICOS Y TERAPEUTICOS MISCELANEOS
89.32,MANOMETRIA ESOFAGO,"89 ENTREVISTA, EVALUACION CONSULTA Y EXAMEN",16. (87 99) PROCEDIMIENTOS DIAGNOSTICOS Y TERAPEUTICOS MISCELANEOS,16. (87 99) PROCEDIMIENTOS DIAGNOSTICOS Y TERAPEUTICOS MISCELANEOS
89.33,EXAMEN DIGITAL ENTEROSTOMIA,"89 ENTREVISTA, EVALUACION CONSULTA Y EXAMEN",16. (87 99) PROCEDIMIENTOS DIAGNOSTICOS Y TERAPEUTICOS MISCELANEOS,16. (87 99) PROCEDIMIENTOS DIAGNOSTICOS Y TERAPEUTICOS MISCELANEOS
89.34,EXAMEN DIGITAL RECTO,"89 ENTREVISTA, EVALUACION CONSULTA Y EXAMEN",16. (87 99) PROCEDIMIENTOS DIAGNOSTICOS Y TERAPEUTICOS MISCELANEOS,16. (87 99) PROCEDIMIENTOS DIAGNOSTICOS Y TERAPEUTICOS MISCELANEOS
89.35,TRANSILUMINACION SENO NARIZ,"89 ENTREVISTA, EVALUACION CONSULTA Y EXAMEN",16. (87 99) PROCEDIMIENTOS DIAGNOSTICOS Y TERAPEUTICOS MISCELANEOS,16. (87 99) PROCEDIMIENTOS DIAGNOSTICOS Y TERAPEUTICOS MISCELANEOS
89.36,EXAMEN MANUAL MAMA,"89 ENTREVISTA, EVALUACION CONSULTA Y EXAMEN",16. (87 99) PROCEDIMIENTOS DIAGNOSTICOS Y TERAPEUTICOS MISCELANEOS,16. (87 99) PROCEDIMIENTOS DIAGNOSTICOS Y TERAPEUTICOS MISCELANEOS
89.37,DETERMINACION CAPACIDAD VITAL,"89 ENTREVISTA, EVALUACION CONSULTA Y EXAMEN",16. (87 99) PROCEDIMIENTOS DIAGNOSTICOS Y TERAPEUTICOS MISCELANEOS,16. (87 99) PROCEDIMIENTOS DIAGNOSTICOS Y TERAPEUTICOS MISCELANEOS
89.38,EXAMEN RESPIRATORIO NO QUIRURGICO OTRO,"89 ENTREVISTA, EVALUACION CONSULTA Y EXAMEN",16. (87 99) PROCEDIMIENTOS DIAGNOSTICOS Y TERAPEUTICOS MISCELANEOS,16. (87 99) PROCEDIMIENTOS DIAGNOSTICOS Y TERAPEUTICOS MISCELANEOS
89.39,EXAMEN ANATOMICO Y FISIOLOGICO.OTRO,"89 ENTREVISTA, EVALUACION CONSULTA Y EXAMEN",16. (87 99) PROCEDIMIENTOS DIAGNOSTICOS Y TERAPEUTICOS MISCELANEOS,16. (87 99) PROCEDIMIENTOS DIAGNOSTICOS Y TERAPEUTICOS MISCELANEOS
89.4,PRUEBA ESFUERZO CORAZON Y COMPROBACION MARCAPASOS,"89 ENTREVISTA, EVALUACION CONSULTA Y EXAMEN",16. (87 99) PROCEDIMIENTOS DIAGNOSTICOS Y TERAPEUTICOS MISCELANEOS,16. (87 99) PROCEDIMIENTOS DIAGNOSTICOS Y TERAPEUTICOS MISCELANEOS
89.41,PRUEBA ESFUERZO CORAZON CON CINTA RODANTE,"89 ENTREVISTA, EVALUACION CONSULTA Y EXAMEN",16. (87 99) PROCEDIMIENTOS DIAGNOSTICOS Y TERAPEUTICOS MISCELANEOS,16. (87 99) PROCEDIMIENTOS DIAGNOSTICOS Y TERAPEUTICOS MISCELANEOS
89.42,PRUEBA ESFUERZO CORAZON EN DOS FASES MASTERS,"89 ENTREVISTA, EVALUACION CONSULTA Y EXAMEN",16. (87 99) PROCEDIMIENTOS DIAGNOSTICOS Y TERAPEUTICOS MISCELANEOS,16. (87 99) PROCEDIMIENTOS DIAGNOSTICOS Y TERAPEUTICOS MISCELANEOS
89.43,PRUEBA ESFUERZO CORAZON CON BICICLETA ERGOMETRICA,"89 ENTREVISTA, EVALUACION CONSULTA Y EXAMEN",16. (87 99) PROCEDIMIENTOS DIAGNOSTICOS Y TERAPEUTICOS MISCELANEOS,16. (87 99) PROCEDIMIENTOS DIAGNOSTICOS Y TERAPEUTICOS MISCELANEOS
89.44,PRUEBA ESFUERZO CORAZON OTRA,"89 ENTREVISTA, EVALUACION CONSULTA Y EXAMEN",16. (87 99) PROCEDIMIENTOS DIAGNOSTICOS Y TERAPEUTICOS MISCELANEOS,16. (87 99) PROCEDIMIENTOS DIAGNOSTICOS Y TERAPEUTICOS MISCELANEOS
89.45,COMPROBACION REGIMEN MARCAPASOS CORAZON,"89 ENTREVISTA, EVALUACION CONSULTA Y EXAMEN",16. (87 99) PROCEDIMIENTOS DIAGNOSTICOS Y TERAPEUTICOS MISCELANEOS,16. (87 99) PROCEDIMIENTOS DIAGNOSTICOS Y TERAPEUTICOS MISCELANEOS
89.46,COMPROBACION FORMA ONDA ARTEFACTO MARCAPASOS CORAZON,"89 ENTREVISTA, EVALUACION CONSULTA Y EXAMEN",16. (87 99) PROCEDIMIENTOS DIAGNOSTICOS Y TERAPEUTICOS MISCELANEOS,16. (87 99) PROCEDIMIENTOS DIAGNOSTICOS Y TERAPEUTICOS MISCELANEOS
89.47,COMPROBACION IMPEDANCIA ELECTRODO MARCAPASOS CORAZON,"89 ENTREVISTA, EVALUACION CONSULTA Y EXAMEN",16. (87 99) PROCEDIMIENTOS DIAGNOSTICOS Y TERAPEUTICOS MISCELANEOS,16. (87 99) PROCEDIMIENTOS DIAGNOSTICOS Y TERAPEUTICOS MISCELANEOS
89.48,COMPROBACION UMBRAL TESION O AMPERAJE MARCAPASOS CORAZON,"89 ENTREVISTA, EVALUACION CONSULTA Y EXAMEN",16. (87 99) PROCEDIMIENTOS DIAGNOSTICOS Y TERAPEUTICOS MISCELANEOS,16. (87 99) PROCEDIMIENTOS DIAGNOSTICOS Y TERAPEUTICOS MISCELANEOS
89.49,REVISION CARDIOVERSOR/DESFIBRILADOR AUTOMATICO IMPLANTABLE,"89 ENTREVISTA, EVALUACION CONSULTA Y EXAMEN",16. (87 99) PROCEDIMIENTOS DIAGNOSTICOS Y TERAPEUTICOS MISCELANEOS,16. (87 99) PROCEDIMIENTOS DIAGNOSTICOS Y TERAPEUTICOS MISCELANEOS
89.5,EXAMEN CORAZON Y VASO NO QUIRURGICO OTRO,"89 ENTREVISTA, EVALUACION CONSULTA Y EXAMEN",16. (87 99) PROCEDIMIENTOS DIAGNOSTICOS Y TERAPEUTICOS MISCELANEOS,16. (87 99) PROCEDIMIENTOS DIAGNOSTICOS Y TERAPEUTICOS MISCELANEOS
89.50,MONITORIZACION CORAZON AMBULATORIA,"89 ENTREVISTA, EVALUACION CONSULTA Y EXAMEN",16. (87 99) PROCEDIMIENTOS DIAGNOSTICOS Y TERAPEUTICOS MISCELANEOS,16. (87 99) PROCEDIMIENTOS DIAGNOSTICOS Y TERAPEUTICOS MISCELANEOS
89.51,ELECTROCARDIOGRAFIA DE RITMO,"89 ENTREVISTA, EVALUACION CONSULTA Y EXAMEN",16. (87 99) PROCEDIMIENTOS DIAGNOSTICOS Y TERAPEUTICOS MISCELANEOS,16. (87 99) PROCEDIMIENTOS DIAGNOSTICOS Y TERAPEUTICOS MISCELANEOS
89.52,ELECTROCARDIOGRAFIA,"89 ENTREVISTA, EVALUACION CONSULTA Y EXAMEN",16. (87 99) PROCEDIMIENTOS DIAGNOSTICOS Y TERAPEUTICOS MISCELANEOS,16. (87 99) PROCEDIMIENTOS DIAGNOSTICOS Y TERAPEUTICOS MISCELANEOS
89.53,VECTORCARDIOGRAFIA,"89 ENTREVISTA, EVALUACION CONSULTA Y EXAMEN",16. (87 99) PROCEDIMIENTOS DIAGNOSTICOS Y TERAPEUTICOS MISCELANEOS,16. (87 99) PROCEDIMIENTOS DIAGNOSTICOS Y TERAPEUTICOS MISCELANEOS
89.54,MONITORIZACION ELECTROCARDIOGRAFICA,"89 ENTREVISTA, EVALUACION CONSULTA Y EXAMEN",16. (87 99) PROCEDIMIENTOS DIAGNOSTICOS Y TERAPEUTICOS MISCELANEOS,16. (87 99) PROCEDIMIENTOS DIAGNOSTICOS Y TERAPEUTICOS MISCELANEOS
89.55,FONOCARDIOGRAFIA,"89 ENTREVISTA, EVALUACION CONSULTA Y EXAMEN",16. (87 99) PROCEDIMIENTOS DIAGNOSTICOS Y TERAPEUTICOS MISCELANEOS,16. (87 99) PROCEDIMIENTOS DIAGNOSTICOS Y TERAPEUTICOS MISCELANEOS
89.56,DETECCION PULSO CAROTIDEO,"89 ENTREVISTA, EVALUACION CONSULTA Y EXAMEN",16. (87 99) PROCEDIMIENTOS DIAGNOSTICOS Y TERAPEUTICOS MISCELANEOS,16. (87 99) PROCEDIMIENTOS DIAGNOSTICOS Y TERAPEUTICOS MISCELANEOS
89.57,APEXCARDIOGRAFIA,"89 ENTREVISTA, EVALUACION CONSULTA Y EXAMEN",16. (87 99) PROCEDIMIENTOS DIAGNOSTICOS Y TERAPEUTICOS MISCELANEOS,16. (87 99) PROCEDIMIENTOS DIAGNOSTICOS Y TERAPEUTICOS MISCELANEOS
89.58,PLETISMOGRAFIA,"89 ENTREVISTA, EVALUACION CONSULTA Y EXAMEN",16. (87 99) PROCEDIMIENTOS DIAGNOSTICOS Y TERAPEUTICOS MISCELANEOS,16. (87 99) PROCEDIMIENTOS DIAGNOSTICOS Y TERAPEUTICOS MISCELANEOS
89.59,EXAMEN CORAZON Y VASO NO QUIRURGICO.OTRO,"89 ENTREVISTA, EVALUACION CONSULTA Y EXAMEN",16. (87 99) PROCEDIMIENTOS DIAGNOSTICOS Y TERAPEUTICOS MISCELANEOS,16. (87 99) PROCEDIMIENTOS DIAGNOSTICOS Y TERAPEUTICOS MISCELANEOS
89.6,MONITORIZACION CIRCULATORIA,"89 ENTREVISTA, EVALUACION CONSULTA Y EXAMEN",16. (87 99) PROCEDIMIENTOS DIAGNOSTICOS Y TERAPEUTICOS MISCELANEOS,16. (87 99) PROCEDIMIENTOS DIAGNOSTICOS Y TERAPEUTICOS MISCELANEOS
89.60,MONITORIZACION INTRAARTERIAL GASES SANGRE CONTINUA,"89 ENTREVISTA, EVALUACION CONSULTA Y EXAMEN",16. (87 99) PROCEDIMIENTOS DIAGNOSTICOS Y TERAPEUTICOS MISCELANEOS,16. (87 99) PROCEDIMIENTOS DIAGNOSTICOS Y TERAPEUTICOS MISCELANEOS
89.61,MONITORIZACION PRESION ARTERIAL SISTEMICA,"89 ENTREVISTA, EVALUACION CONSULTA Y EXAMEN",16. (87 99) PROCEDIMIENTOS DIAGNOSTICOS Y TERAPEUTICOS MISCELANEOS,16. (87 99) PROCEDIMIENTOS DIAGNOSTICOS Y TERAPEUTICOS MISCELANEOS
89.62,MONITORIZACION PRESION VENOSA CENTRAL,"89 ENTREVISTA, EVALUACION CONSULTA Y EXAMEN",16. (87 99) PROCEDIMIENTOS DIAGNOSTICOS Y TERAPEUTICOS MISCELANEOS,16. (87 99) PROCEDIMIENTOS DIAGNOSTICOS Y TERAPEUTICOS MISCELANEOS
89.63,MONITORIZACION PRESION ARTERIA PULMONAR,"89 ENTREVISTA, EVALUACION CONSULTA Y EXAMEN",16. (87 99) PROCEDIMIENTOS DIAGNOSTICOS Y TERAPEUTICOS MISCELANEOS,16. (87 99) PROCEDIMIENTOS DIAGNOSTICOS Y TERAPEUTICOS MISCELANEOS
89.64,MONITORIZACION PRESION ENCLAVAMIENTO ARTERIA PULMONAR,"89 ENTREVISTA, EVALUACION CONSULTA Y EXAMEN",16. (87 99) PROCEDIMIENTOS DIAGNOSTICOS Y TERAPEUTICOS MISCELANEOS,16. (87 99) PROCEDIMIENTOS DIAGNOSTICOS Y TERAPEUTICOS MISCELANEOS
89.65,GASOMETRIA ARTERIA,"89 ENTREVISTA, EVALUACION CONSULTA Y EXAMEN",16. (87 99) PROCEDIMIENTOS DIAGNOSTICOS Y TERAPEUTICOS MISCELANEOS,16. (87 99) PROCEDIMIENTOS DIAGNOSTICOS Y TERAPEUTICOS MISCELANEOS
89.66,GASOMETRIA VENA,"89 ENTREVISTA, EVALUACION CONSULTA Y EXAMEN",16. (87 99) PROCEDIMIENTOS DIAGNOSTICOS Y TERAPEUTICOS MISCELANEOS,16. (87 99) PROCEDIMIENTOS DIAGNOSTICOS Y TERAPEUTICOS MISCELANEOS
89.67,MONITORIZACION GASTO CORAZON POR CONSUMO OXIGENO,"89 ENTREVISTA, EVALUACION CONSULTA Y EXAMEN",16. (87 99) PROCEDIMIENTOS DIAGNOSTICOS Y TERAPEUTICOS MISCELANEOS,16. (87 99) PROCEDIMIENTOS DIAGNOSTICOS Y TERAPEUTICOS MISCELANEOS
89.68,MONITORIZACION GASTO CORAZON POR TERMODILUCION,"89 ENTREVISTA, EVALUACION CONSULTA Y EXAMEN",16. (87 99) PROCEDIMIENTOS DIAGNOSTICOS Y TERAPEUTICOS MISCELANEOS,16. (87 99) PROCEDIMIENTOS DIAGNOSTICOS Y TERAPEUTICOS MISCELANEOS
89.69,MONITORIZACION FLUJO SANGUINEO CORONARIO,"89 ENTREVISTA, EVALUACION CONSULTA Y EXAMEN",16. (87 99) PROCEDIMIENTOS DIAGNOSTICOS Y TERAPEUTICOS MISCELANEOS,16. (87 99) PROCEDIMIENTOS DIAGNOSTICOS Y TERAPEUTICOS MISCELANEOS
89.7,EXAMEN FISICO GENERAL,"89 ENTREVISTA, EVALUACION CONSULTA Y EXAMEN",16. (87 99) PROCEDIMIENTOS DIAGNOSTICOS Y TERAPEUTICOS MISCELANEOS,16. (87 99) PROCEDIMIENTOS DIAGNOSTICOS Y TERAPEUTICOS MISCELANEOS
89.8,AUTOPSIA,"89 ENTREVISTA, EVALUACION CONSULTA Y EXAMEN",16. (87 99) PROCEDIMIENTOS DIAGNOSTICOS Y TERAPEUTICOS MISCELANEOS,16. (87 99) PROCEDIMIENTOS DIAGNOSTICOS Y TERAPEUTICOS MISCELANEOS
90,EXAMEN MICROSCOPICO I,90 EXAMEN MICROSCOPICO I,16. (87 99) PROCEDIMIENTOS DIAGNOSTICOS Y TERAPEUTICOS MISCELANEOS,16. (87 99) PROCEDIMIENTOS DIAGNOSTICOS Y TERAPEUTICOS MISCELANEOS
90.0,EXAMEN MICROSCOPICO SISTEMA NERVIOSO,90 EXAMEN MICROSCOPICO I,16. (87 99) PROCEDIMIENTOS DIAGNOSTICOS Y TERAPEUTICOS MISCELANEOS,16. (87 99) PROCEDIMIENTOS DIAGNOSTICOS Y TERAPEUTICOS MISCELANEOS
90.01,EXAMEN MICROSCOPICO SISTEMA NERVIOSO.FROTIS BACTERIANO,90 EXAMEN MICROSCOPICO I,16. (87 99) PROCEDIMIENTOS DIAGNOSTICOS Y TERAPEUTICOS MISCELANEOS,16. (87 99) PROCEDIMIENTOS DIAGNOSTICOS Y TERAPEUTICOS MISCELANEOS
90.02,EXAMEN MICROSCOPICO SISTEMA NERVIOSO.CULTIVO,90 EXAMEN MICROSCOPICO I,16. (87 99) PROCEDIMIENTOS DIAGNOSTICOS Y TERAPEUTICOS MISCELANEOS,16. (87 99) PROCEDIMIENTOS DIAGNOSTICOS Y TERAPEUTICOS MISCELANEOS
90.03,EXAMEN MICROSCOPICO SISTEMA NERVIOSO.CULTIVO Y SENSIBILIDAD,90 EXAMEN MICROSCOPICO I,16. (87 99) PROCEDIMIENTOS DIAGNOSTICOS Y TERAPEUTICOS MISCELANEOS,16. (87 99) PROCEDIMIENTOS DIAGNOSTICOS Y TERAPEUTICOS MISCELANEOS
90.04,EXAMEN MICROSCOPICO SISTEMA NERVIOSO.PARASITOLOGIA,90 EXAMEN MICROSCOPICO I,16. (87 99) PROCEDIMIENTOS DIAGNOSTICOS Y TERAPEUTICOS MISCELANEOS,16. (87 99) PROCEDIMIENTOS DIAGNOSTICOS Y TERAPEUTICOS MISCELANEOS
90.05,EXAMEN MICROSCOPICO SISTEMA NERVIOSO.TOXICOLOGIA,90 EXAMEN MICROSCOPICO I,16. (87 99) PROCEDIMIENTOS DIAGNOSTICOS Y TERAPEUTICOS MISCELANEOS,16. (87 99) PROCEDIMIENTOS DIAGNOSTICOS Y TERAPEUTICOS MISCELANEOS
90.06,EXAMEN MICROSCOPICO SISTEMA NERVIOSO.FROTIS PAPANICOLAU,90 EXAMEN MICROSCOPICO I,16. (87 99) PROCEDIMIENTOS DIAGNOSTICOS Y TERAPEUTICOS MISCELANEOS,16. (87 99) PROCEDIMIENTOS DIAGNOSTICOS Y TERAPEUTICOS MISCELANEOS
90.09,EXAMEN MICROSCOPICO SISTEMA NERVIOSO.OTRO,90 EXAMEN MICROSCOPICO I,16. (87 99) PROCEDIMIENTOS DIAGNOSTICOS Y TERAPEUTICOS MISCELANEOS,16. (87 99) PROCEDIMIENTOS DIAGNOSTICOS Y TERAPEUTICOS MISCELANEOS
90.1,EXAMEN MICROSCOPICO GLANDULA ENDOCRINA,90 EXAMEN MICROSCOPICO I,16. (87 99) PROCEDIMIENTOS DIAGNOSTICOS Y TERAPEUTICOS MISCELANEOS,16. (87 99) PROCEDIMIENTOS DIAGNOSTICOS Y TERAPEUTICOS MISCELANEOS
90.11,EXAMEN MICROSCOPICO GLANDULA ENDOCRINA.FROTIS BACTERIANO,90 EXAMEN MICROSCOPICO I,16. (87 99) PROCEDIMIENTOS DIAGNOSTICOS Y TERAPEUTICOS MISCELANEOS,16. (87 99) PROCEDIMIENTOS DIAGNOSTICOS Y TERAPEUTICOS MISCELANEOS
90.12,EXAMEN MICROSCOPICO GLANDULA ENDOCRINA.CULTIVO,90 EXAMEN MICROSCOPICO I,16. (87 99) PROCEDIMIENTOS DIAGNOSTICOS Y TERAPEUTICOS MISCELANEOS,16. (87 99) PROCEDIMIENTOS DIAGNOSTICOS Y TERAPEUTICOS MISCELANEOS
90.13,EXAMEN MICROSCOPICO GLANDULA ENDOCRINA.CULTIVO Y SENSIBILIDAD,90 EXAMEN MICROSCOPICO I,16. (87 99) PROCEDIMIENTOS DIAGNOSTICOS Y TERAPEUTICOS MISCELANEOS,16. (87 99) PROCEDIMIENTOS DIAGNOSTICOS Y TERAPEUTICOS MISCELANEOS
90.14,EXAMEN MICROSCOPICO GLANDULA ENDOCRINA.PARASITOLOGIA,90 EXAMEN MICROSCOPICO I,16. (87 99) PROCEDIMIENTOS DIAGNOSTICOS Y TERAPEUTICOS MISCELANEOS,16. (87 99) PROCEDIMIENTOS DIAGNOSTICOS Y TERAPEUTICOS MISCELANEOS
90.15,EXAMEN MICROSCOPICO GLANDULA ENDOCRINA.TOXICOLOGIA,90 EXAMEN MICROSCOPICO I,16. (87 99) PROCEDIMIENTOS DIAGNOSTICOS Y TERAPEUTICOS MISCELANEOS,16. (87 99) PROCEDIMIENTOS DIAGNOSTICOS Y TERAPEUTICOS MISCELANEOS
90.16,EXAMEN MICROSCOPICO GLANDULA ENDOCRINA.FROTIS PAPANICOLAU,90 EXAMEN MICROSCOPICO I,16. (87 99) PROCEDIMIENTOS DIAGNOSTICOS Y TERAPEUTICOS MISCELANEOS,16. (87 99) PROCEDIMIENTOS DIAGNOSTICOS Y TERAPEUTICOS MISCELANEOS
90.19,EXAMEN MICROSCOPICO GLANDULA ENDOCRINA.OTRO,90 EXAMEN MICROSCOPICO I,16. (87 99) PROCEDIMIENTOS DIAGNOSTICOS Y TERAPEUTICOS MISCELANEOS,16. (87 99) PROCEDIMIENTOS DIAGNOSTICOS Y TERAPEUTICOS MISCELANEOS
90.2,EXAMEN MICROSCOPICO OJO,90 EXAMEN MICROSCOPICO I,16. (87 99) PROCEDIMIENTOS DIAGNOSTICOS Y TERAPEUTICOS MISCELANEOS,16. (87 99) PROCEDIMIENTOS DIAGNOSTICOS Y TERAPEUTICOS MISCELANEOS
90.21,EXAMEN MICROSCOPICO OJO.FROTIS BACTERIANO,90 EXAMEN MICROSCOPICO I,16. (87 99) PROCEDIMIENTOS DIAGNOSTICOS Y TERAPEUTICOS MISCELANEOS,16. (87 99) PROCEDIMIENTOS DIAGNOSTICOS Y TERAPEUTICOS MISCELANEOS
90.22,EXAMEN MICROSCOPICO OJO.CULTIVO,90 EXAMEN MICROSCOPICO I,16. (87 99) PROCEDIMIENTOS DIAGNOSTICOS Y TERAPEUTICOS MISCELANEOS,16. (87 99) PROCEDIMIENTOS DIAGNOSTICOS Y TERAPEUTICOS MISCELANEOS
90.23,EXAMEN MICROSCOPICO OJO.CULTIVO Y SENSIBILIDAD,90 EXAMEN MICROSCOPICO I,16. (87 99) PROCEDIMIENTOS DIAGNOSTICOS Y TERAPEUTICOS MISCELANEOS,16. (87 99) PROCEDIMIENTOS DIAGNOSTICOS Y TERAPEUTICOS MISCELANEOS
90.24,EXAMEN MICROSCOPICO OJO.PARASITOLOGIA,90 EXAMEN MICROSCOPICO I,16. (87 99) PROCEDIMIENTOS DIAGNOSTICOS Y TERAPEUTICOS MISCELANEOS,16. (87 99) PROCEDIMIENTOS DIAGNOSTICOS Y TERAPEUTICOS MISCELANEOS
90.25,EXAMEN MICROSCOPICO OJO.TOXICOLOGIA,90 EXAMEN MICROSCOPICO I,16. (87 99) PROCEDIMIENTOS DIAGNOSTICOS Y TERAPEUTICOS MISCELANEOS,16. (87 99) PROCEDIMIENTOS DIAGNOSTICOS Y TERAPEUTICOS MISCELANEOS
90.26,EXAMEN MICROSCOPICO OJO.FROTIS PAPANICOLAU,90 EXAMEN MICROSCOPICO I,16. (87 99) PROCEDIMIENTOS DIAGNOSTICOS Y TERAPEUTICOS MISCELANEOS,16. (87 99) PROCEDIMIENTOS DIAGNOSTICOS Y TERAPEUTICOS MISCELANEOS
90.29,EXAMEN MICROSCOPICO OJO.OTRO,90 EXAMEN MICROSCOPICO I,16. (87 99) PROCEDIMIENTOS DIAGNOSTICOS Y TERAPEUTICOS MISCELANEOS,16. (87 99) PROCEDIMIENTOS DIAGNOSTICOS Y TERAPEUTICOS MISCELANEOS
90.3,EXAMEN MICROSCOPICO ORL,90 EXAMEN MICROSCOPICO I,16. (87 99) PROCEDIMIENTOS DIAGNOSTICOS Y TERAPEUTICOS MISCELANEOS,16. (87 99) PROCEDIMIENTOS DIAGNOSTICOS Y TERAPEUTICOS MISCELANEOS
90.31,EXAMEN MICROSCOPICO ORL.FROTIS BACTERIANO,90 EXAMEN MICROSCOPICO I,16. (87 99) PROCEDIMIENTOS DIAGNOSTICOS Y TERAPEUTICOS MISCELANEOS,16. (87 99) PROCEDIMIENTOS DIAGNOSTICOS Y TERAPEUTICOS MISCELANEOS
90.32,EXAMEN MICROSCOPICO ORL.CULTIVO,90 EXAMEN MICROSCOPICO I,16. (87 99) PROCEDIMIENTOS DIAGNOSTICOS Y TERAPEUTICOS MISCELANEOS,16. (87 99) PROCEDIMIENTOS DIAGNOSTICOS Y TERAPEUTICOS MISCELANEOS
90.33,EXAMEN MICROSCOPICO ORL.CULTIVO Y SENSIBILIDAD,90 EXAMEN MICROSCOPICO I,16. (87 99) PROCEDIMIENTOS DIAGNOSTICOS Y TERAPEUTICOS MISCELANEOS,16. (87 99) PROCEDIMIENTOS DIAGNOSTICOS Y TERAPEUTICOS MISCELANEOS
90.34,EXAMEN MICROSCOPICO ORL.PARASITOLOGIA,90 EXAMEN MICROSCOPICO I,16. (87 99) PROCEDIMIENTOS DIAGNOSTICOS Y TERAPEUTICOS MISCELANEOS,16. (87 99) PROCEDIMIENTOS DIAGNOSTICOS Y TERAPEUTICOS MISCELANEOS
90.35,EXAMEN MICROSCOPICO ORL.TOXICOLOGIA,90 EXAMEN MICROSCOPICO I,16. (87 99) PROCEDIMIENTOS DIAGNOSTICOS Y TERAPEUTICOS MISCELANEOS,16. (87 99) PROCEDIMIENTOS DIAGNOSTICOS Y TERAPEUTICOS MISCELANEOS
90.36,EXAMEN MICROSCOPICO ORL.FROTIS PAPANICOLAU,90 EXAMEN MICROSCOPICO I,16. (87 99) PROCEDIMIENTOS DIAGNOSTICOS Y TERAPEUTICOS MISCELANEOS,16. (87 99) PROCEDIMIENTOS DIAGNOSTICOS Y TERAPEUTICOS MISCELANEOS
90.39,EXAMEN MICROSCOPICO ORL.OTRO,90 EXAMEN MICROSCOPICO I,16. (87 99) PROCEDIMIENTOS DIAGNOSTICOS Y TERAPEUTICOS MISCELANEOS,16. (87 99) PROCEDIMIENTOS DIAGNOSTICOS Y TERAPEUTICOS MISCELANEOS
90.4,EXAMEN MICROSCOPICO RESPIRATORIO,90 EXAMEN MICROSCOPICO I,16. (87 99) PROCEDIMIENTOS DIAGNOSTICOS Y TERAPEUTICOS MISCELANEOS,16. (87 99) PROCEDIMIENTOS DIAGNOSTICOS Y TERAPEUTICOS MISCELANEOS
90.41,EXAMEN MICROSCOPICO RESPIRATORIO.FROTIS BACTERIANO,90 EXAMEN MICROSCOPICO I,16. (87 99) PROCEDIMIENTOS DIAGNOSTICOS Y TERAPEUTICOS MISCELANEOS,16. (87 99) PROCEDIMIENTOS DIAGNOSTICOS Y TERAPEUTICOS MISCELANEOS
90.42,EXAMEN MICROSCOPICO RESPIRATORIO.CULTIVO,90 EXAMEN MICROSCOPICO I,16. (87 99) PROCEDIMIENTOS DIAGNOSTICOS Y TERAPEUTICOS MISCELANEOS,16. (87 99) PROCEDIMIENTOS DIAGNOSTICOS Y TERAPEUTICOS MISCELANEOS
90.43,EXAMEN MICROSCOPICO RESPIRATORIO.CULTIVO Y SENSIBILIDAD,90 EXAMEN MICROSCOPICO I,16. (87 99) PROCEDIMIENTOS DIAGNOSTICOS Y TERAPEUTICOS MISCELANEOS,16. (87 99) PROCEDIMIENTOS DIAGNOSTICOS Y TERAPEUTICOS MISCELANEOS
90.44,EXAMEN MICROSCOPICO RESPIRATORIO.PARASITOLOGIA,90 EXAMEN MICROSCOPICO I,16. (87 99) PROCEDIMIENTOS DIAGNOSTICOS Y TERAPEUTICOS MISCELANEOS,16. (87 99) PROCEDIMIENTOS DIAGNOSTICOS Y TERAPEUTICOS MISCELANEOS
90.45,EXAMEN MICROSCOPICO RESPIRATORIO.TOXICOLOGIA,90 EXAMEN MICROSCOPICO I,16. (87 99) PROCEDIMIENTOS DIAGNOSTICOS Y TERAPEUTICOS MISCELANEOS,16. (87 99) PROCEDIMIENTOS DIAGNOSTICOS Y TERAPEUTICOS MISCELANEOS
90.46,EXAMEN MICROSCOPICO RESPIRATORIO.FROTIS PAPANICOLAU,90 EXAMEN MICROSCOPICO I,16. (87 99) PROCEDIMIENTOS DIAGNOSTICOS Y TERAPEUTICOS MISCELANEOS,16. (87 99) PROCEDIMIENTOS DIAGNOSTICOS Y TERAPEUTICOS MISCELANEOS
90.49,EXAMEN MICROSCOPICO RESPIRATORIO.OTRO,90 EXAMEN MICROSCOPICO I,16. (87 99) PROCEDIMIENTOS DIAGNOSTICOS Y TERAPEUTICOS MISCELANEOS,16. (87 99) PROCEDIMIENTOS DIAGNOSTICOS Y TERAPEUTICOS MISCELANEOS
90.5,EXAMEN MICROSCOPICO SANGRE,90 EXAMEN MICROSCOPICO I,16. (87 99) PROCEDIMIENTOS DIAGNOSTICOS Y TERAPEUTICOS MISCELANEOS,16. (87 99) PROCEDIMIENTOS DIAGNOSTICOS Y TERAPEUTICOS MISCELANEOS
90.51,EXAMEN MICROSCOPICO SANGRE.FROTIS BACTERIANO,90 EXAMEN MICROSCOPICO I,16. (87 99) PROCEDIMIENTOS DIAGNOSTICOS Y TERAPEUTICOS MISCELANEOS,16. (87 99) PROCEDIMIENTOS DIAGNOSTICOS Y TERAPEUTICOS MISCELANEOS
90.52,EXAMEN MICROSCOPICO SANGRE.CULTIVO,90 EXAMEN MICROSCOPICO I,16. (87 99) PROCEDIMIENTOS DIAGNOSTICOS Y TERAPEUTICOS MISCELANEOS,16. (87 99) PROCEDIMIENTOS DIAGNOSTICOS Y TERAPEUTICOS MISCELANEOS
90.53,EXAMEN MICROSCOPICO SANGRE.CULTIVO Y SENSIBILIDAD,90 EXAMEN MICROSCOPICO I,16. (87 99) PROCEDIMIENTOS DIAGNOSTICOS Y TERAPEUTICOS MISCELANEOS,16. (87 99) PROCEDIMIENTOS DIAGNOSTICOS Y TERAPEUTICOS MISCELANEOS
90.54,EXAMEN MICROSCOPICO SANGRE.PARASITOLOGIA,90 EXAMEN MICROSCOPICO I,16. (87 99) PROCEDIMIENTOS DIAGNOSTICOS Y TERAPEUTICOS MISCELANEOS,16. (87 99) PROCEDIMIENTOS DIAGNOSTICOS Y TERAPEUTICOS MISCELANEOS
90.55,EXAMEN MICROSCOPICO SANGRE.TOXICOLOGIA,90 EXAMEN MICROSCOPICO I,16. (87 99) PROCEDIMIENTOS DIAGNOSTICOS Y TERAPEUTICOS MISCELANEOS,16. (87 99) PROCEDIMIENTOS DIAGNOSTICOS Y TERAPEUTICOS MISCELANEOS
90.56,EXAMEN MICROSCOPICO SANGRE.FROTIS PAPANICOLAU,90 EXAMEN MICROSCOPICO I,16. (87 99) PROCEDIMIENTOS DIAGNOSTICOS Y TERAPEUTICOS MISCELANEOS,16. (87 99) PROCEDIMIENTOS DIAGNOSTICOS Y TERAPEUTICOS MISCELANEOS
90.59,EXAMEN MICROSCOPICO SANGRE.OTRO,90 EXAMEN MICROSCOPICO I,16. (87 99) PROCEDIMIENTOS DIAGNOSTICOS Y TERAPEUTICOS MISCELANEOS,16. (87 99) PROCEDIMIENTOS DIAGNOSTICOS Y TERAPEUTICOS MISCELANEOS
90.6,EXAMEN MICROSCOPICO BAZO Y MEDULA OSEA,90 EXAMEN MICROSCOPICO I,16. (87 99) PROCEDIMIENTOS DIAGNOSTICOS Y TERAPEUTICOS MISCELANEOS,16. (87 99) PROCEDIMIENTOS DIAGNOSTICOS Y TERAPEUTICOS MISCELANEOS
90.61,EXAMEN MICROSCOPICO BAZO Y MEDULA OSEA.FROTIS BACTERIANO,90 EXAMEN MICROSCOPICO I,16. (87 99) PROCEDIMIENTOS DIAGNOSTICOS Y TERAPEUTICOS MISCELANEOS,16. (87 99) PROCEDIMIENTOS DIAGNOSTICOS Y TERAPEUTICOS MISCELANEOS
90.62,EXAMEN MICROSCOPICO BAZO Y MEDULA OSEA.CULTIVO,90 EXAMEN MICROSCOPICO I,16. (87 99) PROCEDIMIENTOS DIAGNOSTICOS Y TERAPEUTICOS MISCELANEOS,16. (87 99) PROCEDIMIENTOS DIAGNOSTICOS Y TERAPEUTICOS MISCELANEOS
90.63,EXAMEN MICROSCOPICO BAZO Y MEDULA OSEA.CULTIVO Y SENSIBILIDAD,90 EXAMEN MICROSCOPICO I,16. (87 99) PROCEDIMIENTOS DIAGNOSTICOS Y TERAPEUTICOS MISCELANEOS,16. (87 99) PROCEDIMIENTOS DIAGNOSTICOS Y TERAPEUTICOS MISCELANEOS
90.64,EXAMEN MICROSCOPICO BAZO Y MEDULA OSEA.PARASITOLOGIA,90 EXAMEN MICROSCOPICO I,16. (87 99) PROCEDIMIENTOS DIAGNOSTICOS Y TERAPEUTICOS MISCELANEOS,16. (87 99) PROCEDIMIENTOS DIAGNOSTICOS Y TERAPEUTICOS MISCELANEOS
90.65,EXAMEN MICROSCOPICO BAZO Y MEDULA OSEA.TOXICOLOGIA,90 EXAMEN MICROSCOPICO I,16. (87 99) PROCEDIMIENTOS DIAGNOSTICOS Y TERAPEUTICOS MISCELANEOS,16. (87 99) PROCEDIMIENTOS DIAGNOSTICOS Y TERAPEUTICOS MISCELANEOS
90.66,EXAMEN MICROSCOPICO BAZO Y MEDULA OSEA.FROTIS PAPANICOLAU,90 EXAMEN MICROSCOPICO I,16. (87 99) PROCEDIMIENTOS DIAGNOSTICOS Y TERAPEUTICOS MISCELANEOS,16. (87 99) PROCEDIMIENTOS DIAGNOSTICOS Y TERAPEUTICOS MISCELANEOS
90.69,EXAMEN MICROSCOPICO BAZO Y MEDULA OSEA.OTRO,90 EXAMEN MICROSCOPICO I,16. (87 99) PROCEDIMIENTOS DIAGNOSTICOS Y TERAPEUTICOS MISCELANEOS,16. (87 99) PROCEDIMIENTOS DIAGNOSTICOS Y TERAPEUTICOS MISCELANEOS
90.7,EXAMEN MICROSCOPICO SISTEMA LINFATICO,90 EXAMEN MICROSCOPICO I,16. (87 99) PROCEDIMIENTOS DIAGNOSTICOS Y TERAPEUTICOS MISCELANEOS,16. (87 99) PROCEDIMIENTOS DIAGNOSTICOS Y TERAPEUTICOS MISCELANEOS
90.71,EXAMEN MICROSCOPICO SISTEMA LINFATICO.FROTIS BACTERIANO,90 EXAMEN MICROSCOPICO I,16. (87 99) PROCEDIMIENTOS DIAGNOSTICOS Y TERAPEUTICOS MISCELANEOS,16. (87 99) PROCEDIMIENTOS DIAGNOSTICOS Y TERAPEUTICOS MISCELANEOS
90.72,EXAMEN MICROSCOPICO SISTEMA LINFATICO.CULTIVO,90 EXAMEN MICROSCOPICO I,16. (87 99) PROCEDIMIENTOS DIAGNOSTICOS Y TERAPEUTICOS MISCELANEOS,16. (87 99) PROCEDIMIENTOS DIAGNOSTICOS Y TERAPEUTICOS MISCELANEOS
90.73,EXAMEN MICROSCOPICO SISTEMA LINFATICO.CULTIVO Y SENSIBILIDAD,90 EXAMEN MICROSCOPICO I,16. (87 99) PROCEDIMIENTOS DIAGNOSTICOS Y TERAPEUTICOS MISCELANEOS,16. (87 99) PROCEDIMIENTOS DIAGNOSTICOS Y TERAPEUTICOS MISCELANEOS
90.74,EXAMEN MICROSCOPICO SISTEMA LINFATICO.PARASITOLOGIA,90 EXAMEN MICROSCOPICO I,16. (87 99) PROCEDIMIENTOS DIAGNOSTICOS Y TERAPEUTICOS MISCELANEOS,16. (87 99) PROCEDIMIENTOS DIAGNOSTICOS Y TERAPEUTICOS MISCELANEOS
90.75,EXAMEN MICROSCOPICO SISTEMA LINFATICO.TOXICOLOGIA,90 EXAMEN MICROSCOPICO I,16. (87 99) PROCEDIMIENTOS DIAGNOSTICOS Y TERAPEUTICOS MISCELANEOS,16. (87 99) PROCEDIMIENTOS DIAGNOSTICOS Y TERAPEUTICOS MISCELANEOS
90.76,EXAMEN MICROSCOPICO SISTEMA LINFATICO.FROTIS PAPANICOLAU,90 EXAMEN MICROSCOPICO I,16. (87 99) PROCEDIMIENTOS DIAGNOSTICOS Y TERAPEUTICOS MISCELANEOS,16. (87 99) PROCEDIMIENTOS DIAGNOSTICOS Y TERAPEUTICOS MISCELANEOS
90.79,EXAMEN MICROSCOPICO SISTEMA LINFATICO.OTRO,90 EXAMEN MICROSCOPICO I,16. (87 99) PROCEDIMIENTOS DIAGNOSTICOS Y TERAPEUTICOS MISCELANEOS,16. (87 99) PROCEDIMIENTOS DIAGNOSTICOS Y TERAPEUTICOS MISCELANEOS
90.8,EXAMEN MICROSCOPICO DIGESTIVO SUPERIOR Y VOMITO,90 EXAMEN MICROSCOPICO I,16. (87 99) PROCEDIMIENTOS DIAGNOSTICOS Y TERAPEUTICOS MISCELANEOS,16. (87 99) PROCEDIMIENTOS DIAGNOSTICOS Y TERAPEUTICOS MISCELANEOS
90.81,EXAMEN MICROSCOPICO DIGESTIVO SUPERIOR.FROTIS BACTERIANO,90 EXAMEN MICROSCOPICO I,16. (87 99) PROCEDIMIENTOS DIAGNOSTICOS Y TERAPEUTICOS MISCELANEOS,16. (87 99) PROCEDIMIENTOS DIAGNOSTICOS Y TERAPEUTICOS MISCELANEOS
90.82,EXAMEN MICROSCOPICO DIGESTIVO SUPERIOR.CULTIVO,90 EXAMEN MICROSCOPICO I,16. (87 99) PROCEDIMIENTOS DIAGNOSTICOS Y TERAPEUTICOS MISCELANEOS,16. (87 99) PROCEDIMIENTOS DIAGNOSTICOS Y TERAPEUTICOS MISCELANEOS
90.83,EXAMEN MICROSCOPICO DIGESTIVO SUPERIOR.CULTIVO Y SENSIBILIDAD,90 EXAMEN MICROSCOPICO I,16. (87 99) PROCEDIMIENTOS DIAGNOSTICOS Y TERAPEUTICOS MISCELANEOS,16. (87 99) PROCEDIMIENTOS DIAGNOSTICOS Y TERAPEUTICOS MISCELANEOS
90.84,EXAMEN MICROSCOPICO DIGESTIVO SUPERIOR.PARASITOLOGIA,90 EXAMEN MICROSCOPICO I,16. (87 99) PROCEDIMIENTOS DIAGNOSTICOS Y TERAPEUTICOS MISCELANEOS,16. (87 99) PROCEDIMIENTOS DIAGNOSTICOS Y TERAPEUTICOS MISCELANEOS
90.85,EXAMEN MICROSCOPICO DIGESTIVO SUPERIOR.TOXICOLOGIA,90 EXAMEN MICROSCOPICO I,16. (87 99) PROCEDIMIENTOS DIAGNOSTICOS Y TERAPEUTICOS MISCELANEOS,16. (87 99) PROCEDIMIENTOS DIAGNOSTICOS Y TERAPEUTICOS MISCELANEOS
90.86,EXAMEN MICROSCOPICO DIGESTIVO SUPERIOR.FROTIS PAPANICOLAU,90 EXAMEN MICROSCOPICO I,16. (87 99) PROCEDIMIENTOS DIAGNOSTICOS Y TERAPEUTICOS MISCELANEOS,16. (87 99) PROCEDIMIENTOS DIAGNOSTICOS Y TERAPEUTICOS MISCELANEOS
90.89,EXAMEN MICROSCOPICO DIGESTIVO SUPERIOR.OTRO,90 EXAMEN MICROSCOPICO I,16. (87 99) PROCEDIMIENTOS DIAGNOSTICOS Y TERAPEUTICOS MISCELANEOS,16. (87 99) PROCEDIMIENTOS DIAGNOSTICOS Y TERAPEUTICOS MISCELANEOS
90.9,EXAMEN MICROSCOPICO DIGESTIVO INFERIOR Y DEYECCION,90 EXAMEN MICROSCOPICO I,16. (87 99) PROCEDIMIENTOS DIAGNOSTICOS Y TERAPEUTICOS MISCELANEOS,16. (87 99) PROCEDIMIENTOS DIAGNOSTICOS Y TERAPEUTICOS MISCELANEOS
90.91,EXAMEN MICROSCOPICO DIGESTIVO INFERIOR.FROTIS BACTERIANO,90 EXAMEN MICROSCOPICO I,16. (87 99) PROCEDIMIENTOS DIAGNOSTICOS Y TERAPEUTICOS MISCELANEOS,16. (87 99) PROCEDIMIENTOS DIAGNOSTICOS Y TERAPEUTICOS MISCELANEOS
90.92,EXAMEN MICROSCOPICO DIGESTIVO INFERIOR.CULTIVO,90 EXAMEN MICROSCOPICO I,16. (87 99) PROCEDIMIENTOS DIAGNOSTICOS Y TERAPEUTICOS MISCELANEOS,16. (87 99) PROCEDIMIENTOS DIAGNOSTICOS Y TERAPEUTICOS MISCELANEOS
90.93,EXAMEN MICROSCOPICO DIGESTIVO INFERIOR.CULTIVO Y SENSIBILIDAD,90 EXAMEN MICROSCOPICO I,16. (87 99) PROCEDIMIENTOS DIAGNOSTICOS Y TERAPEUTICOS MISCELANEOS,16. (87 99) PROCEDIMIENTOS DIAGNOSTICOS Y TERAPEUTICOS MISCELANEOS
90.94,EXAMEN MICROSCOPICO DIGESTIVO INFERIOR.PARASITOLOGIA,90 EXAMEN MICROSCOPICO I,16. (87 99) PROCEDIMIENTOS DIAGNOSTICOS Y TERAPEUTICOS MISCELANEOS,16. (87 99) PROCEDIMIENTOS DIAGNOSTICOS Y TERAPEUTICOS MISCELANEOS
90.95,EXAMEN MICROSCOPICO DIGESTIVO INFERIOR.TOXICOLOGIA,90 EXAMEN MICROSCOPICO I,16. (87 99) PROCEDIMIENTOS DIAGNOSTICOS Y TERAPEUTICOS MISCELANEOS,16. (87 99) PROCEDIMIENTOS DIAGNOSTICOS Y TERAPEUTICOS MISCELANEOS
90.96,EXAMEN MICROSCOPICO DIGESTIVO INFERIOR.FROTIS PAPANICOLAU,90 EXAMEN MICROSCOPICO I,16. (87 99) PROCEDIMIENTOS DIAGNOSTICOS Y TERAPEUTICOS MISCELANEOS,16. (87 99) PROCEDIMIENTOS DIAGNOSTICOS Y TERAPEUTICOS MISCELANEOS
90.99,EXAMEN MICROSCOPICO DIGESTIVO INFERIOR.OTRO,90 EXAMEN MICROSCOPICO I,16. (87 99) PROCEDIMIENTOS DIAGNOSTICOS Y TERAPEUTICOS MISCELANEOS,16. (87 99) PROCEDIMIENTOS DIAGNOSTICOS Y TERAPEUTICOS MISCELANEOS
91,EXAMEN MICROSCOPICO II,91 EXAMEN MICROSCOPICO II,16. (87 99) PROCEDIMIENTOS DIAGNOSTICOS Y TERAPEUTICOS MISCELANEOS,16. (87 99) PROCEDIMIENTOS DIAGNOSTICOS Y TERAPEUTICOS MISCELANEOS
91.0,EXAMEN MICROSCOPICO HEPATOBILIOPANCREATICO,91 EXAMEN MICROSCOPICO II,16. (87 99) PROCEDIMIENTOS DIAGNOSTICOS Y TERAPEUTICOS MISCELANEOS,16. (87 99) PROCEDIMIENTOS DIAGNOSTICOS Y TERAPEUTICOS MISCELANEOS
91.01,EXAMEN MICROSCOPICO HEPATOBILIOPANCREATICO.FROTIS BACTERIANO,91 EXAMEN MICROSCOPICO II,16. (87 99) PROCEDIMIENTOS DIAGNOSTICOS Y TERAPEUTICOS MISCELANEOS,16. (87 99) PROCEDIMIENTOS DIAGNOSTICOS Y TERAPEUTICOS MISCELANEOS
91.02,EXAMEN MICROSCOPICO HEPATOBILIOPANCREATICO.CULTIVO,91 EXAMEN MICROSCOPICO II,16. (87 99) PROCEDIMIENTOS DIAGNOSTICOS Y TERAPEUTICOS MISCELANEOS,16. (87 99) PROCEDIMIENTOS DIAGNOSTICOS Y TERAPEUTICOS MISCELANEOS
91.03,EXAMEN MICROSCOPICO HEPATOBILIOPANCREATICO.CULTIVO Y SENSIBILIDAD,91 EXAMEN MICROSCOPICO II,16. (87 99) PROCEDIMIENTOS DIAGNOSTICOS Y TERAPEUTICOS MISCELANEOS,16. (87 99) PROCEDIMIENTOS DIAGNOSTICOS Y TERAPEUTICOS MISCELANEOS
91.04,EXAMEN MICROSCOPICO HEPATOBILIOPANCREATICO.PARASITOLOGIA,91 EXAMEN MICROSCOPICO II,16. (87 99) PROCEDIMIENTOS DIAGNOSTICOS Y TERAPEUTICOS MISCELANEOS,16. (87 99) PROCEDIMIENTOS DIAGNOSTICOS Y TERAPEUTICOS MISCELANEOS
91.05,EXAMEN MICROSCOPICO HEPATOBILIOPANCREATICO.TOXICOLOGIA,91 EXAMEN MICROSCOPICO II,16. (87 99) PROCEDIMIENTOS DIAGNOSTICOS Y TERAPEUTICOS MISCELANEOS,16. (87 99) PROCEDIMIENTOS DIAGNOSTICOS Y TERAPEUTICOS MISCELANEOS
91.06,EXAMEN MICROSCOPICO HEPATOBILIOPANCREATICO.FROTIS PAPANICOLAU,91 EXAMEN MICROSCOPICO II,16. (87 99) PROCEDIMIENTOS DIAGNOSTICOS Y TERAPEUTICOS MISCELANEOS,16. (87 99) PROCEDIMIENTOS DIAGNOSTICOS Y TERAPEUTICOS MISCELANEOS
91.09,EXAMEN MICROSCOPICO HEPATOBILIOPANCREATICO.OTRO,91 EXAMEN MICROSCOPICO II,16. (87 99) PROCEDIMIENTOS DIAGNOSTICOS Y TERAPEUTICOS MISCELANEOS,16. (87 99) PROCEDIMIENTOS DIAGNOSTICOS Y TERAPEUTICOS MISCELANEOS
91.1,EXAMEN MICROSCOPICO PERITONEO Y RETROPERITONEO,91 EXAMEN MICROSCOPICO II,16. (87 99) PROCEDIMIENTOS DIAGNOSTICOS Y TERAPEUTICOS MISCELANEOS,16. (87 99) PROCEDIMIENTOS DIAGNOSTICOS Y TERAPEUTICOS MISCELANEOS
91.11,EXAMEN MICROSCOPICO PERITONEO.FROTIS BACTERIANO,91 EXAMEN MICROSCOPICO II,16. (87 99) PROCEDIMIENTOS DIAGNOSTICOS Y TERAPEUTICOS MISCELANEOS,16. (87 99) PROCEDIMIENTOS DIAGNOSTICOS Y TERAPEUTICOS MISCELANEOS
91.12,EXAMEN MICROSCOPICO PERITONEO.CULTIVO,91 EXAMEN MICROSCOPICO II,16. (87 99) PROCEDIMIENTOS DIAGNOSTICOS Y TERAPEUTICOS MISCELANEOS,16. (87 99) PROCEDIMIENTOS DIAGNOSTICOS Y TERAPEUTICOS MISCELANEOS
91.13,EXAMEN MICROSCOPICO PERITONEO.CULTIVO Y SENSIBILIDAD,91 EXAMEN MICROSCOPICO II,16. (87 99) PROCEDIMIENTOS DIAGNOSTICOS Y TERAPEUTICOS MISCELANEOS,16. (87 99) PROCEDIMIENTOS DIAGNOSTICOS Y TERAPEUTICOS MISCELANEOS
91.14,EXAMEN MICROSCOPICO PERITONEO.PARASITOLOGIA,91 EXAMEN MICROSCOPICO II,16. (87 99) PROCEDIMIENTOS DIAGNOSTICOS Y TERAPEUTICOS MISCELANEOS,16. (87 99) PROCEDIMIENTOS DIAGNOSTICOS Y TERAPEUTICOS MISCELANEOS
91.15,EXAMEN MICROSCOPICO PERITONEO.TOXICOLOGIA,91 EXAMEN MICROSCOPICO II,16. (87 99) PROCEDIMIENTOS DIAGNOSTICOS Y TERAPEUTICOS MISCELANEOS,16. (87 99) PROCEDIMIENTOS DIAGNOSTICOS Y TERAPEUTICOS MISCELANEOS
91.16,EXAMEN MICROSCOPICO PERITONEO.FROTIS PAPANICOLAU,91 EXAMEN MICROSCOPICO II,16. (87 99) PROCEDIMIENTOS DIAGNOSTICOS Y TERAPEUTICOS MISCELANEOS,16. (87 99) PROCEDIMIENTOS DIAGNOSTICOS Y TERAPEUTICOS MISCELANEOS
91.19,EXAMEN MICROSCOPICO PERITONEO.OTRO,91 EXAMEN MICROSCOPICO II,16. (87 99) PROCEDIMIENTOS DIAGNOSTICOS Y TERAPEUTICOS MISCELANEOS,16. (87 99) PROCEDIMIENTOS DIAGNOSTICOS Y TERAPEUTICOS MISCELANEOS
91.2,EXAMEN MICROSCOPICO URINARIO SUPERIOR,91 EXAMEN MICROSCOPICO II,16. (87 99) PROCEDIMIENTOS DIAGNOSTICOS Y TERAPEUTICOS MISCELANEOS,16. (87 99) PROCEDIMIENTOS DIAGNOSTICOS Y TERAPEUTICOS MISCELANEOS
91.21,EXAMEN MICROSCOPICO URINARIO SUPERIOR.FROTIS BACTERIANO,91 EXAMEN MICROSCOPICO II,16. (87 99) PROCEDIMIENTOS DIAGNOSTICOS Y TERAPEUTICOS MISCELANEOS,16. (87 99) PROCEDIMIENTOS DIAGNOSTICOS Y TERAPEUTICOS MISCELANEOS
91.22,EXAMEN MICROSCOPICO URINARIO SUPERIOR.CULTIVO,91 EXAMEN MICROSCOPICO II,16. (87 99) PROCEDIMIENTOS DIAGNOSTICOS Y TERAPEUTICOS MISCELANEOS,16. (87 99) PROCEDIMIENTOS DIAGNOSTICOS Y TERAPEUTICOS MISCELANEOS
91.23,EXAMEN MICROSCOPICO URINARIO SUPERIOR.CULTIVO Y SENSIBILIDAD,91 EXAMEN MICROSCOPICO II,16. (87 99) PROCEDIMIENTOS DIAGNOSTICOS Y TERAPEUTICOS MISCELANEOS,16. (87 99) PROCEDIMIENTOS DIAGNOSTICOS Y TERAPEUTICOS MISCELANEOS
91.24,EXAMEN MICROSCOPICO URINARIO SUPERIOR.PARASITOLOGIA,91 EXAMEN MICROSCOPICO II,16. (87 99) PROCEDIMIENTOS DIAGNOSTICOS Y TERAPEUTICOS MISCELANEOS,16. (87 99) PROCEDIMIENTOS DIAGNOSTICOS Y TERAPEUTICOS MISCELANEOS
91.25,EXAMEN MICROSCOPICO URINARIO SUPERIOR.TOXICOLOGIA,91 EXAMEN MICROSCOPICO II,16. (87 99) PROCEDIMIENTOS DIAGNOSTICOS Y TERAPEUTICOS MISCELANEOS,16. (87 99) PROCEDIMIENTOS DIAGNOSTICOS Y TERAPEUTICOS MISCELANEOS
91.26,EXAMEN MICROSCOPICO URINARIO SUPERIOR.FROTIS PAPANICOLAU,91 EXAMEN MICROSCOPICO II,16. (87 99) PROCEDIMIENTOS DIAGNOSTICOS Y TERAPEUTICOS MISCELANEOS,16. (87 99) PROCEDIMIENTOS DIAGNOSTICOS Y TERAPEUTICOS MISCELANEOS
91.29,EXAMEN MICROSCOPICO URINARIO SUPERIOR.OTRO,91 EXAMEN MICROSCOPICO II,16. (87 99) PROCEDIMIENTOS DIAGNOSTICOS Y TERAPEUTICOS MISCELANEOS,16. (87 99) PROCEDIMIENTOS DIAGNOSTICOS Y TERAPEUTICOS MISCELANEOS
91.3,"EXAMEN MICROSCOPICO URINARIO INFERIOR,ORINA Y SEMEN",91 EXAMEN MICROSCOPICO II,16. (87 99) PROCEDIMIENTOS DIAGNOSTICOS Y TERAPEUTICOS MISCELANEOS,16. (87 99) PROCEDIMIENTOS DIAGNOSTICOS Y TERAPEUTICOS MISCELANEOS
91.31,EXAMEN MICROSCOPICO URINARIO INFERIOR.FROTIS BACTERIANO,91 EXAMEN MICROSCOPICO II,16. (87 99) PROCEDIMIENTOS DIAGNOSTICOS Y TERAPEUTICOS MISCELANEOS,16. (87 99) PROCEDIMIENTOS DIAGNOSTICOS Y TERAPEUTICOS MISCELANEOS
91.32,EXAMEN MICROSCOPICO URINARIO INFERIOR.CULTIVO,91 EXAMEN MICROSCOPICO II,16. (87 99) PROCEDIMIENTOS DIAGNOSTICOS Y TERAPEUTICOS MISCELANEOS,16. (87 99) PROCEDIMIENTOS DIAGNOSTICOS Y TERAPEUTICOS MISCELANEOS
91.33,EXAMEN MICROSCOPICO URINARIO INFERIOR.CULTIVO Y SENSIBILIDAD,91 EXAMEN MICROSCOPICO II,16. (87 99) PROCEDIMIENTOS DIAGNOSTICOS Y TERAPEUTICOS MISCELANEOS,16. (87 99) PROCEDIMIENTOS DIAGNOSTICOS Y TERAPEUTICOS MISCELANEOS
91.34,EXAMEN MICROSCOPICO URINARIO INFERIOR.PARASITOLOGIA,91 EXAMEN MICROSCOPICO II,16. (87 99) PROCEDIMIENTOS DIAGNOSTICOS Y TERAPEUTICOS MISCELANEOS,16. (87 99) PROCEDIMIENTOS DIAGNOSTICOS Y TERAPEUTICOS MISCELANEOS
91.35,EXAMEN MICROSCOPICO URINARIO INFERIOR.TOXICOLOGIA,91 EXAMEN MICROSCOPICO II,16. (87 99) PROCEDIMIENTOS DIAGNOSTICOS Y TERAPEUTICOS MISCELANEOS,16. (87 99) PROCEDIMIENTOS DIAGNOSTICOS Y TERAPEUTICOS MISCELANEOS
91.36,EXAMEN MICROSCOPICO URINARIO INFERIOR.FROTIS PAPANICOLAU,91 EXAMEN MICROSCOPICO II,16. (87 99) PROCEDIMIENTOS DIAGNOSTICOS Y TERAPEUTICOS MISCELANEOS,16. (87 99) PROCEDIMIENTOS DIAGNOSTICOS Y TERAPEUTICOS MISCELANEOS
91.39,EXAMEN MICROSCOPICO URINARIO INFERIOR.OTRO,91 EXAMEN MICROSCOPICO II,16. (87 99) PROCEDIMIENTOS DIAGNOSTICOS Y TERAPEUTICOS MISCELANEOS,16. (87 99) PROCEDIMIENTOS DIAGNOSTICOS Y TERAPEUTICOS MISCELANEOS
91.4,EXAMEN MICROSCOPICO GENITAL FEMENINO,91 EXAMEN MICROSCOPICO II,16. (87 99) PROCEDIMIENTOS DIAGNOSTICOS Y TERAPEUTICOS MISCELANEOS,16. (87 99) PROCEDIMIENTOS DIAGNOSTICOS Y TERAPEUTICOS MISCELANEOS
91.41,EXAMEN MICROSCOPICO GENITAL FEMENINO.FROTIS BACTERIANO,91 EXAMEN MICROSCOPICO II,16. (87 99) PROCEDIMIENTOS DIAGNOSTICOS Y TERAPEUTICOS MISCELANEOS,16. (87 99) PROCEDIMIENTOS DIAGNOSTICOS Y TERAPEUTICOS MISCELANEOS
91.42,EXAMEN MICROSCOPICO GENITAL FEMENINO.CULTIVO,91 EXAMEN MICROSCOPICO II,16. (87 99) PROCEDIMIENTOS DIAGNOSTICOS Y TERAPEUTICOS MISCELANEOS,16. (87 99) PROCEDIMIENTOS DIAGNOSTICOS Y TERAPEUTICOS MISCELANEOS
91.43,EXAMEN MICROSCOPICO GENITAL FEMENINO.CULTIVO Y SENSIBILIDAD,91 EXAMEN MICROSCOPICO II,16. (87 99) PROCEDIMIENTOS DIAGNOSTICOS Y TERAPEUTICOS MISCELANEOS,16. (87 99) PROCEDIMIENTOS DIAGNOSTICOS Y TERAPEUTICOS MISCELANEOS
91.44,EXAMEN MICROSCOPICO GENITAL FEMENINO.PARASITOLOGIA,91 EXAMEN MICROSCOPICO II,16. (87 99) PROCEDIMIENTOS DIAGNOSTICOS Y TERAPEUTICOS MISCELANEOS,16. (87 99) PROCEDIMIENTOS DIAGNOSTICOS Y TERAPEUTICOS MISCELANEOS
91.45,EXAMEN MICROSCOPICO GENITAL FEMENINO.TOXICOLOGIA,91 EXAMEN MICROSCOPICO II,16. (87 99) PROCEDIMIENTOS DIAGNOSTICOS Y TERAPEUTICOS MISCELANEOS,16. (87 99) PROCEDIMIENTOS DIAGNOSTICOS Y TERAPEUTICOS MISCELANEOS
91.46,EXAMEN MICROSCOPICO GENITAL FEMENINO.FROTIS PAPANICOLAU,91 EXAMEN MICROSCOPICO II,16. (87 99) PROCEDIMIENTOS DIAGNOSTICOS Y TERAPEUTICOS MISCELANEOS,16. (87 99) PROCEDIMIENTOS DIAGNOSTICOS Y TERAPEUTICOS MISCELANEOS
91.49,EXAMEN MICROSCOPICO GENITAL FEMENINO.OTRO,91 EXAMEN MICROSCOPICO II,16. (87 99) PROCEDIMIENTOS DIAGNOSTICOS Y TERAPEUTICOS MISCELANEOS,16. (87 99) PROCEDIMIENTOS DIAGNOSTICOS Y TERAPEUTICOS MISCELANEOS
91.5,EXAMEN MICROSCOPICO MUSCULOESQUELETICO,91 EXAMEN MICROSCOPICO II,16. (87 99) PROCEDIMIENTOS DIAGNOSTICOS Y TERAPEUTICOS MISCELANEOS,16. (87 99) PROCEDIMIENTOS DIAGNOSTICOS Y TERAPEUTICOS MISCELANEOS
91.51,EXAMEN MICROSCOPICO MUSCULOESQUELETICO.FROTIS BACTERIANO,91 EXAMEN MICROSCOPICO II,16. (87 99) PROCEDIMIENTOS DIAGNOSTICOS Y TERAPEUTICOS MISCELANEOS,16. (87 99) PROCEDIMIENTOS DIAGNOSTICOS Y TERAPEUTICOS MISCELANEOS
91.52,EXAMEN MICROSCOPICO MUSCULOESQUELETICO.CULTIVO,91 EXAMEN MICROSCOPICO II,16. (87 99) PROCEDIMIENTOS DIAGNOSTICOS Y TERAPEUTICOS MISCELANEOS,16. (87 99) PROCEDIMIENTOS DIAGNOSTICOS Y TERAPEUTICOS MISCELANEOS
91.53,EXAMEN MICROSCOPICO MUSCULOESQUELETICO.CULTIVO Y SENSIBILIDAD,91 EXAMEN MICROSCOPICO II,16. (87 99) PROCEDIMIENTOS DIAGNOSTICOS Y TERAPEUTICOS MISCELANEOS,16. (87 99) PROCEDIMIENTOS DIAGNOSTICOS Y TERAPEUTICOS MISCELANEOS
91.54,EXAMEN MICROSCOPICO MUSCULOESQUELETICO.PARASITOLOGIA,91 EXAMEN MICROSCOPICO II,16. (87 99) PROCEDIMIENTOS DIAGNOSTICOS Y TERAPEUTICOS MISCELANEOS,16. (87 99) PROCEDIMIENTOS DIAGNOSTICOS Y TERAPEUTICOS MISCELANEOS
91.55,EXAMEN MICROSCOPICO MUSCULOESQUELETICO.TOXICOLOGIA,91 EXAMEN MICROSCOPICO II,16. (87 99) PROCEDIMIENTOS DIAGNOSTICOS Y TERAPEUTICOS MISCELANEOS,16. (87 99) PROCEDIMIENTOS DIAGNOSTICOS Y TERAPEUTICOS MISCELANEOS
91.56,EXAMEN MICROSCOPICO MUSCULOESQUELETICO.FROTIS PAPANICOLAU,91 EXAMEN MICROSCOPICO II,16. (87 99) PROCEDIMIENTOS DIAGNOSTICOS Y TERAPEUTICOS MISCELANEOS,16. (87 99) PROCEDIMIENTOS DIAGNOSTICOS Y TERAPEUTICOS MISCELANEOS
91.59,EXAMEN MICROSCOPICO MUSCULOESQUELETICO.OTRO,91 EXAMEN MICROSCOPICO II,16. (87 99) PROCEDIMIENTOS DIAGNOSTICOS Y TERAPEUTICOS MISCELANEOS,16. (87 99) PROCEDIMIENTOS DIAGNOSTICOS Y TERAPEUTICOS MISCELANEOS
91.6,EXAMEN MICROSCOPICO PIEL,91 EXAMEN MICROSCOPICO II,16. (87 99) PROCEDIMIENTOS DIAGNOSTICOS Y TERAPEUTICOS MISCELANEOS,16. (87 99) PROCEDIMIENTOS DIAGNOSTICOS Y TERAPEUTICOS MISCELANEOS
91.61,EXAMEN MICROSCOPICO PIEL.FROTIS BACTERIANO,91 EXAMEN MICROSCOPICO II,16. (87 99) PROCEDIMIENTOS DIAGNOSTICOS Y TERAPEUTICOS MISCELANEOS,16. (87 99) PROCEDIMIENTOS DIAGNOSTICOS Y TERAPEUTICOS MISCELANEOS
91.62,EXAMEN MICROSCOPICO PIEL.CULTIVO,91 EXAMEN MICROSCOPICO II,16. (87 99) PROCEDIMIENTOS DIAGNOSTICOS Y TERAPEUTICOS MISCELANEOS,16. (87 99) PROCEDIMIENTOS DIAGNOSTICOS Y TERAPEUTICOS MISCELANEOS
91.63,EXAMEN MICROSCOPICO PIEL.CULTIVO Y SENSIBILIDAD,91 EXAMEN MICROSCOPICO II,16. (87 99) PROCEDIMIENTOS DIAGNOSTICOS Y TERAPEUTICOS MISCELANEOS,16. (87 99) PROCEDIMIENTOS DIAGNOSTICOS Y TERAPEUTICOS MISCELANEOS
91.64,EXAMEN MICROSCOPICO PIEL.PARASITOLOGIA,91 EXAMEN MICROSCOPICO II,16. (87 99) PROCEDIMIENTOS DIAGNOSTICOS Y TERAPEUTICOS MISCELANEOS,16. (87 99) PROCEDIMIENTOS DIAGNOSTICOS Y TERAPEUTICOS MISCELANEOS
91.65,EXAMEN MICROSCOPICO PIEL.TOXICOLOGIA,91 EXAMEN MICROSCOPICO II,16. (87 99) PROCEDIMIENTOS DIAGNOSTICOS Y TERAPEUTICOS MISCELANEOS,16. (87 99) PROCEDIMIENTOS DIAGNOSTICOS Y TERAPEUTICOS MISCELANEOS
91.66,EXAMEN MICROSCOPICO PIEL.FROTIS PAPANICOLAU,91 EXAMEN MICROSCOPICO II,16. (87 99) PROCEDIMIENTOS DIAGNOSTICOS Y TERAPEUTICOS MISCELANEOS,16. (87 99) PROCEDIMIENTOS DIAGNOSTICOS Y TERAPEUTICOS MISCELANEOS
91.69,EXAMEN MICROSCOPICO PIEL.OTRO,91 EXAMEN MICROSCOPICO II,16. (87 99) PROCEDIMIENTOS DIAGNOSTICOS Y TERAPEUTICOS MISCELANEOS,16. (87 99) PROCEDIMIENTOS DIAGNOSTICOS Y TERAPEUTICOS MISCELANEOS
91.7,EXAMEN MICROSCOPICO HERIDA OPERATORIA,91 EXAMEN MICROSCOPICO II,16. (87 99) PROCEDIMIENTOS DIAGNOSTICOS Y TERAPEUTICOS MISCELANEOS,16. (87 99) PROCEDIMIENTOS DIAGNOSTICOS Y TERAPEUTICOS MISCELANEOS
91.71,EXAMEN MICROSCOPICO HERIDA OPERATORIA.FROTIS BACTERIANO,91 EXAMEN MICROSCOPICO II,16. (87 99) PROCEDIMIENTOS DIAGNOSTICOS Y TERAPEUTICOS MISCELANEOS,16. (87 99) PROCEDIMIENTOS DIAGNOSTICOS Y TERAPEUTICOS MISCELANEOS
91.72,EXAMEN MICROSCOPICO HERIDA OPERATORIA.CULTIVO,91 EXAMEN MICROSCOPICO II,16. (87 99) PROCEDIMIENTOS DIAGNOSTICOS Y TERAPEUTICOS MISCELANEOS,16. (87 99) PROCEDIMIENTOS DIAGNOSTICOS Y TERAPEUTICOS MISCELANEOS
91.73,EXAMEN MICROSCOPICO HERIDA OPERATORIA.CULTIVO Y SENSIBILIDAD,91 EXAMEN MICROSCOPICO II,16. (87 99) PROCEDIMIENTOS DIAGNOSTICOS Y TERAPEUTICOS MISCELANEOS,16. (87 99) PROCEDIMIENTOS DIAGNOSTICOS Y TERAPEUTICOS MISCELANEOS
91.74,EXAMEN MICROSCOPICO HERIDA OPERATORIA.PARASITOLOGIA,91 EXAMEN MICROSCOPICO II,16. (87 99) PROCEDIMIENTOS DIAGNOSTICOS Y TERAPEUTICOS MISCELANEOS,16. (87 99) PROCEDIMIENTOS DIAGNOSTICOS Y TERAPEUTICOS MISCELANEOS
91.75,EXAMEN MICROSCOPICO HERIDA OPERATORIA.TOXICOLOGIA,91 EXAMEN MICROSCOPICO II,16. (87 99) PROCEDIMIENTOS DIAGNOSTICOS Y TERAPEUTICOS MISCELANEOS,16. (87 99) PROCEDIMIENTOS DIAGNOSTICOS Y TERAPEUTICOS MISCELANEOS
91.76,EXAMEN MICROSCOPICO HERIDA OPERATORIA.FROTIS PAPANICOLAU,91 EXAMEN MICROSCOPICO II,16. (87 99) PROCEDIMIENTOS DIAGNOSTICOS Y TERAPEUTICOS MISCELANEOS,16. (87 99) PROCEDIMIENTOS DIAGNOSTICOS Y TERAPEUTICOS MISCELANEOS
91.79,EXAMEN MICROSCOPICO HERIDA OPERATORIA.OTRO,91 EXAMEN MICROSCOPICO II,16. (87 99) PROCEDIMIENTOS DIAGNOSTICOS Y TERAPEUTICOS MISCELANEOS,16. (87 99) PROCEDIMIENTOS DIAGNOSTICOS Y TERAPEUTICOS MISCELANEOS
91.8,EXAMEN MICROSCOPICO OTRO,91 EXAMEN MICROSCOPICO II,16. (87 99) PROCEDIMIENTOS DIAGNOSTICOS Y TERAPEUTICOS MISCELANEOS,16. (87 99) PROCEDIMIENTOS DIAGNOSTICOS Y TERAPEUTICOS MISCELANEOS
91.81,EXAMEN MICROSCOPICO OTRO.FROTIS BACTERIANO,91 EXAMEN MICROSCOPICO II,16. (87 99) PROCEDIMIENTOS DIAGNOSTICOS Y TERAPEUTICOS MISCELANEOS,16. (87 99) PROCEDIMIENTOS DIAGNOSTICOS Y TERAPEUTICOS MISCELANEOS
91.82,EXAMEN MICROSCOPICO OTRO.CULTIVO,91 EXAMEN MICROSCOPICO II,16. (87 99) PROCEDIMIENTOS DIAGNOSTICOS Y TERAPEUTICOS MISCELANEOS,16. (87 99) PROCEDIMIENTOS DIAGNOSTICOS Y TERAPEUTICOS MISCELANEOS
91.83,EXAMEN MICROSCOPICO OTRO.CULTIVO Y SENSIBILIDAD,91 EXAMEN MICROSCOPICO II,16. (87 99) PROCEDIMIENTOS DIAGNOSTICOS Y TERAPEUTICOS MISCELANEOS,16. (87 99) PROCEDIMIENTOS DIAGNOSTICOS Y TERAPEUTICOS MISCELANEOS
91.84,EXAMEN MICROSCOPICO OTRO.PARASITOLOGIA,91 EXAMEN MICROSCOPICO II,16. (87 99) PROCEDIMIENTOS DIAGNOSTICOS Y TERAPEUTICOS MISCELANEOS,16. (87 99) PROCEDIMIENTOS DIAGNOSTICOS Y TERAPEUTICOS MISCELANEOS
91.85,EXAMEN MICROSCOPICO OTRO.TOXICOLOGIA,91 EXAMEN MICROSCOPICO II,16. (87 99) PROCEDIMIENTOS DIAGNOSTICOS Y TERAPEUTICOS MISCELANEOS,16. (87 99) PROCEDIMIENTOS DIAGNOSTICOS Y TERAPEUTICOS MISCELANEOS
91.86,EXAMEN MICROSCOPICO OTRO.FROTIS PAPANICOLAU,91 EXAMEN MICROSCOPICO II,16. (87 99) PROCEDIMIENTOS DIAGNOSTICOS Y TERAPEUTICOS MISCELANEOS,16. (87 99) PROCEDIMIENTOS DIAGNOSTICOS Y TERAPEUTICOS MISCELANEOS
91.89,EXAMEN MICROSCOPICO OTRO.OTRO,91 EXAMEN MICROSCOPICO II,16. (87 99) PROCEDIMIENTOS DIAGNOSTICOS Y TERAPEUTICOS MISCELANEOS,16. (87 99) PROCEDIMIENTOS DIAGNOSTICOS Y TERAPEUTICOS MISCELANEOS
91.9,EXAMEN MICROSCOPICO NEOM,91 EXAMEN MICROSCOPICO II,16. (87 99) PROCEDIMIENTOS DIAGNOSTICOS Y TERAPEUTICOS MISCELANEOS,16. (87 99) PROCEDIMIENTOS DIAGNOSTICOS Y TERAPEUTICOS MISCELANEOS
91.91,EXAMEN MICROSCOPICO NEOM.FROTIS BACTERIANO,91 EXAMEN MICROSCOPICO II,16. (87 99) PROCEDIMIENTOS DIAGNOSTICOS Y TERAPEUTICOS MISCELANEOS,16. (87 99) PROCEDIMIENTOS DIAGNOSTICOS Y TERAPEUTICOS MISCELANEOS
91.92,EXAMEN MICROSCOPICO NEOM.CULTIVO,91 EXAMEN MICROSCOPICO II,16. (87 99) PROCEDIMIENTOS DIAGNOSTICOS Y TERAPEUTICOS MISCELANEOS,16. (87 99) PROCEDIMIENTOS DIAGNOSTICOS Y TERAPEUTICOS MISCELANEOS
91.93,EXAMEN MICROSCOPICO NEOM.CULTIVO Y SENSIBILIDAD,91 EXAMEN MICROSCOPICO II,16. (87 99) PROCEDIMIENTOS DIAGNOSTICOS Y TERAPEUTICOS MISCELANEOS,16. (87 99) PROCEDIMIENTOS DIAGNOSTICOS Y TERAPEUTICOS MISCELANEOS
91.94,EXAMEN MICROSCOPICO NEOM.PARASITOLOGIA,91 EXAMEN MICROSCOPICO II,16. (87 99) PROCEDIMIENTOS DIAGNOSTICOS Y TERAPEUTICOS MISCELANEOS,16. (87 99) PROCEDIMIENTOS DIAGNOSTICOS Y TERAPEUTICOS MISCELANEOS
91.95,EXAMEN MICROSCOPICO NEOM.TOXICOLOGIA,91 EXAMEN MICROSCOPICO II,16. (87 99) PROCEDIMIENTOS DIAGNOSTICOS Y TERAPEUTICOS MISCELANEOS,16. (87 99) PROCEDIMIENTOS DIAGNOSTICOS Y TERAPEUTICOS MISCELANEOS
91.96,EXAMEN MICROSCOPICO NEOM.FROTIS PAPANICOLAU,91 EXAMEN MICROSCOPICO II,16. (87 99) PROCEDIMIENTOS DIAGNOSTICOS Y TERAPEUTICOS MISCELANEOS,16. (87 99) PROCEDIMIENTOS DIAGNOSTICOS Y TERAPEUTICOS MISCELANEOS
91.99,EXAMEN MICROSCOPICO NEOM.OTRO,91 EXAMEN MICROSCOPICO II,16. (87 99) PROCEDIMIENTOS DIAGNOSTICOS Y TERAPEUTICOS MISCELANEOS,16. (87 99) PROCEDIMIENTOS DIAGNOSTICOS Y TERAPEUTICOS MISCELANEOS
92,MEDICINA NUCLEAR,92 MEDICINA NUCLEAR,16. (87 99) PROCEDIMIENTOS DIAGNOSTICOS Y TERAPEUTICOS MISCELANEOS,16. (87 99) PROCEDIMIENTOS DIAGNOSTICOS Y TERAPEUTICOS MISCELANEOS
92.0,GAMMAGRAFIA Y ESTUDIO FUNCIONAL (RADIONUCLEIDO),92 MEDICINA NUCLEAR,16. (87 99) PROCEDIMIENTOS DIAGNOSTICOS Y TERAPEUTICOS MISCELANEOS,16. (87 99) PROCEDIMIENTOS DIAGNOSTICOS Y TERAPEUTICOS MISCELANEOS
92.01,GAMMAGRAFIA Y ESTUDIO FUNCIONAL TIROIDES (RADIONUCLEIDO),92 MEDICINA NUCLEAR,16. (87 99) PROCEDIMIENTOS DIAGNOSTICOS Y TERAPEUTICOS MISCELANEOS,16. (87 99) PROCEDIMIENTOS DIAGNOSTICOS Y TERAPEUTICOS MISCELANEOS
92.02,GAMMAGRAFIA Y ESTUDIO FUNCIONAL HIGADO (RADIONUCLEIDO),92 MEDICINA NUCLEAR,16. (87 99) PROCEDIMIENTOS DIAGNOSTICOS Y TERAPEUTICOS MISCELANEOS,16. (87 99) PROCEDIMIENTOS DIAGNOSTICOS Y TERAPEUTICOS MISCELANEOS
92.03,GAMMAGRAFIA Y ESTUDIO FUNCIONAL RIÑON (RADIONUCLEIDO),92 MEDICINA NUCLEAR,16. (87 99) PROCEDIMIENTOS DIAGNOSTICOS Y TERAPEUTICOS MISCELANEOS,16. (87 99) PROCEDIMIENTOS DIAGNOSTICOS Y TERAPEUTICOS MISCELANEOS
92.04,GAMMAGRAFIA TRACTO GASTROINTESTINAL (RADIONUCLEIDO),92 MEDICINA NUCLEAR,16. (87 99) PROCEDIMIENTOS DIAGNOSTICOS Y TERAPEUTICOS MISCELANEOS,16. (87 99) PROCEDIMIENTOS DIAGNOSTICOS Y TERAPEUTICOS MISCELANEOS
92.05,GAMMAGRAFIA CARDIOVASCULAR Y HEMATOPOYETICO (RADIONUCLEIDO),92 MEDICINA NUCLEAR,16. (87 99) PROCEDIMIENTOS DIAGNOSTICOS Y TERAPEUTICOS MISCELANEOS,16. (87 99) PROCEDIMIENTOS DIAGNOSTICOS Y TERAPEUTICOS MISCELANEOS
92.09,ESTUDIO FUNCIONAL (RADIONUCLEIDO).OTRO,92 MEDICINA NUCLEAR,16. (87 99) PROCEDIMIENTOS DIAGNOSTICOS Y TERAPEUTICOS MISCELANEOS,16. (87 99) PROCEDIMIENTOS DIAGNOSTICOS Y TERAPEUTICOS MISCELANEOS
92.1,GAMMAGRAFIA OTRA,92 MEDICINA NUCLEAR,16. (87 99) PROCEDIMIENTOS DIAGNOSTICOS Y TERAPEUTICOS MISCELANEOS,16. (87 99) PROCEDIMIENTOS DIAGNOSTICOS Y TERAPEUTICOS MISCELANEOS
92.11,GAMMAGRAFIA CEREBRO,92 MEDICINA NUCLEAR,16. (87 99) PROCEDIMIENTOS DIAGNOSTICOS Y TERAPEUTICOS MISCELANEOS,16. (87 99) PROCEDIMIENTOS DIAGNOSTICOS Y TERAPEUTICOS MISCELANEOS
92.12,GAMMAGRAFIA CABEZA OTRA,92 MEDICINA NUCLEAR,16. (87 99) PROCEDIMIENTOS DIAGNOSTICOS Y TERAPEUTICOS MISCELANEOS,16. (87 99) PROCEDIMIENTOS DIAGNOSTICOS Y TERAPEUTICOS MISCELANEOS
92.13,GAMMAGRAFIA GLANDULA PARATIROIDES,92 MEDICINA NUCLEAR,16. (87 99) PROCEDIMIENTOS DIAGNOSTICOS Y TERAPEUTICOS MISCELANEOS,16. (87 99) PROCEDIMIENTOS DIAGNOSTICOS Y TERAPEUTICOS MISCELANEOS
92.14,GAMMAGRAFIA HUESO,92 MEDICINA NUCLEAR,16. (87 99) PROCEDIMIENTOS DIAGNOSTICOS Y TERAPEUTICOS MISCELANEOS,16. (87 99) PROCEDIMIENTOS DIAGNOSTICOS Y TERAPEUTICOS MISCELANEOS
92.15,GAMMAGRAFIA PULMON,92 MEDICINA NUCLEAR,16. (87 99) PROCEDIMIENTOS DIAGNOSTICOS Y TERAPEUTICOS MISCELANEOS,16. (87 99) PROCEDIMIENTOS DIAGNOSTICOS Y TERAPEUTICOS MISCELANEOS
92.16,GAMMAGRAFIA SISTEMA LINFATICO,92 MEDICINA NUCLEAR,16. (87 99) PROCEDIMIENTOS DIAGNOSTICOS Y TERAPEUTICOS MISCELANEOS,16. (87 99) PROCEDIMIENTOS DIAGNOSTICOS Y TERAPEUTICOS MISCELANEOS
92.17,GAMMAGRAFIA PLACENTA,92 MEDICINA NUCLEAR,16. (87 99) PROCEDIMIENTOS DIAGNOSTICOS Y TERAPEUTICOS MISCELANEOS,16. (87 99) PROCEDIMIENTOS DIAGNOSTICOS Y TERAPEUTICOS MISCELANEOS
92.18,GAMMAGRAFIA CUERPO ENTERO,92 MEDICINA NUCLEAR,16. (87 99) PROCEDIMIENTOS DIAGNOSTICOS Y TERAPEUTICOS MISCELANEOS,16. (87 99) PROCEDIMIENTOS DIAGNOSTICOS Y TERAPEUTICOS MISCELANEOS
92.19,GAMMAGRAFIA OTRA.OTRA,92 MEDICINA NUCLEAR,16. (87 99) PROCEDIMIENTOS DIAGNOSTICOS Y TERAPEUTICOS MISCELANEOS,16. (87 99) PROCEDIMIENTOS DIAGNOSTICOS Y TERAPEUTICOS MISCELANEOS
92.2,RADIOTERAPIA Y MEDICINA NUCLEAR,92 MEDICINA NUCLEAR,16. (87 99) PROCEDIMIENTOS DIAGNOSTICOS Y TERAPEUTICOS MISCELANEOS,16. (87 99) PROCEDIMIENTOS DIAGNOSTICOS Y TERAPEUTICOS MISCELANEOS
92.20,INFUSION RADIOISOTOPO LIQUIDO PARA BRAQUITERAPIA,92 MEDICINA NUCLEAR,16. (87 99) PROCEDIMIENTOS DIAGNOSTICOS Y TERAPEUTICOS MISCELANEOS,16. (87 99) PROCEDIMIENTOS DIAGNOSTICOS Y TERAPEUTICOS MISCELANEOS
92.21,RADIOTERAPIA SUPERFICIAL,92 MEDICINA NUCLEAR,16. (87 99) PROCEDIMIENTOS DIAGNOSTICOS Y TERAPEUTICOS MISCELANEOS,16. (87 99) PROCEDIMIENTOS DIAGNOSTICOS Y TERAPEUTICOS MISCELANEOS
92.22,RADIOTERAPIA ORTOVOLTAJE,92 MEDICINA NUCLEAR,16. (87 99) PROCEDIMIENTOS DIAGNOSTICOS Y TERAPEUTICOS MISCELANEOS,16. (87 99) PROCEDIMIENTOS DIAGNOSTICOS Y TERAPEUTICOS MISCELANEOS
92.23,TELETERAPIA CON RADIONUCLEIDO,92 MEDICINA NUCLEAR,16. (87 99) PROCEDIMIENTOS DIAGNOSTICOS Y TERAPEUTICOS MISCELANEOS,16. (87 99) PROCEDIMIENTOS DIAGNOSTICOS Y TERAPEUTICOS MISCELANEOS
92.24,TELETERAPIA CON PROTONES 1-25 MEV,92 MEDICINA NUCLEAR,16. (87 99) PROCEDIMIENTOS DIAGNOSTICOS Y TERAPEUTICOS MISCELANEOS,16. (87 99) PROCEDIMIENTOS DIAGNOSTICOS Y TERAPEUTICOS MISCELANEOS
92.25,TELETERAPIA CON ELECTRONES,92 MEDICINA NUCLEAR,16. (87 99) PROCEDIMIENTOS DIAGNOSTICOS Y TERAPEUTICOS MISCELANEOS,16. (87 99) PROCEDIMIENTOS DIAGNOSTICOS Y TERAPEUTICOS MISCELANEOS
92.26,TELETERAPIA CON PARTICULAS OTRA,92 MEDICINA NUCLEAR,16. (87 99) PROCEDIMIENTOS DIAGNOSTICOS Y TERAPEUTICOS MISCELANEOS,16. (87 99) PROCEDIMIENTOS DIAGNOSTICOS Y TERAPEUTICOS MISCELANEOS
92.27,IMPLANTACION FUENTE RADIACTIVA,92 MEDICINA NUCLEAR,16. (87 99) PROCEDIMIENTOS DIAGNOSTICOS Y TERAPEUTICOS MISCELANEOS,16. (87 99) PROCEDIMIENTOS DIAGNOSTICOS Y TERAPEUTICOS MISCELANEOS
92.28,INYECCION RADIONUCLEIDO,92 MEDICINA NUCLEAR,16. (87 99) PROCEDIMIENTOS DIAGNOSTICOS Y TERAPEUTICOS MISCELANEOS,16. (87 99) PROCEDIMIENTOS DIAGNOSTICOS Y TERAPEUTICOS MISCELANEOS
92.29,RADIOTERAPIA.OTRA,92 MEDICINA NUCLEAR,16. (87 99) PROCEDIMIENTOS DIAGNOSTICOS Y TERAPEUTICOS MISCELANEOS,16. (87 99) PROCEDIMIENTOS DIAGNOSTICOS Y TERAPEUTICOS MISCELANEOS
92.3,RADIOCIRUGIA ESTEREOTAXICA,92 MEDICINA NUCLEAR,16. (87 99) PROCEDIMIENTOS DIAGNOSTICOS Y TERAPEUTICOS MISCELANEOS,16. (87 99) PROCEDIMIENTOS DIAGNOSTICOS Y TERAPEUTICOS MISCELANEOS
92.30,RADIOCIRUGIA ESTEREOTAXICA.NEOM,92 MEDICINA NUCLEAR,16. (87 99) PROCEDIMIENTOS DIAGNOSTICOS Y TERAPEUTICOS MISCELANEOS,16. (87 99) PROCEDIMIENTOS DIAGNOSTICOS Y TERAPEUTICOS MISCELANEOS
92.31,RADIOCIRUGIA FUENTE UNICA FOTONES,92 MEDICINA NUCLEAR,16. (87 99) PROCEDIMIENTOS DIAGNOSTICOS Y TERAPEUTICOS MISCELANEOS,16. (87 99) PROCEDIMIENTOS DIAGNOSTICOS Y TERAPEUTICOS MISCELANEOS
92.32,RADIOCIRUGIA FUENTE MUTIPLE FOTONES,92 MEDICINA NUCLEAR,16. (87 99) PROCEDIMIENTOS DIAGNOSTICOS Y TERAPEUTICOS MISCELANEOS,16. (87 99) PROCEDIMIENTOS DIAGNOSTICOS Y TERAPEUTICOS MISCELANEOS
92.33,RADIOCIRUGIA ACELERADOR PARTICULAS,92 MEDICINA NUCLEAR,16. (87 99) PROCEDIMIENTOS DIAGNOSTICOS Y TERAPEUTICOS MISCELANEOS,16. (87 99) PROCEDIMIENTOS DIAGNOSTICOS Y TERAPEUTICOS MISCELANEOS
92.39,RADIOCIRUGIA ESTEREOTAXICA.NCOC,92 MEDICINA NUCLEAR,16. (87 99) PROCEDIMIENTOS DIAGNOSTICOS Y TERAPEUTICOS MISCELANEOS,16. (87 99) PROCEDIMIENTOS DIAGNOSTICOS Y TERAPEUTICOS MISCELANEOS
92.4,PROCEDIMIENTO RADIOTERAPICO INTRAOPERATORIO,92 MEDICINA NUCLEAR,16. (87 99) PROCEDIMIENTOS DIAGNOSTICOS Y TERAPEUTICOS MISCELANEOS,16. (87 99) PROCEDIMIENTOS DIAGNOSTICOS Y TERAPEUTICOS MISCELANEOS
92.41,RADIOTERAPIA INTRAOPERATORIA CON ELECTRONES,92 MEDICINA NUCLEAR,16. (87 99) PROCEDIMIENTOS DIAGNOSTICOS Y TERAPEUTICOS MISCELANEOS,16. (87 99) PROCEDIMIENTOS DIAGNOSTICOS Y TERAPEUTICOS MISCELANEOS
93,"FISIOTERAPIA,TERAPIA RESPIRATORIA Y REHABILITACION","93 FISIOTERAPIA, TERAPIA RESPIRATORIA,REHABILITACION Y PR.CONEX",16. (87 99) PROCEDIMIENTOS DIAGNOSTICOS Y TERAPEUTICOS MISCELANEOS,16. (87 99) PROCEDIMIENTOS DIAGNOSTICOS Y TERAPEUTICOS MISCELANEOS
93.0,FISIOTERAPIA DIAGNOSTICA,"93 FISIOTERAPIA, TERAPIA RESPIRATORIA,REHABILITACION Y PR.CONEX",16. (87 99) PROCEDIMIENTOS DIAGNOSTICOS Y TERAPEUTICOS MISCELANEOS,16. (87 99) PROCEDIMIENTOS DIAGNOSTICOS Y TERAPEUTICOS MISCELANEOS
93.01,EVALUACION FUNCIONAL,"93 FISIOTERAPIA, TERAPIA RESPIRATORIA,REHABILITACION Y PR.CONEX",16. (87 99) PROCEDIMIENTOS DIAGNOSTICOS Y TERAPEUTICOS MISCELANEOS,16. (87 99) PROCEDIMIENTOS DIAGNOSTICOS Y TERAPEUTICOS MISCELANEOS
93.02,EVALUACION ORTOTICA,"93 FISIOTERAPIA, TERAPIA RESPIRATORIA,REHABILITACION Y PR.CONEX",16. (87 99) PROCEDIMIENTOS DIAGNOSTICOS Y TERAPEUTICOS MISCELANEOS,16. (87 99) PROCEDIMIENTOS DIAGNOSTICOS Y TERAPEUTICOS MISCELANEOS
93.03,EVALUACION PROTESICA,"93 FISIOTERAPIA, TERAPIA RESPIRATORIA,REHABILITACION Y PR.CONEX",16. (87 99) PROCEDIMIENTOS DIAGNOSTICOS Y TERAPEUTICOS MISCELANEOS,16. (87 99) PROCEDIMIENTOS DIAGNOSTICOS Y TERAPEUTICOS MISCELANEOS
93.04,PRUEBA MANUAL FUNCION MUSCULAR,"93 FISIOTERAPIA, TERAPIA RESPIRATORIA,REHABILITACION Y PR.CONEX",16. (87 99) PROCEDIMIENTOS DIAGNOSTICOS Y TERAPEUTICOS MISCELANEOS,16. (87 99) PROCEDIMIENTOS DIAGNOSTICOS Y TERAPEUTICOS MISCELANEOS
93.05,PRUEBA AMPLITUD MOVIMIENTO,"93 FISIOTERAPIA, TERAPIA RESPIRATORIA,REHABILITACION Y PR.CONEX",16. (87 99) PROCEDIMIENTOS DIAGNOSTICOS Y TERAPEUTICOS MISCELANEOS,16. (87 99) PROCEDIMIENTOS DIAGNOSTICOS Y TERAPEUTICOS MISCELANEOS
93.06,MEDICION LONGITUD MIEMBRO,"93 FISIOTERAPIA, TERAPIA RESPIRATORIA,REHABILITACION Y PR.CONEX",16. (87 99) PROCEDIMIENTOS DIAGNOSTICOS Y TERAPEUTICOS MISCELANEOS,16. (87 99) PROCEDIMIENTOS DIAGNOSTICOS Y TERAPEUTICOS MISCELANEOS
93.07,MEDICION CORPORAL,"93 FISIOTERAPIA, TERAPIA RESPIRATORIA,REHABILITACION Y PR.CONEX",16. (87 99) PROCEDIMIENTOS DIAGNOSTICOS Y TERAPEUTICOS MISCELANEOS,16. (87 99) PROCEDIMIENTOS DIAGNOSTICOS Y TERAPEUTICOS MISCELANEOS
93.08,ELECTROMIOGRAFIA,"93 FISIOTERAPIA, TERAPIA RESPIRATORIA,REHABILITACION Y PR.CONEX",16. (87 99) PROCEDIMIENTOS DIAGNOSTICOS Y TERAPEUTICOS MISCELANEOS,16. (87 99) PROCEDIMIENTOS DIAGNOSTICOS Y TERAPEUTICOS MISCELANEOS
93.09,FISIOTERAPIA DIAGNOSTICA.OTRA,"93 FISIOTERAPIA, TERAPIA RESPIRATORIA,REHABILITACION Y PR.CONEX",16. (87 99) PROCEDIMIENTOS DIAGNOSTICOS Y TERAPEUTICOS MISCELANEOS,16. (87 99) PROCEDIMIENTOS DIAGNOSTICOS Y TERAPEUTICOS MISCELANEOS
93.1,EJERCICIO FISIOTERAPIA,"93 FISIOTERAPIA, TERAPIA RESPIRATORIA,REHABILITACION Y PR.CONEX",16. (87 99) PROCEDIMIENTOS DIAGNOSTICOS Y TERAPEUTICOS MISCELANEOS,16. (87 99) PROCEDIMIENTOS DIAGNOSTICOS Y TERAPEUTICOS MISCELANEOS
93.11,EJERCICIO ASISTIDO,"93 FISIOTERAPIA, TERAPIA RESPIRATORIA,REHABILITACION Y PR.CONEX",16. (87 99) PROCEDIMIENTOS DIAGNOSTICOS Y TERAPEUTICOS MISCELANEOS,16. (87 99) PROCEDIMIENTOS DIAGNOSTICOS Y TERAPEUTICOS MISCELANEOS
93.12,EJERCICIO ACTIVO MUSCULOESQUELETICO OTRO,"93 FISIOTERAPIA, TERAPIA RESPIRATORIA,REHABILITACION Y PR.CONEX",16. (87 99) PROCEDIMIENTOS DIAGNOSTICOS Y TERAPEUTICOS MISCELANEOS,16. (87 99) PROCEDIMIENTOS DIAGNOSTICOS Y TERAPEUTICOS MISCELANEOS
93.13,EJERCICIO RESISTENCIA,"93 FISIOTERAPIA, TERAPIA RESPIRATORIA,REHABILITACION Y PR.CONEX",16. (87 99) PROCEDIMIENTOS DIAGNOSTICOS Y TERAPEUTICOS MISCELANEOS,16. (87 99) PROCEDIMIENTOS DIAGNOSTICOS Y TERAPEUTICOS MISCELANEOS
93.14,ENTRENAMIENTO MOVIMIENTO ARTICULACION,"93 FISIOTERAPIA, TERAPIA RESPIRATORIA,REHABILITACION Y PR.CONEX",16. (87 99) PROCEDIMIENTOS DIAGNOSTICOS Y TERAPEUTICOS MISCELANEOS,16. (87 99) PROCEDIMIENTOS DIAGNOSTICOS Y TERAPEUTICOS MISCELANEOS
93.15,MOVILIZACION COLUMNA VERTEBRAL,"93 FISIOTERAPIA, TERAPIA RESPIRATORIA,REHABILITACION Y PR.CONEX",16. (87 99) PROCEDIMIENTOS DIAGNOSTICOS Y TERAPEUTICOS MISCELANEOS,16. (87 99) PROCEDIMIENTOS DIAGNOSTICOS Y TERAPEUTICOS MISCELANEOS
93.16,MOVILIZACION ARTICULACION OTRA,"93 FISIOTERAPIA, TERAPIA RESPIRATORIA,REHABILITACION Y PR.CONEX",16. (87 99) PROCEDIMIENTOS DIAGNOSTICOS Y TERAPEUTICOS MISCELANEOS,16. (87 99) PROCEDIMIENTOS DIAGNOSTICOS Y TERAPEUTICOS MISCELANEOS
93.17,EJERCICIO PASIVO MUSCULOESQUELETICO OTRO,"93 FISIOTERAPIA, TERAPIA RESPIRATORIA,REHABILITACION Y PR.CONEX",16. (87 99) PROCEDIMIENTOS DIAGNOSTICOS Y TERAPEUTICOS MISCELANEOS,16. (87 99) PROCEDIMIENTOS DIAGNOSTICOS Y TERAPEUTICOS MISCELANEOS
93.18,EJERCICIO RESPIRATORIO,"93 FISIOTERAPIA, TERAPIA RESPIRATORIA,REHABILITACION Y PR.CONEX",16. (87 99) PROCEDIMIENTOS DIAGNOSTICOS Y TERAPEUTICOS MISCELANEOS,16. (87 99) PROCEDIMIENTOS DIAGNOSTICOS Y TERAPEUTICOS MISCELANEOS
93.19,EJERCICIO FISIOTERAPIA NCOC,"93 FISIOTERAPIA, TERAPIA RESPIRATORIA,REHABILITACION Y PR.CONEX",16. (87 99) PROCEDIMIENTOS DIAGNOSTICOS Y TERAPEUTICOS MISCELANEOS,16. (87 99) PROCEDIMIENTOS DIAGNOSTICOS Y TERAPEUTICOS MISCELANEOS
93.2,MANIPULACION MUSCULOESQUELETICA OTRA,"93 FISIOTERAPIA, TERAPIA RESPIRATORIA,REHABILITACION Y PR.CONEX",16. (87 99) PROCEDIMIENTOS DIAGNOSTICOS Y TERAPEUTICOS MISCELANEOS,16. (87 99) PROCEDIMIENTOS DIAGNOSTICOS Y TERAPEUTICOS MISCELANEOS
93.21,TRACCION MANUAL Y MECANICA,"93 FISIOTERAPIA, TERAPIA RESPIRATORIA,REHABILITACION Y PR.CONEX",16. (87 99) PROCEDIMIENTOS DIAGNOSTICOS Y TERAPEUTICOS MISCELANEOS,16. (87 99) PROCEDIMIENTOS DIAGNOSTICOS Y TERAPEUTICOS MISCELANEOS
93.22,ENTRENAMIENTO MARCHA,"93 FISIOTERAPIA, TERAPIA RESPIRATORIA,REHABILITACION Y PR.CONEX",16. (87 99) PROCEDIMIENTOS DIAGNOSTICOS Y TERAPEUTICOS MISCELANEOS,16. (87 99) PROCEDIMIENTOS DIAGNOSTICOS Y TERAPEUTICOS MISCELANEOS
93.23,COLOCACION ORTESIS,"93 FISIOTERAPIA, TERAPIA RESPIRATORIA,REHABILITACION Y PR.CONEX",16. (87 99) PROCEDIMIENTOS DIAGNOSTICOS Y TERAPEUTICOS MISCELANEOS,16. (87 99) PROCEDIMIENTOS DIAGNOSTICOS Y TERAPEUTICOS MISCELANEOS
93.24,ENTRENAMIENTO USO PROTESIS U ORTESIS,"93 FISIOTERAPIA, TERAPIA RESPIRATORIA,REHABILITACION Y PR.CONEX",16. (87 99) PROCEDIMIENTOS DIAGNOSTICOS Y TERAPEUTICOS MISCELANEOS,16. (87 99) PROCEDIMIENTOS DIAGNOSTICOS Y TERAPEUTICOS MISCELANEOS
93.25,EXTENSION FORZADA MIEMBRO,"93 FISIOTERAPIA, TERAPIA RESPIRATORIA,REHABILITACION Y PR.CONEX",16. (87 99) PROCEDIMIENTOS DIAGNOSTICOS Y TERAPEUTICOS MISCELANEOS,16. (87 99) PROCEDIMIENTOS DIAGNOSTICOS Y TERAPEUTICOS MISCELANEOS
93.26,ROTURA MANUAL ADHERENCIA ARTICULAR,"93 FISIOTERAPIA, TERAPIA RESPIRATORIA,REHABILITACION Y PR.CONEX",16. (87 99) PROCEDIMIENTOS DIAGNOSTICOS Y TERAPEUTICOS MISCELANEOS,16. (87 99) PROCEDIMIENTOS DIAGNOSTICOS Y TERAPEUTICOS MISCELANEOS
93.27,ESTIRAMIENTO MUSCULO Y TENDON,"93 FISIOTERAPIA, TERAPIA RESPIRATORIA,REHABILITACION Y PR.CONEX",16. (87 99) PROCEDIMIENTOS DIAGNOSTICOS Y TERAPEUTICOS MISCELANEOS,16. (87 99) PROCEDIMIENTOS DIAGNOSTICOS Y TERAPEUTICOS MISCELANEOS
93.28,ESTIRAMIENTO FASCIA,"93 FISIOTERAPIA, TERAPIA RESPIRATORIA,REHABILITACION Y PR.CONEX",16. (87 99) PROCEDIMIENTOS DIAGNOSTICOS Y TERAPEUTICOS MISCELANEOS,16. (87 99) PROCEDIMIENTOS DIAGNOSTICOS Y TERAPEUTICOS MISCELANEOS
93.29,CORRECCION FORZADA MIEMBRO OTRA,"93 FISIOTERAPIA, TERAPIA RESPIRATORIA,REHABILITACION Y PR.CONEX",16. (87 99) PROCEDIMIENTOS DIAGNOSTICOS Y TERAPEUTICOS MISCELANEOS,16. (87 99) PROCEDIMIENTOS DIAGNOSTICOS Y TERAPEUTICOS MISCELANEOS
93.3,PROCEDIMIENTO FISIOTERAPIA OTRO,"93 FISIOTERAPIA, TERAPIA RESPIRATORIA,REHABILITACION Y PR.CONEX",16. (87 99) PROCEDIMIENTOS DIAGNOSTICOS Y TERAPEUTICOS MISCELANEOS,16. (87 99) PROCEDIMIENTOS DIAGNOSTICOS Y TERAPEUTICOS MISCELANEOS
93.31,EJERCICIO ASISTIDO EN PISCINA,"93 FISIOTERAPIA, TERAPIA RESPIRATORIA,REHABILITACION Y PR.CONEX",16. (87 99) PROCEDIMIENTOS DIAGNOSTICOS Y TERAPEUTICOS MISCELANEOS,16. (87 99) PROCEDIMIENTOS DIAGNOSTICOS Y TERAPEUTICOS MISCELANEOS
93.32,TRATAMIENTO BAÑO REMOLINO,"93 FISIOTERAPIA, TERAPIA RESPIRATORIA,REHABILITACION Y PR.CONEX",16. (87 99) PROCEDIMIENTOS DIAGNOSTICOS Y TERAPEUTICOS MISCELANEOS,16. (87 99) PROCEDIMIENTOS DIAGNOSTICOS Y TERAPEUTICOS MISCELANEOS
93.33,HIDROTERAPIA OTRA,"93 FISIOTERAPIA, TERAPIA RESPIRATORIA,REHABILITACION Y PR.CONEX",16. (87 99) PROCEDIMIENTOS DIAGNOSTICOS Y TERAPEUTICOS MISCELANEOS,16. (87 99) PROCEDIMIENTOS DIAGNOSTICOS Y TERAPEUTICOS MISCELANEOS
93.34,DIATERMIA,"93 FISIOTERAPIA, TERAPIA RESPIRATORIA,REHABILITACION Y PR.CONEX",16. (87 99) PROCEDIMIENTOS DIAGNOSTICOS Y TERAPEUTICOS MISCELANEOS,16. (87 99) PROCEDIMIENTOS DIAGNOSTICOS Y TERAPEUTICOS MISCELANEOS
93.35,TERAPIA TERMICA OTRA,"93 FISIOTERAPIA, TERAPIA RESPIRATORIA,REHABILITACION Y PR.CONEX",16. (87 99) PROCEDIMIENTOS DIAGNOSTICOS Y TERAPEUTICOS MISCELANEOS,16. (87 99) PROCEDIMIENTOS DIAGNOSTICOS Y TERAPEUTICOS MISCELANEOS
93.36,REENTRENAMIENTO CORAZON,"93 FISIOTERAPIA, TERAPIA RESPIRATORIA,REHABILITACION Y PR.CONEX",16. (87 99) PROCEDIMIENTOS DIAGNOSTICOS Y TERAPEUTICOS MISCELANEOS,16. (87 99) PROCEDIMIENTOS DIAGNOSTICOS Y TERAPEUTICOS MISCELANEOS
93.37,ENTRENAMIENTO PRENATAL OBSTETRICO,"93 FISIOTERAPIA, TERAPIA RESPIRATORIA,REHABILITACION Y PR.CONEX",16. (87 99) PROCEDIMIENTOS DIAGNOSTICOS Y TERAPEUTICOS MISCELANEOS,16. (87 99) PROCEDIMIENTOS DIAGNOSTICOS Y TERAPEUTICOS MISCELANEOS
93.38,FISIOTERAPIA COMBINADA NEOM,"93 FISIOTERAPIA, TERAPIA RESPIRATORIA,REHABILITACION Y PR.CONEX",16. (87 99) PROCEDIMIENTOS DIAGNOSTICOS Y TERAPEUTICOS MISCELANEOS,16. (87 99) PROCEDIMIENTOS DIAGNOSTICOS Y TERAPEUTICOS MISCELANEOS
93.39,FISIOTERAPIA OTRA,"93 FISIOTERAPIA, TERAPIA RESPIRATORIA,REHABILITACION Y PR.CONEX",16. (87 99) PROCEDIMIENTOS DIAGNOSTICOS Y TERAPEUTICOS MISCELANEOS,16. (87 99) PROCEDIMIENTOS DIAGNOSTICOS Y TERAPEUTICOS MISCELANEOS
93.4,TRACCION ESQUELETICA,"93 FISIOTERAPIA, TERAPIA RESPIRATORIA,REHABILITACION Y PR.CONEX",16. (87 99) PROCEDIMIENTOS DIAGNOSTICOS Y TERAPEUTICOS MISCELANEOS,16. (87 99) PROCEDIMIENTOS DIAGNOSTICOS Y TERAPEUTICOS MISCELANEOS
93.41,TRACCION ESPINAL CON DISPOSITIVO CRANEO,"93 FISIOTERAPIA, TERAPIA RESPIRATORIA,REHABILITACION Y PR.CONEX",16. (87 99) PROCEDIMIENTOS DIAGNOSTICOS Y TERAPEUTICOS MISCELANEOS,16. (87 99) PROCEDIMIENTOS DIAGNOSTICOS Y TERAPEUTICOS MISCELANEOS
93.42,TRACCION ESPINAL OTRA,"93 FISIOTERAPIA, TERAPIA RESPIRATORIA,REHABILITACION Y PR.CONEX",16. (87 99) PROCEDIMIENTOS DIAGNOSTICOS Y TERAPEUTICOS MISCELANEOS,16. (87 99) PROCEDIMIENTOS DIAGNOSTICOS Y TERAPEUTICOS MISCELANEOS
93.43,TRACCION ESQUELETICA INTERMITENTE,"93 FISIOTERAPIA, TERAPIA RESPIRATORIA,REHABILITACION Y PR.CONEX",16. (87 99) PROCEDIMIENTOS DIAGNOSTICOS Y TERAPEUTICOS MISCELANEOS,16. (87 99) PROCEDIMIENTOS DIAGNOSTICOS Y TERAPEUTICOS MISCELANEOS
93.44,TRACCION ESQUELETICA OTRA,"93 FISIOTERAPIA, TERAPIA RESPIRATORIA,REHABILITACION Y PR.CONEX",16. (87 99) PROCEDIMIENTOS DIAGNOSTICOS Y TERAPEUTICOS MISCELANEOS,16. (87 99) PROCEDIMIENTOS DIAGNOSTICOS Y TERAPEUTICOS MISCELANEOS
93.45,TRACCION FERULA THOMAS,"93 FISIOTERAPIA, TERAPIA RESPIRATORIA,REHABILITACION Y PR.CONEX",16. (87 99) PROCEDIMIENTOS DIAGNOSTICOS Y TERAPEUTICOS MISCELANEOS,16. (87 99) PROCEDIMIENTOS DIAGNOSTICOS Y TERAPEUTICOS MISCELANEOS
93.46,TRACCION CUTANEA MIEMBRO OTRA,"93 FISIOTERAPIA, TERAPIA RESPIRATORIA,REHABILITACION Y PR.CONEX",16. (87 99) PROCEDIMIENTOS DIAGNOSTICOS Y TERAPEUTICOS MISCELANEOS,16. (87 99) PROCEDIMIENTOS DIAGNOSTICOS Y TERAPEUTICOS MISCELANEOS
93.5,"INMOVILIZACION,PRESION Y CUIDADO HERIDA OTRA","93 FISIOTERAPIA, TERAPIA RESPIRATORIA,REHABILITACION Y PR.CONEX",16. (87 99) PROCEDIMIENTOS DIAGNOSTICOS Y TERAPEUTICOS MISCELANEOS,16. (87 99) PROCEDIMIENTOS DIAGNOSTICOS Y TERAPEUTICOS MISCELANEOS
93.51,APLICACION VENDAJE ENYESADO,"93 FISIOTERAPIA, TERAPIA RESPIRATORIA,REHABILITACION Y PR.CONEX",16. (87 99) PROCEDIMIENTOS DIAGNOSTICOS Y TERAPEUTICOS MISCELANEOS,16. (87 99) PROCEDIMIENTOS DIAGNOSTICOS Y TERAPEUTICOS MISCELANEOS
93.52,APLICACION SOPORTE CERVICAL,"93 FISIOTERAPIA, TERAPIA RESPIRATORIA,REHABILITACION Y PR.CONEX",16. (87 99) PROCEDIMIENTOS DIAGNOSTICOS Y TERAPEUTICOS MISCELANEOS,16. (87 99) PROCEDIMIENTOS DIAGNOSTICOS Y TERAPEUTICOS MISCELANEOS
93.53,APLICACION ENYESADO OTRA,"93 FISIOTERAPIA, TERAPIA RESPIRATORIA,REHABILITACION Y PR.CONEX",16. (87 99) PROCEDIMIENTOS DIAGNOSTICOS Y TERAPEUTICOS MISCELANEOS,16. (87 99) PROCEDIMIENTOS DIAGNOSTICOS Y TERAPEUTICOS MISCELANEOS
93.54,APLICACION FERULA,"93 FISIOTERAPIA, TERAPIA RESPIRATORIA,REHABILITACION Y PR.CONEX",16. (87 99) PROCEDIMIENTOS DIAGNOSTICOS Y TERAPEUTICOS MISCELANEOS,16. (87 99) PROCEDIMIENTOS DIAGNOSTICOS Y TERAPEUTICOS MISCELANEOS
93.55,ALAMBREADO DENTAL,"93 FISIOTERAPIA, TERAPIA RESPIRATORIA,REHABILITACION Y PR.CONEX",16. (87 99) PROCEDIMIENTOS DIAGNOSTICOS Y TERAPEUTICOS MISCELANEOS,16. (87 99) PROCEDIMIENTOS DIAGNOSTICOS Y TERAPEUTICOS MISCELANEOS
93.56,VENDAJE PRESION,"93 FISIOTERAPIA, TERAPIA RESPIRATORIA,REHABILITACION Y PR.CONEX",16. (87 99) PROCEDIMIENTOS DIAGNOSTICOS Y TERAPEUTICOS MISCELANEOS,16. (87 99) PROCEDIMIENTOS DIAGNOSTICOS Y TERAPEUTICOS MISCELANEOS
93.57,VENDAJE HERIDA OTRO,"93 FISIOTERAPIA, TERAPIA RESPIRATORIA,REHABILITACION Y PR.CONEX",16. (87 99) PROCEDIMIENTOS DIAGNOSTICOS Y TERAPEUTICOS MISCELANEOS,16. (87 99) PROCEDIMIENTOS DIAGNOSTICOS Y TERAPEUTICOS MISCELANEOS
93.58,APLICACION PANTALON PRESION,"93 FISIOTERAPIA, TERAPIA RESPIRATORIA,REHABILITACION Y PR.CONEX",16. (87 99) PROCEDIMIENTOS DIAGNOSTICOS Y TERAPEUTICOS MISCELANEOS,16. (87 99) PROCEDIMIENTOS DIAGNOSTICOS Y TERAPEUTICOS MISCELANEOS
93.59,"INMOVILIZACION,PRESION Y CUIDADO HERIDA.OTRA","93 FISIOTERAPIA, TERAPIA RESPIRATORIA,REHABILITACION Y PR.CONEX",16. (87 99) PROCEDIMIENTOS DIAGNOSTICOS Y TERAPEUTICOS MISCELANEOS,16. (87 99) PROCEDIMIENTOS DIAGNOSTICOS Y TERAPEUTICOS MISCELANEOS
93.6,MANIPULACION OSTEOPATICA,"93 FISIOTERAPIA, TERAPIA RESPIRATORIA,REHABILITACION Y PR.CONEX",16. (87 99) PROCEDIMIENTOS DIAGNOSTICOS Y TERAPEUTICOS MISCELANEOS,16. (87 99) PROCEDIMIENTOS DIAGNOSTICOS Y TERAPEUTICOS MISCELANEOS
93.61,MANIPULACION OSTEOPATICA PARA MOVILIZACION GENERAL,"93 FISIOTERAPIA, TERAPIA RESPIRATORIA,REHABILITACION Y PR.CONEX",16. (87 99) PROCEDIMIENTOS DIAGNOSTICOS Y TERAPEUTICOS MISCELANEOS,16. (87 99) PROCEDIMIENTOS DIAGNOSTICOS Y TERAPEUTICOS MISCELANEOS
93.62,MANIPULACION OSTEOPATICA CON ALTA VELOCIDAD Y BAJA AMPLITUD,"93 FISIOTERAPIA, TERAPIA RESPIRATORIA,REHABILITACION Y PR.CONEX",16. (87 99) PROCEDIMIENTOS DIAGNOSTICOS Y TERAPEUTICOS MISCELANEOS,16. (87 99) PROCEDIMIENTOS DIAGNOSTICOS Y TERAPEUTICOS MISCELANEOS
93.63,MANIPULACION OSTEOPATICA CON BAJA VELOCIDAD Y ALTA AMPLITUD,"93 FISIOTERAPIA, TERAPIA RESPIRATORIA,REHABILITACION Y PR.CONEX",16. (87 99) PROCEDIMIENTOS DIAGNOSTICOS Y TERAPEUTICOS MISCELANEOS,16. (87 99) PROCEDIMIENTOS DIAGNOSTICOS Y TERAPEUTICOS MISCELANEOS
93.64,MANIPULACION OSTEOPATICA CON FUERZA ISOTONICA E ISOMETRICA,"93 FISIOTERAPIA, TERAPIA RESPIRATORIA,REHABILITACION Y PR.CONEX",16. (87 99) PROCEDIMIENTOS DIAGNOSTICOS Y TERAPEUTICOS MISCELANEOS,16. (87 99) PROCEDIMIENTOS DIAGNOSTICOS Y TERAPEUTICOS MISCELANEOS
93.65,MANIPULACION OSTEOPATICA CON FUERZA INDIRECTA,"93 FISIOTERAPIA, TERAPIA RESPIRATORIA,REHABILITACION Y PR.CONEX",16. (87 99) PROCEDIMIENTOS DIAGNOSTICOS Y TERAPEUTICOS MISCELANEOS,16. (87 99) PROCEDIMIENTOS DIAGNOSTICOS Y TERAPEUTICOS MISCELANEOS
93.66,MANIPULACION OSTEOPATICA PARA MOVILIZAR LIQUIDO O TEJIDO,"93 FISIOTERAPIA, TERAPIA RESPIRATORIA,REHABILITACION Y PR.CONEX",16. (87 99) PROCEDIMIENTOS DIAGNOSTICOS Y TERAPEUTICOS MISCELANEOS,16. (87 99) PROCEDIMIENTOS DIAGNOSTICOS Y TERAPEUTICOS MISCELANEOS
93.67,MANIPULACION OSTEOPATICA.OTRA,"93 FISIOTERAPIA, TERAPIA RESPIRATORIA,REHABILITACION Y PR.CONEX",16. (87 99) PROCEDIMIENTOS DIAGNOSTICOS Y TERAPEUTICOS MISCELANEOS,16. (87 99) PROCEDIMIENTOS DIAGNOSTICOS Y TERAPEUTICOS MISCELANEOS
93.7,"REHABILITACION HABLA,LECTURA Y CIEGO","93 FISIOTERAPIA, TERAPIA RESPIRATORIA,REHABILITACION Y PR.CONEX",16. (87 99) PROCEDIMIENTOS DIAGNOSTICOS Y TERAPEUTICOS MISCELANEOS,16. (87 99) PROCEDIMIENTOS DIAGNOSTICOS Y TERAPEUTICOS MISCELANEOS
93.71,ENTRENAMIENTO DISLEXIA,"93 FISIOTERAPIA, TERAPIA RESPIRATORIA,REHABILITACION Y PR.CONEX",16. (87 99) PROCEDIMIENTOS DIAGNOSTICOS Y TERAPEUTICOS MISCELANEOS,16. (87 99) PROCEDIMIENTOS DIAGNOSTICOS Y TERAPEUTICOS MISCELANEOS
93.72,ENTRENAMIENTO DISFASIA,"93 FISIOTERAPIA, TERAPIA RESPIRATORIA,REHABILITACION Y PR.CONEX",16. (87 99) PROCEDIMIENTOS DIAGNOSTICOS Y TERAPEUTICOS MISCELANEOS,16. (87 99) PROCEDIMIENTOS DIAGNOSTICOS Y TERAPEUTICOS MISCELANEOS
93.73,ENTRENAMIENTO HABLA ESOFAGICA,"93 FISIOTERAPIA, TERAPIA RESPIRATORIA,REHABILITACION Y PR.CONEX",16. (87 99) PROCEDIMIENTOS DIAGNOSTICOS Y TERAPEUTICOS MISCELANEOS,16. (87 99) PROCEDIMIENTOS DIAGNOSTICOS Y TERAPEUTICOS MISCELANEOS
93.74,ENTRENAMIENTO DEFECTO LENGUAJE,"93 FISIOTERAPIA, TERAPIA RESPIRATORIA,REHABILITACION Y PR.CONEX",16. (87 99) PROCEDIMIENTOS DIAGNOSTICOS Y TERAPEUTICOS MISCELANEOS,16. (87 99) PROCEDIMIENTOS DIAGNOSTICOS Y TERAPEUTICOS MISCELANEOS
93.75,ENTRENAMIENTO Y TERAPIA HABLA OTRO,"93 FISIOTERAPIA, TERAPIA RESPIRATORIA,REHABILITACION Y PR.CONEX",16. (87 99) PROCEDIMIENTOS DIAGNOSTICOS Y TERAPEUTICOS MISCELANEOS,16. (87 99) PROCEDIMIENTOS DIAGNOSTICOS Y TERAPEUTICOS MISCELANEOS
93.76,ENTRENAMIENTO USO PERRO LAZARILLO PARA CIEGO,"93 FISIOTERAPIA, TERAPIA RESPIRATORIA,REHABILITACION Y PR.CONEX",16. (87 99) PROCEDIMIENTOS DIAGNOSTICOS Y TERAPEUTICOS MISCELANEOS,16. (87 99) PROCEDIMIENTOS DIAGNOSTICOS Y TERAPEUTICOS MISCELANEOS
93.77,EDUCACION ESCRITURA BRAILLE O MOON,"93 FISIOTERAPIA, TERAPIA RESPIRATORIA,REHABILITACION Y PR.CONEX",16. (87 99) PROCEDIMIENTOS DIAGNOSTICOS Y TERAPEUTICOS MISCELANEOS,16. (87 99) PROCEDIMIENTOS DIAGNOSTICOS Y TERAPEUTICOS MISCELANEOS
93.78,REHABILITACION CIEGO OTRA,"93 FISIOTERAPIA, TERAPIA RESPIRATORIA,REHABILITACION Y PR.CONEX",16. (87 99) PROCEDIMIENTOS DIAGNOSTICOS Y TERAPEUTICOS MISCELANEOS,16. (87 99) PROCEDIMIENTOS DIAGNOSTICOS Y TERAPEUTICOS MISCELANEOS
93.8,TERAPIA REHABILITACION OTRA,"93 FISIOTERAPIA, TERAPIA RESPIRATORIA,REHABILITACION Y PR.CONEX",16. (87 99) PROCEDIMIENTOS DIAGNOSTICOS Y TERAPEUTICOS MISCELANEOS,16. (87 99) PROCEDIMIENTOS DIAGNOSTICOS Y TERAPEUTICOS MISCELANEOS
93.81,TERAPIA RECREATIVA,"93 FISIOTERAPIA, TERAPIA RESPIRATORIA,REHABILITACION Y PR.CONEX",16. (87 99) PROCEDIMIENTOS DIAGNOSTICOS Y TERAPEUTICOS MISCELANEOS,16. (87 99) PROCEDIMIENTOS DIAGNOSTICOS Y TERAPEUTICOS MISCELANEOS
93.82,TERAPIA EDUCATIVA,"93 FISIOTERAPIA, TERAPIA RESPIRATORIA,REHABILITACION Y PR.CONEX",16. (87 99) PROCEDIMIENTOS DIAGNOSTICOS Y TERAPEUTICOS MISCELANEOS,16. (87 99) PROCEDIMIENTOS DIAGNOSTICOS Y TERAPEUTICOS MISCELANEOS
93.83,TERAPIA OCUPACIONAL,"93 FISIOTERAPIA, TERAPIA RESPIRATORIA,REHABILITACION Y PR.CONEX",16. (87 99) PROCEDIMIENTOS DIAGNOSTICOS Y TERAPEUTICOS MISCELANEOS,16. (87 99) PROCEDIMIENTOS DIAGNOSTICOS Y TERAPEUTICOS MISCELANEOS
93.84,MUSICOTERAPIA,"93 FISIOTERAPIA, TERAPIA RESPIRATORIA,REHABILITACION Y PR.CONEX",16. (87 99) PROCEDIMIENTOS DIAGNOSTICOS Y TERAPEUTICOS MISCELANEOS,16. (87 99) PROCEDIMIENTOS DIAGNOSTICOS Y TERAPEUTICOS MISCELANEOS
93.85,REHABILITACION PROFESIONAL,"93 FISIOTERAPIA, TERAPIA RESPIRATORIA,REHABILITACION Y PR.CONEX",16. (87 99) PROCEDIMIENTOS DIAGNOSTICOS Y TERAPEUTICOS MISCELANEOS,16. (87 99) PROCEDIMIENTOS DIAGNOSTICOS Y TERAPEUTICOS MISCELANEOS
93.89,REHABILITACION NCOC,"93 FISIOTERAPIA, TERAPIA RESPIRATORIA,REHABILITACION Y PR.CONEX",16. (87 99) PROCEDIMIENTOS DIAGNOSTICOS Y TERAPEUTICOS MISCELANEOS,16. (87 99) PROCEDIMIENTOS DIAGNOSTICOS Y TERAPEUTICOS MISCELANEOS
93.9,TERAPIA RESPIRATORIA,"93 FISIOTERAPIA, TERAPIA RESPIRATORIA,REHABILITACION Y PR.CONEX",16. (87 99) PROCEDIMIENTOS DIAGNOSTICOS Y TERAPEUTICOS MISCELANEOS,16. (87 99) PROCEDIMIENTOS DIAGNOSTICOS Y TERAPEUTICOS MISCELANEOS
93.90,RESPIRACION PRESION POSITIVA CONTINUA [RPPC],"93 FISIOTERAPIA, TERAPIA RESPIRATORIA,REHABILITACION Y PR.CONEX",16. (87 99) PROCEDIMIENTOS DIAGNOSTICOS Y TERAPEUTICOS MISCELANEOS,16. (87 99) PROCEDIMIENTOS DIAGNOSTICOS Y TERAPEUTICOS MISCELANEOS
93.91,RESPIRACION PRESION POSITIVA INTERMITENTE [RPPI],"93 FISIOTERAPIA, TERAPIA RESPIRATORIA,REHABILITACION Y PR.CONEX",16. (87 99) PROCEDIMIENTOS DIAGNOSTICOS Y TERAPEUTICOS MISCELANEOS,16. (87 99) PROCEDIMIENTOS DIAGNOSTICOS Y TERAPEUTICOS MISCELANEOS
93.93,RESUCITACION NO MECANICA,"93 FISIOTERAPIA, TERAPIA RESPIRATORIA,REHABILITACION Y PR.CONEX",16. (87 99) PROCEDIMIENTOS DIAGNOSTICOS Y TERAPEUTICOS MISCELANEOS,16. (87 99) PROCEDIMIENTOS DIAGNOSTICOS Y TERAPEUTICOS MISCELANEOS
93.94,AEROSOLTERAPIA,"93 FISIOTERAPIA, TERAPIA RESPIRATORIA,REHABILITACION Y PR.CONEX",16. (87 99) PROCEDIMIENTOS DIAGNOSTICOS Y TERAPEUTICOS MISCELANEOS,16. (87 99) PROCEDIMIENTOS DIAGNOSTICOS Y TERAPEUTICOS MISCELANEOS
93.95,OXIGENACION HIPERBARICA,"93 FISIOTERAPIA, TERAPIA RESPIRATORIA,REHABILITACION Y PR.CONEX",16. (87 99) PROCEDIMIENTOS DIAGNOSTICOS Y TERAPEUTICOS MISCELANEOS,16. (87 99) PROCEDIMIENTOS DIAGNOSTICOS Y TERAPEUTICOS MISCELANEOS
93.96,ENRIQUECIMIENTO OXIGENO OTRO,"93 FISIOTERAPIA, TERAPIA RESPIRATORIA,REHABILITACION Y PR.CONEX",16. (87 99) PROCEDIMIENTOS DIAGNOSTICOS Y TERAPEUTICOS MISCELANEOS,16. (87 99) PROCEDIMIENTOS DIAGNOSTICOS Y TERAPEUTICOS MISCELANEOS
93.97,CAMARA DESCOMPRESION,"93 FISIOTERAPIA, TERAPIA RESPIRATORIA,REHABILITACION Y PR.CONEX",16. (87 99) PROCEDIMIENTOS DIAGNOSTICOS Y TERAPEUTICOS MISCELANEOS,16. (87 99) PROCEDIMIENTOS DIAGNOSTICOS Y TERAPEUTICOS MISCELANEOS
93.98,CONTROL PRESION Y COMPOSICION ATMOSFERICA,"93 FISIOTERAPIA, TERAPIA RESPIRATORIA,REHABILITACION Y PR.CONEX",16. (87 99) PROCEDIMIENTOS DIAGNOSTICOS Y TERAPEUTICOS MISCELANEOS,16. (87 99) PROCEDIMIENTOS DIAGNOSTICOS Y TERAPEUTICOS MISCELANEOS
93.99,TERAPIA RESPIRATORIA.OTRA,"93 FISIOTERAPIA, TERAPIA RESPIRATORIA,REHABILITACION Y PR.CONEX",16. (87 99) PROCEDIMIENTOS DIAGNOSTICOS Y TERAPEUTICOS MISCELANEOS,16. (87 99) PROCEDIMIENTOS DIAGNOSTICOS Y TERAPEUTICOS MISCELANEOS
94,PROCEDIMIENTO PSIQUICO,94 PROCEDIMEINTOS RELACIONADOS CON LA PSIQUE,16. (87 99) PROCEDIMIENTOS DIAGNOSTICOS Y TERAPEUTICOS MISCELANEOS,16. (87 99) PROCEDIMIENTOS DIAGNOSTICOS Y TERAPEUTICOS MISCELANEOS
94.0,PRUEBA Y EVALUACION PSICOLOGICA,94 PROCEDIMEINTOS RELACIONADOS CON LA PSIQUE,16. (87 99) PROCEDIMIENTOS DIAGNOSTICOS Y TERAPEUTICOS MISCELANEOS,16. (87 99) PROCEDIMIENTOS DIAGNOSTICOS Y TERAPEUTICOS MISCELANEOS
94.01,PRACTICA TEST INTELIGENCIA,94 PROCEDIMEINTOS RELACIONADOS CON LA PSIQUE,16. (87 99) PROCEDIMIENTOS DIAGNOSTICOS Y TERAPEUTICOS MISCELANEOS,16. (87 99) PROCEDIMIENTOS DIAGNOSTICOS Y TERAPEUTICOS MISCELANEOS
94.02,PRACTICA PRUEBA PSICOLOGICA,94 PROCEDIMEINTOS RELACIONADOS CON LA PSIQUE,16. (87 99) PROCEDIMIENTOS DIAGNOSTICOS Y TERAPEUTICOS MISCELANEOS,16. (87 99) PROCEDIMIENTOS DIAGNOSTICOS Y TERAPEUTICOS MISCELANEOS
94.03,ANALISIS CARACTER,94 PROCEDIMEINTOS RELACIONADOS CON LA PSIQUE,16. (87 99) PROCEDIMIENTOS DIAGNOSTICOS Y TERAPEUTICOS MISCELANEOS,16. (87 99) PROCEDIMIENTOS DIAGNOSTICOS Y TERAPEUTICOS MISCELANEOS
94.08,PRUEBA Y EVALUACION PSICOLOGICA.OTRA,94 PROCEDIMEINTOS RELACIONADOS CON LA PSIQUE,16. (87 99) PROCEDIMIENTOS DIAGNOSTICOS Y TERAPEUTICOS MISCELANEOS,16. (87 99) PROCEDIMIENTOS DIAGNOSTICOS Y TERAPEUTICOS MISCELANEOS
94.09,DETERMINACION ESTADO MENTAL PSICOLOGICO NEOM,94 PROCEDIMEINTOS RELACIONADOS CON LA PSIQUE,16. (87 99) PROCEDIMIENTOS DIAGNOSTICOS Y TERAPEUTICOS MISCELANEOS,16. (87 99) PROCEDIMIENTOS DIAGNOSTICOS Y TERAPEUTICOS MISCELANEOS
94.1,"ENTREVISTA,CONSULTA Y EVALUACION PSIQUIATRICA",94 PROCEDIMEINTOS RELACIONADOS CON LA PSIQUE,16. (87 99) PROCEDIMIENTOS DIAGNOSTICOS Y TERAPEUTICOS MISCELANEOS,16. (87 99) PROCEDIMIENTOS DIAGNOSTICOS Y TERAPEUTICOS MISCELANEOS
94.11,DETERMINACION ESTADO MENTAL PSIQUIATRICO,94 PROCEDIMEINTOS RELACIONADOS CON LA PSIQUE,16. (87 99) PROCEDIMIENTOS DIAGNOSTICOS Y TERAPEUTICOS MISCELANEOS,16. (87 99) PROCEDIMIENTOS DIAGNOSTICOS Y TERAPEUTICOS MISCELANEOS
94.12,CONSULTA PSIQUIATRICA RUTINARIA NEOM,94 PROCEDIMEINTOS RELACIONADOS CON LA PSIQUE,16. (87 99) PROCEDIMIENTOS DIAGNOSTICOS Y TERAPEUTICOS MISCELANEOS,16. (87 99) PROCEDIMIENTOS DIAGNOSTICOS Y TERAPEUTICOS MISCELANEOS
94.13,EVALUACION PSIQUIATRICA PARA INTERNAMIENTO,94 PROCEDIMEINTOS RELACIONADOS CON LA PSIQUE,16. (87 99) PROCEDIMIENTOS DIAGNOSTICOS Y TERAPEUTICOS MISCELANEOS,16. (87 99) PROCEDIMIENTOS DIAGNOSTICOS Y TERAPEUTICOS MISCELANEOS
94.19,ENTREVISTA Y EVALUACION PSIQUIATRICA.OTRA,94 PROCEDIMEINTOS RELACIONADOS CON LA PSIQUE,16. (87 99) PROCEDIMIENTOS DIAGNOSTICOS Y TERAPEUTICOS MISCELANEOS,16. (87 99) PROCEDIMIENTOS DIAGNOSTICOS Y TERAPEUTICOS MISCELANEOS
94.2,SOMATOTERAPIA PSIQUIATRICA,94 PROCEDIMEINTOS RELACIONADOS CON LA PSIQUE,16. (87 99) PROCEDIMIENTOS DIAGNOSTICOS Y TERAPEUTICOS MISCELANEOS,16. (87 99) PROCEDIMIENTOS DIAGNOSTICOS Y TERAPEUTICOS MISCELANEOS
94.21,NARCOANALISIS,94 PROCEDIMEINTOS RELACIONADOS CON LA PSIQUE,16. (87 99) PROCEDIMIENTOS DIAGNOSTICOS Y TERAPEUTICOS MISCELANEOS,16. (87 99) PROCEDIMIENTOS DIAGNOSTICOS Y TERAPEUTICOS MISCELANEOS
94.22,TERAPIA LITIO,94 PROCEDIMEINTOS RELACIONADOS CON LA PSIQUE,16. (87 99) PROCEDIMIENTOS DIAGNOSTICOS Y TERAPEUTICOS MISCELANEOS,16. (87 99) PROCEDIMIENTOS DIAGNOSTICOS Y TERAPEUTICOS MISCELANEOS
94.23,TERAPIA NEUROLEPTICA,94 PROCEDIMEINTOS RELACIONADOS CON LA PSIQUE,16. (87 99) PROCEDIMIENTOS DIAGNOSTICOS Y TERAPEUTICOS MISCELANEOS,16. (87 99) PROCEDIMIENTOS DIAGNOSTICOS Y TERAPEUTICOS MISCELANEOS
94.24,TERAPIA CHOQUE QUIMICO,94 PROCEDIMEINTOS RELACIONADOS CON LA PSIQUE,16. (87 99) PROCEDIMIENTOS DIAGNOSTICOS Y TERAPEUTICOS MISCELANEOS,16. (87 99) PROCEDIMIENTOS DIAGNOSTICOS Y TERAPEUTICOS MISCELANEOS
94.25,TERAPIA PSIQUIATRICA FARMACOLOGICA OTRA,94 PROCEDIMEINTOS RELACIONADOS CON LA PSIQUE,16. (87 99) PROCEDIMIENTOS DIAGNOSTICOS Y TERAPEUTICOS MISCELANEOS,16. (87 99) PROCEDIMIENTOS DIAGNOSTICOS Y TERAPEUTICOS MISCELANEOS
94.26,ELECTROCHOQUE SUBCONVULSIVO,94 PROCEDIMEINTOS RELACIONADOS CON LA PSIQUE,16. (87 99) PROCEDIMIENTOS DIAGNOSTICOS Y TERAPEUTICOS MISCELANEOS,16. (87 99) PROCEDIMIENTOS DIAGNOSTICOS Y TERAPEUTICOS MISCELANEOS
94.27,ELECTROCHOQUE OTRO,94 PROCEDIMEINTOS RELACIONADOS CON LA PSIQUE,16. (87 99) PROCEDIMIENTOS DIAGNOSTICOS Y TERAPEUTICOS MISCELANEOS,16. (87 99) PROCEDIMIENTOS DIAGNOSTICOS Y TERAPEUTICOS MISCELANEOS
94.29,SOMATOTERAPIA PSIQUIATRICA.OTRA,94 PROCEDIMEINTOS RELACIONADOS CON LA PSIQUE,16. (87 99) PROCEDIMIENTOS DIAGNOSTICOS Y TERAPEUTICOS MISCELANEOS,16. (87 99) PROCEDIMIENTOS DIAGNOSTICOS Y TERAPEUTICOS MISCELANEOS
94.3,PSICOTERAPIA INDIVIDUAL,94 PROCEDIMEINTOS RELACIONADOS CON LA PSIQUE,16. (87 99) PROCEDIMIENTOS DIAGNOSTICOS Y TERAPEUTICOS MISCELANEOS,16. (87 99) PROCEDIMIENTOS DIAGNOSTICOS Y TERAPEUTICOS MISCELANEOS
94.31,PSICOANALISIS,94 PROCEDIMEINTOS RELACIONADOS CON LA PSIQUE,16. (87 99) PROCEDIMIENTOS DIAGNOSTICOS Y TERAPEUTICOS MISCELANEOS,16. (87 99) PROCEDIMIENTOS DIAGNOSTICOS Y TERAPEUTICOS MISCELANEOS
94.32,HIPNOTERAPIA,94 PROCEDIMEINTOS RELACIONADOS CON LA PSIQUE,16. (87 99) PROCEDIMIENTOS DIAGNOSTICOS Y TERAPEUTICOS MISCELANEOS,16. (87 99) PROCEDIMIENTOS DIAGNOSTICOS Y TERAPEUTICOS MISCELANEOS
94.33,TERAPIA COMPORTAMIENTO,94 PROCEDIMEINTOS RELACIONADOS CON LA PSIQUE,16. (87 99) PROCEDIMIENTOS DIAGNOSTICOS Y TERAPEUTICOS MISCELANEOS,16. (87 99) PROCEDIMIENTOS DIAGNOSTICOS Y TERAPEUTICOS MISCELANEOS
94.34,TERAPIA INDIVIDUAL DISFUNCION PSICOSEXUAL,94 PROCEDIMEINTOS RELACIONADOS CON LA PSIQUE,16. (87 99) PROCEDIMIENTOS DIAGNOSTICOS Y TERAPEUTICOS MISCELANEOS,16. (87 99) PROCEDIMIENTOS DIAGNOSTICOS Y TERAPEUTICOS MISCELANEOS
94.35,TERAPIA INTERVENCION EN CRISIS,94 PROCEDIMEINTOS RELACIONADOS CON LA PSIQUE,16. (87 99) PROCEDIMIENTOS DIAGNOSTICOS Y TERAPEUTICOS MISCELANEOS,16. (87 99) PROCEDIMIENTOS DIAGNOSTICOS Y TERAPEUTICOS MISCELANEOS
94.36,PSICOTERAPIA JUEGO,94 PROCEDIMEINTOS RELACIONADOS CON LA PSIQUE,16. (87 99) PROCEDIMIENTOS DIAGNOSTICOS Y TERAPEUTICOS MISCELANEOS,16. (87 99) PROCEDIMIENTOS DIAGNOSTICOS Y TERAPEUTICOS MISCELANEOS
94.37,PSICOTERAPIA VERBAL EXPLORATORIA,94 PROCEDIMEINTOS RELACIONADOS CON LA PSIQUE,16. (87 99) PROCEDIMIENTOS DIAGNOSTICOS Y TERAPEUTICOS MISCELANEOS,16. (87 99) PROCEDIMIENTOS DIAGNOSTICOS Y TERAPEUTICOS MISCELANEOS
94.38,PSICOTERAPIA VERBAL APOYO,94 PROCEDIMEINTOS RELACIONADOS CON LA PSIQUE,16. (87 99) PROCEDIMIENTOS DIAGNOSTICOS Y TERAPEUTICOS MISCELANEOS,16. (87 99) PROCEDIMIENTOS DIAGNOSTICOS Y TERAPEUTICOS MISCELANEOS
94.39,PSICOTERAPIA INDIVIDUAL.OTRA,94 PROCEDIMEINTOS RELACIONADOS CON LA PSIQUE,16. (87 99) PROCEDIMIENTOS DIAGNOSTICOS Y TERAPEUTICOS MISCELANEOS,16. (87 99) PROCEDIMIENTOS DIAGNOSTICOS Y TERAPEUTICOS MISCELANEOS
94.4,PSICOTERAPIA Y ASESORAMIENTO OTRA,94 PROCEDIMEINTOS RELACIONADOS CON LA PSIQUE,16. (87 99) PROCEDIMIENTOS DIAGNOSTICOS Y TERAPEUTICOS MISCELANEOS,16. (87 99) PROCEDIMIENTOS DIAGNOSTICOS Y TERAPEUTICOS MISCELANEOS
94.41,TERAPIA GRUPO EN DISFUNCION PSICOSEXUAL,94 PROCEDIMEINTOS RELACIONADOS CON LA PSIQUE,16. (87 99) PROCEDIMIENTOS DIAGNOSTICOS Y TERAPEUTICOS MISCELANEOS,16. (87 99) PROCEDIMIENTOS DIAGNOSTICOS Y TERAPEUTICOS MISCELANEOS
94.42,TERAPIA FAMILIAR,94 PROCEDIMEINTOS RELACIONADOS CON LA PSIQUE,16. (87 99) PROCEDIMIENTOS DIAGNOSTICOS Y TERAPEUTICOS MISCELANEOS,16. (87 99) PROCEDIMIENTOS DIAGNOSTICOS Y TERAPEUTICOS MISCELANEOS
94.43,PSICODRAMA,94 PROCEDIMEINTOS RELACIONADOS CON LA PSIQUE,16. (87 99) PROCEDIMIENTOS DIAGNOSTICOS Y TERAPEUTICOS MISCELANEOS,16. (87 99) PROCEDIMIENTOS DIAGNOSTICOS Y TERAPEUTICOS MISCELANEOS
94.44,TERAPIA GRUPO OTRA,94 PROCEDIMEINTOS RELACIONADOS CON LA PSIQUE,16. (87 99) PROCEDIMIENTOS DIAGNOSTICOS Y TERAPEUTICOS MISCELANEOS,16. (87 99) PROCEDIMIENTOS DIAGNOSTICOS Y TERAPEUTICOS MISCELANEOS
94.45,ASESORAMIENTO TOXICOMANIA,94 PROCEDIMEINTOS RELACIONADOS CON LA PSIQUE,16. (87 99) PROCEDIMIENTOS DIAGNOSTICOS Y TERAPEUTICOS MISCELANEOS,16. (87 99) PROCEDIMIENTOS DIAGNOSTICOS Y TERAPEUTICOS MISCELANEOS
94.46,ASESORAMIENTO ALCOHOLISMO,94 PROCEDIMEINTOS RELACIONADOS CON LA PSIQUE,16. (87 99) PROCEDIMIENTOS DIAGNOSTICOS Y TERAPEUTICOS MISCELANEOS,16. (87 99) PROCEDIMIENTOS DIAGNOSTICOS Y TERAPEUTICOS MISCELANEOS
94.49,ASESORAMIENTO OTRO,94 PROCEDIMEINTOS RELACIONADOS CON LA PSIQUE,16. (87 99) PROCEDIMIENTOS DIAGNOSTICOS Y TERAPEUTICOS MISCELANEOS,16. (87 99) PROCEDIMIENTOS DIAGNOSTICOS Y TERAPEUTICOS MISCELANEOS
94.5,ORIENTACION A REHABILITACION PISCOLOGICA,94 PROCEDIMEINTOS RELACIONADOS CON LA PSIQUE,16. (87 99) PROCEDIMIENTOS DIAGNOSTICOS Y TERAPEUTICOS MISCELANEOS,16. (87 99) PROCEDIMIENTOS DIAGNOSTICOS Y TERAPEUTICOS MISCELANEOS
94.51,ORIENTACION A PSICOTERAPIA,94 PROCEDIMEINTOS RELACIONADOS CON LA PSIQUE,16. (87 99) PROCEDIMIENTOS DIAGNOSTICOS Y TERAPEUTICOS MISCELANEOS,16. (87 99) PROCEDIMIENTOS DIAGNOSTICOS Y TERAPEUTICOS MISCELANEOS
94.52,ORIENTACION A CUIDADO PSIQUIATRICO POSTRATAMIENTO,94 PROCEDIMEINTOS RELACIONADOS CON LA PSIQUE,16. (87 99) PROCEDIMIENTOS DIAGNOSTICOS Y TERAPEUTICOS MISCELANEOS,16. (87 99) PROCEDIMIENTOS DIAGNOSTICOS Y TERAPEUTICOS MISCELANEOS
94.53,ORIENTACION A REHABILITACION ALCOHOLISMO,94 PROCEDIMEINTOS RELACIONADOS CON LA PSIQUE,16. (87 99) PROCEDIMIENTOS DIAGNOSTICOS Y TERAPEUTICOS MISCELANEOS,16. (87 99) PROCEDIMIENTOS DIAGNOSTICOS Y TERAPEUTICOS MISCELANEOS
94.54,ORIENTACION A REHABILITACION TOXICOMANIA,94 PROCEDIMEINTOS RELACIONADOS CON LA PSIQUE,16. (87 99) PROCEDIMIENTOS DIAGNOSTICOS Y TERAPEUTICOS MISCELANEOS,16. (87 99) PROCEDIMIENTOS DIAGNOSTICOS Y TERAPEUTICOS MISCELANEOS
94.55,ORIENTACION A REHABILITACION PROFESIONAL,94 PROCEDIMEINTOS RELACIONADOS CON LA PSIQUE,16. (87 99) PROCEDIMIENTOS DIAGNOSTICOS Y TERAPEUTICOS MISCELANEOS,16. (87 99) PROCEDIMIENTOS DIAGNOSTICOS Y TERAPEUTICOS MISCELANEOS
94.59,ORIENTACION A REHABILITACION PSICOLOGICA.OTRA,94 PROCEDIMEINTOS RELACIONADOS CON LA PSIQUE,16. (87 99) PROCEDIMIENTOS DIAGNOSTICOS Y TERAPEUTICOS MISCELANEOS,16. (87 99) PROCEDIMIENTOS DIAGNOSTICOS Y TERAPEUTICOS MISCELANEOS
94.6,REHABILITACION Y DESINTOXICACION ALCOHOL Y DROGA,94 PROCEDIMEINTOS RELACIONADOS CON LA PSIQUE,16. (87 99) PROCEDIMIENTOS DIAGNOSTICOS Y TERAPEUTICOS MISCELANEOS,16. (87 99) PROCEDIMIENTOS DIAGNOSTICOS Y TERAPEUTICOS MISCELANEOS
94.61,REHABILITACION ALCOHOL,94 PROCEDIMEINTOS RELACIONADOS CON LA PSIQUE,16. (87 99) PROCEDIMIENTOS DIAGNOSTICOS Y TERAPEUTICOS MISCELANEOS,16. (87 99) PROCEDIMIENTOS DIAGNOSTICOS Y TERAPEUTICOS MISCELANEOS
94.62,DESINTOXICACION ALCOHOL,94 PROCEDIMEINTOS RELACIONADOS CON LA PSIQUE,16. (87 99) PROCEDIMIENTOS DIAGNOSTICOS Y TERAPEUTICOS MISCELANEOS,16. (87 99) PROCEDIMIENTOS DIAGNOSTICOS Y TERAPEUTICOS MISCELANEOS
94.63,REHABILITACION Y DESINTOXICACION ALCOHOL,94 PROCEDIMEINTOS RELACIONADOS CON LA PSIQUE,16. (87 99) PROCEDIMIENTOS DIAGNOSTICOS Y TERAPEUTICOS MISCELANEOS,16. (87 99) PROCEDIMIENTOS DIAGNOSTICOS Y TERAPEUTICOS MISCELANEOS
94.64,REHABILITACION DROGA,94 PROCEDIMEINTOS RELACIONADOS CON LA PSIQUE,16. (87 99) PROCEDIMIENTOS DIAGNOSTICOS Y TERAPEUTICOS MISCELANEOS,16. (87 99) PROCEDIMIENTOS DIAGNOSTICOS Y TERAPEUTICOS MISCELANEOS
94.65,DESINTOXICACION DROGA,94 PROCEDIMEINTOS RELACIONADOS CON LA PSIQUE,16. (87 99) PROCEDIMIENTOS DIAGNOSTICOS Y TERAPEUTICOS MISCELANEOS,16. (87 99) PROCEDIMIENTOS DIAGNOSTICOS Y TERAPEUTICOS MISCELANEOS
94.66,REHABILITACION Y DESINTOXICACION DROGA,94 PROCEDIMEINTOS RELACIONADOS CON LA PSIQUE,16. (87 99) PROCEDIMIENTOS DIAGNOSTICOS Y TERAPEUTICOS MISCELANEOS,16. (87 99) PROCEDIMIENTOS DIAGNOSTICOS Y TERAPEUTICOS MISCELANEOS
94.67,REHABILITACION COMBIBNADA ALCOHOL Y DROGA,94 PROCEDIMEINTOS RELACIONADOS CON LA PSIQUE,16. (87 99) PROCEDIMIENTOS DIAGNOSTICOS Y TERAPEUTICOS MISCELANEOS,16. (87 99) PROCEDIMIENTOS DIAGNOSTICOS Y TERAPEUTICOS MISCELANEOS
94.68,DESINTOXICACION COMBINADA ALCOHOL Y DROGA,94 PROCEDIMEINTOS RELACIONADOS CON LA PSIQUE,16. (87 99) PROCEDIMIENTOS DIAGNOSTICOS Y TERAPEUTICOS MISCELANEOS,16. (87 99) PROCEDIMIENTOS DIAGNOSTICOS Y TERAPEUTICOS MISCELANEOS
94.69,REHABILITACION Y DESINTOXICACION COMBINADA ALCOHOL Y DROGA,94 PROCEDIMEINTOS RELACIONADOS CON LA PSIQUE,16. (87 99) PROCEDIMIENTOS DIAGNOSTICOS Y TERAPEUTICOS MISCELANEOS,16. (87 99) PROCEDIMIENTOS DIAGNOSTICOS Y TERAPEUTICOS MISCELANEOS
95,DIAGNOSTICO Y TRATAMIENTO OFTALMOLOGICO Y OTOLOGICO,95 DIAGNOSTICO Y TRATAMIENTO OFTALMOLOGICO Y OTOLOGICO,16. (87 99) PROCEDIMIENTOS DIAGNOSTICOS Y TERAPEUTICOS MISCELANEOS,16. (87 99) PROCEDIMIENTOS DIAGNOSTICOS Y TERAPEUTICOS MISCELANEOS
95.0,EXAMEN OFTALMOLOGICO GENERAL Y SUBJETIVO,95 DIAGNOSTICO Y TRATAMIENTO OFTALMOLOGICO Y OTOLOGICO,16. (87 99) PROCEDIMIENTOS DIAGNOSTICOS Y TERAPEUTICOS MISCELANEOS,16. (87 99) PROCEDIMIENTOS DIAGNOSTICOS Y TERAPEUTICOS MISCELANEOS
95.01,EXAMEN OFTALMOLOGICO LIMITADO,95 DIAGNOSTICO Y TRATAMIENTO OFTALMOLOGICO Y OTOLOGICO,16. (87 99) PROCEDIMIENTOS DIAGNOSTICOS Y TERAPEUTICOS MISCELANEOS,16. (87 99) PROCEDIMIENTOS DIAGNOSTICOS Y TERAPEUTICOS MISCELANEOS
95.02,EXAMEN OFTALMOLOGICO GLOBAL,95 DIAGNOSTICO Y TRATAMIENTO OFTALMOLOGICO Y OTOLOGICO,16. (87 99) PROCEDIMIENTOS DIAGNOSTICOS Y TERAPEUTICOS MISCELANEOS,16. (87 99) PROCEDIMIENTOS DIAGNOSTICOS Y TERAPEUTICOS MISCELANEOS
95.03,EXAMEN OFTALMOLOGICO EXTENDIDO,95 DIAGNOSTICO Y TRATAMIENTO OFTALMOLOGICO Y OTOLOGICO,16. (87 99) PROCEDIMIENTOS DIAGNOSTICOS Y TERAPEUTICOS MISCELANEOS,16. (87 99) PROCEDIMIENTOS DIAGNOSTICOS Y TERAPEUTICOS MISCELANEOS
95.04,EXAMEN OFTALMOLOGICO BAJO ANESTESIA,95 DIAGNOSTICO Y TRATAMIENTO OFTALMOLOGICO Y OTOLOGICO,16. (87 99) PROCEDIMIENTOS DIAGNOSTICOS Y TERAPEUTICOS MISCELANEOS,16. (87 99) PROCEDIMIENTOS DIAGNOSTICOS Y TERAPEUTICOS MISCELANEOS
95.05,ESTUDIO CAMPO VISUAL,95 DIAGNOSTICO Y TRATAMIENTO OFTALMOLOGICO Y OTOLOGICO,16. (87 99) PROCEDIMIENTOS DIAGNOSTICOS Y TERAPEUTICOS MISCELANEOS,16. (87 99) PROCEDIMIENTOS DIAGNOSTICOS Y TERAPEUTICOS MISCELANEOS
95.06,ESTUDIO VISION CROMATICA,95 DIAGNOSTICO Y TRATAMIENTO OFTALMOLOGICO Y OTOLOGICO,16. (87 99) PROCEDIMIENTOS DIAGNOSTICOS Y TERAPEUTICOS MISCELANEOS,16. (87 99) PROCEDIMIENTOS DIAGNOSTICOS Y TERAPEUTICOS MISCELANEOS
95.07,ESTUDIO ADAPTACION OSCURIDAD,95 DIAGNOSTICO Y TRATAMIENTO OFTALMOLOGICO Y OTOLOGICO,16. (87 99) PROCEDIMIENTOS DIAGNOSTICOS Y TERAPEUTICOS MISCELANEOS,16. (87 99) PROCEDIMIENTOS DIAGNOSTICOS Y TERAPEUTICOS MISCELANEOS
95.09,EXAMEN OFTALMOLOGICO NEOM,95 DIAGNOSTICO Y TRATAMIENTO OFTALMOLOGICO Y OTOLOGICO,16. (87 99) PROCEDIMIENTOS DIAGNOSTICOS Y TERAPEUTICOS MISCELANEOS,16. (87 99) PROCEDIMIENTOS DIAGNOSTICOS Y TERAPEUTICOS MISCELANEOS
95.1,EXAMEN FORMA Y ESTRUCTURA OJO,95 DIAGNOSTICO Y TRATAMIENTO OFTALMOLOGICO Y OTOLOGICO,16. (87 99) PROCEDIMIENTOS DIAGNOSTICOS Y TERAPEUTICOS MISCELANEOS,16. (87 99) PROCEDIMIENTOS DIAGNOSTICOS Y TERAPEUTICOS MISCELANEOS
95.11,RETINOGRAFIA,95 DIAGNOSTICO Y TRATAMIENTO OFTALMOLOGICO Y OTOLOGICO,16. (87 99) PROCEDIMIENTOS DIAGNOSTICOS Y TERAPEUTICOS MISCELANEOS,16. (87 99) PROCEDIMIENTOS DIAGNOSTICOS Y TERAPEUTICOS MISCELANEOS
95.12,ANGIOGRAFIA OJO POR FLUORESCENCIA,95 DIAGNOSTICO Y TRATAMIENTO OFTALMOLOGICO Y OTOLOGICO,16. (87 99) PROCEDIMIENTOS DIAGNOSTICOS Y TERAPEUTICOS MISCELANEOS,16. (87 99) PROCEDIMIENTOS DIAGNOSTICOS Y TERAPEUTICOS MISCELANEOS
95.13,ECOGRAFIA OJO,95 DIAGNOSTICO Y TRATAMIENTO OFTALMOLOGICO Y OTOLOGICO,16. (87 99) PROCEDIMIENTOS DIAGNOSTICOS Y TERAPEUTICOS MISCELANEOS,16. (87 99) PROCEDIMIENTOS DIAGNOSTICOS Y TERAPEUTICOS MISCELANEOS
95.14,RADIOGRAFIA OJO,95 DIAGNOSTICO Y TRATAMIENTO OFTALMOLOGICO Y OTOLOGICO,16. (87 99) PROCEDIMIENTOS DIAGNOSTICOS Y TERAPEUTICOS MISCELANEOS,16. (87 99) PROCEDIMIENTOS DIAGNOSTICOS Y TERAPEUTICOS MISCELANEOS
95.15,ESTUDIO MOVILIDAD OJO,95 DIAGNOSTICO Y TRATAMIENTO OFTALMOLOGICO Y OTOLOGICO,16. (87 99) PROCEDIMIENTOS DIAGNOSTICOS Y TERAPEUTICOS MISCELANEOS,16. (87 99) PROCEDIMIENTOS DIAGNOSTICOS Y TERAPEUTICOS MISCELANEOS
95.16,ESTUDIO OFTALMOLOGICO CON P32,95 DIAGNOSTICO Y TRATAMIENTO OFTALMOLOGICO Y OTOLOGICO,16. (87 99) PROCEDIMIENTOS DIAGNOSTICOS Y TERAPEUTICOS MISCELANEOS,16. (87 99) PROCEDIMIENTOS DIAGNOSTICOS Y TERAPEUTICOS MISCELANEOS
95.2,PRUEBA FUNCIONAMIENTO OJO,95 DIAGNOSTICO Y TRATAMIENTO OFTALMOLOGICO Y OTOLOGICO,16. (87 99) PROCEDIMIENTOS DIAGNOSTICOS Y TERAPEUTICOS MISCELANEOS,16. (87 99) PROCEDIMIENTOS DIAGNOSTICOS Y TERAPEUTICOS MISCELANEOS
95.21,ELECTRORRETINOGRAFIA [ERG],95 DIAGNOSTICO Y TRATAMIENTO OFTALMOLOGICO Y OTOLOGICO,16. (87 99) PROCEDIMIENTOS DIAGNOSTICOS Y TERAPEUTICOS MISCELANEOS,16. (87 99) PROCEDIMIENTOS DIAGNOSTICOS Y TERAPEUTICOS MISCELANEOS
95.22,ELECTROOCULOGRAFIA [EOG],95 DIAGNOSTICO Y TRATAMIENTO OFTALMOLOGICO Y OTOLOGICO,16. (87 99) PROCEDIMIENTOS DIAGNOSTICOS Y TERAPEUTICOS MISCELANEOS,16. (87 99) PROCEDIMIENTOS DIAGNOSTICOS Y TERAPEUTICOS MISCELANEOS
95.23,POTENCIAL VISUAL EVOCADO  [VEP],95 DIAGNOSTICO Y TRATAMIENTO OFTALMOLOGICO Y OTOLOGICO,16. (87 99) PROCEDIMIENTOS DIAGNOSTICOS Y TERAPEUTICOS MISCELANEOS,16. (87 99) PROCEDIMIENTOS DIAGNOSTICOS Y TERAPEUTICOS MISCELANEOS
95.24,ELECTRONISTAGMOGRAFIA [ENG],95 DIAGNOSTICO Y TRATAMIENTO OFTALMOLOGICO Y OTOLOGICO,16. (87 99) PROCEDIMIENTOS DIAGNOSTICOS Y TERAPEUTICOS MISCELANEOS,16. (87 99) PROCEDIMIENTOS DIAGNOSTICOS Y TERAPEUTICOS MISCELANEOS
95.25,ELECTROMIOGRAFIA OJO [EMG],95 DIAGNOSTICO Y TRATAMIENTO OFTALMOLOGICO Y OTOLOGICO,16. (87 99) PROCEDIMIENTOS DIAGNOSTICOS Y TERAPEUTICOS MISCELANEOS,16. (87 99) PROCEDIMIENTOS DIAGNOSTICOS Y TERAPEUTICOS MISCELANEOS
95.26,TONOGRAFIA OJO,95 DIAGNOSTICO Y TRATAMIENTO OFTALMOLOGICO Y OTOLOGICO,16. (87 99) PROCEDIMIENTOS DIAGNOSTICOS Y TERAPEUTICOS MISCELANEOS,16. (87 99) PROCEDIMIENTOS DIAGNOSTICOS Y TERAPEUTICOS MISCELANEOS
95.3,SERVICIO VISUAL ESPECIAL,95 DIAGNOSTICO Y TRATAMIENTO OFTALMOLOGICO Y OTOLOGICO,16. (87 99) PROCEDIMIENTOS DIAGNOSTICOS Y TERAPEUTICOS MISCELANEOS,16. (87 99) PROCEDIMIENTOS DIAGNOSTICOS Y TERAPEUTICOS MISCELANEOS
95.31,COLOCACION Y AJUSTE GAFAS,95 DIAGNOSTICO Y TRATAMIENTO OFTALMOLOGICO Y OTOLOGICO,16. (87 99) PROCEDIMIENTOS DIAGNOSTICOS Y TERAPEUTICOS MISCELANEOS,16. (87 99) PROCEDIMIENTOS DIAGNOSTICOS Y TERAPEUTICOS MISCELANEOS
95.32,COLOCACION Y ADPATACION LENTE CONTACTO,95 DIAGNOSTICO Y TRATAMIENTO OFTALMOLOGICO Y OTOLOGICO,16. (87 99) PROCEDIMIENTOS DIAGNOSTICOS Y TERAPEUTICOS MISCELANEOS,16. (87 99) PROCEDIMIENTOS DIAGNOSTICOS Y TERAPEUTICOS MISCELANEOS
95.33,COLOCACION AYUDA BAJA VISION OTRA,95 DIAGNOSTICO Y TRATAMIENTO OFTALMOLOGICO Y OTOLOGICO,16. (87 99) PROCEDIMIENTOS DIAGNOSTICOS Y TERAPEUTICOS MISCELANEOS,16. (87 99) PROCEDIMIENTOS DIAGNOSTICOS Y TERAPEUTICOS MISCELANEOS
95.34,COLOCACION PROTESIS OJO,95 DIAGNOSTICO Y TRATAMIENTO OFTALMOLOGICO Y OTOLOGICO,16. (87 99) PROCEDIMIENTOS DIAGNOSTICOS Y TERAPEUTICOS MISCELANEOS,16. (87 99) PROCEDIMIENTOS DIAGNOSTICOS Y TERAPEUTICOS MISCELANEOS
95.35,FORMACION ORTOPTICA,95 DIAGNOSTICO Y TRATAMIENTO OFTALMOLOGICO Y OTOLOGICO,16. (87 99) PROCEDIMIENTOS DIAGNOSTICOS Y TERAPEUTICOS MISCELANEOS,16. (87 99) PROCEDIMIENTOS DIAGNOSTICOS Y TERAPEUTICOS MISCELANEOS
95.36,ASESORAMIENTO E INSTRUCCION OFTALMOLOGICO,95 DIAGNOSTICO Y TRATAMIENTO OFTALMOLOGICO Y OTOLOGICO,16. (87 99) PROCEDIMIENTOS DIAGNOSTICOS Y TERAPEUTICOS MISCELANEOS,16. (87 99) PROCEDIMIENTOS DIAGNOSTICOS Y TERAPEUTICOS MISCELANEOS
95.4,PROCEDIMIENTO OIDO NO QUIRURGICO,95 DIAGNOSTICO Y TRATAMIENTO OFTALMOLOGICO Y OTOLOGICO,16. (87 99) PROCEDIMIENTOS DIAGNOSTICOS Y TERAPEUTICOS MISCELANEOS,16. (87 99) PROCEDIMIENTOS DIAGNOSTICOS Y TERAPEUTICOS MISCELANEOS
95.41,AUDIOMETRIA,95 DIAGNOSTICO Y TRATAMIENTO OFTALMOLOGICO Y OTOLOGICO,16. (87 99) PROCEDIMIENTOS DIAGNOSTICOS Y TERAPEUTICOS MISCELANEOS,16. (87 99) PROCEDIMIENTOS DIAGNOSTICOS Y TERAPEUTICOS MISCELANEOS
95.42,PRUEBA CLINICA AUDICION,95 DIAGNOSTICO Y TRATAMIENTO OFTALMOLOGICO Y OTOLOGICO,16. (87 99) PROCEDIMIENTOS DIAGNOSTICOS Y TERAPEUTICOS MISCELANEOS,16. (87 99) PROCEDIMIENTOS DIAGNOSTICOS Y TERAPEUTICOS MISCELANEOS
95.43,EVALUACION AUDIOLOGICA,95 DIAGNOSTICO Y TRATAMIENTO OFTALMOLOGICO Y OTOLOGICO,16. (87 99) PROCEDIMIENTOS DIAGNOSTICOS Y TERAPEUTICOS MISCELANEOS,16. (87 99) PROCEDIMIENTOS DIAGNOSTICOS Y TERAPEUTICOS MISCELANEOS
95.44,EXAMEN CLINICO FUNCION VESTIBULAR,95 DIAGNOSTICO Y TRATAMIENTO OFTALMOLOGICO Y OTOLOGICO,16. (87 99) PROCEDIMIENTOS DIAGNOSTICOS Y TERAPEUTICOS MISCELANEOS,16. (87 99) PROCEDIMIENTOS DIAGNOSTICOS Y TERAPEUTICOS MISCELANEOS
95.45,PRUEBA ROTATORIA,95 DIAGNOSTICO Y TRATAMIENTO OFTALMOLOGICO Y OTOLOGICO,16. (87 99) PROCEDIMIENTOS DIAGNOSTICOS Y TERAPEUTICOS MISCELANEOS,16. (87 99) PROCEDIMIENTOS DIAGNOSTICOS Y TERAPEUTICOS MISCELANEOS
95.46,PRUEBA OIDO Y VESTIBULO OTRA,95 DIAGNOSTICO Y TRATAMIENTO OFTALMOLOGICO Y OTOLOGICO,16. (87 99) PROCEDIMIENTOS DIAGNOSTICOS Y TERAPEUTICOS MISCELANEOS,16. (87 99) PROCEDIMIENTOS DIAGNOSTICOS Y TERAPEUTICOS MISCELANEOS
95.47,EXAMEN AUDICION NEOM,95 DIAGNOSTICO Y TRATAMIENTO OFTALMOLOGICO Y OTOLOGICO,16. (87 99) PROCEDIMIENTOS DIAGNOSTICOS Y TERAPEUTICOS MISCELANEOS,16. (87 99) PROCEDIMIENTOS DIAGNOSTICOS Y TERAPEUTICOS MISCELANEOS
95.48,COLOCACION AUDIFONO,95 DIAGNOSTICO Y TRATAMIENTO OFTALMOLOGICO Y OTOLOGICO,16. (87 99) PROCEDIMIENTOS DIAGNOSTICOS Y TERAPEUTICOS MISCELANEOS,16. (87 99) PROCEDIMIENTOS DIAGNOSTICOS Y TERAPEUTICOS MISCELANEOS
95.49,PROCEDIMIENTO OIDO NO QUIRURGICO.OTRO,95 DIAGNOSTICO Y TRATAMIENTO OFTALMOLOGICO Y OTOLOGICO,16. (87 99) PROCEDIMIENTOS DIAGNOSTICOS Y TERAPEUTICOS MISCELANEOS,16. (87 99) PROCEDIMIENTOS DIAGNOSTICOS Y TERAPEUTICOS MISCELANEOS
96,INTUBACION E IRRIGACION NO QUIRURGICA,96 INTUBACION E IRRIGACION NO QUIRURGICA,16. (87 99) PROCEDIMIENTOS DIAGNOSTICOS Y TERAPEUTICOS MISCELANEOS,16. (87 99) PROCEDIMIENTOS DIAGNOSTICOS Y TERAPEUTICOS MISCELANEOS
96.0,INTUBACION GASTROINTESTINAL Y RESPIRATORIA NO QUIRURGICA,96 INTUBACION E IRRIGACION NO QUIRURGICA,16. (87 99) PROCEDIMIENTOS DIAGNOSTICOS Y TERAPEUTICOS MISCELANEOS,16. (87 99) PROCEDIMIENTOS DIAGNOSTICOS Y TERAPEUTICOS MISCELANEOS
96.01,INTUBACION VIA AEREA NASOFARINGEA,96 INTUBACION E IRRIGACION NO QUIRURGICA,16. (87 99) PROCEDIMIENTOS DIAGNOSTICOS Y TERAPEUTICOS MISCELANEOS,16. (87 99) PROCEDIMIENTOS DIAGNOSTICOS Y TERAPEUTICOS MISCELANEOS
96.02,INTUBACION VIA AEREA OROFARINGEA,96 INTUBACION E IRRIGACION NO QUIRURGICA,16. (87 99) PROCEDIMIENTOS DIAGNOSTICOS Y TERAPEUTICOS MISCELANEOS,16. (87 99) PROCEDIMIENTOS DIAGNOSTICOS Y TERAPEUTICOS MISCELANEOS
96.03,INTUBACION VIA AEREA OBTURADORA ESOFAGO,96 INTUBACION E IRRIGACION NO QUIRURGICA,16. (87 99) PROCEDIMIENTOS DIAGNOSTICOS Y TERAPEUTICOS MISCELANEOS,16. (87 99) PROCEDIMIENTOS DIAGNOSTICOS Y TERAPEUTICOS MISCELANEOS
96.04,INTUBACION ENDOTRAQUEAL,96 INTUBACION E IRRIGACION NO QUIRURGICA,16. (87 99) PROCEDIMIENTOS DIAGNOSTICOS Y TERAPEUTICOS MISCELANEOS,16. (87 99) PROCEDIMIENTOS DIAGNOSTICOS Y TERAPEUTICOS MISCELANEOS
96.05,INTUBACION RESPIRATORIA OTRA,96 INTUBACION E IRRIGACION NO QUIRURGICA,16. (87 99) PROCEDIMIENTOS DIAGNOSTICOS Y TERAPEUTICOS MISCELANEOS,16. (87 99) PROCEDIMIENTOS DIAGNOSTICOS Y TERAPEUTICOS MISCELANEOS
96.06,INTUBACION ESOFAGO CON SENGSTAKEN-BLAKEMORE,96 INTUBACION E IRRIGACION NO QUIRURGICA,16. (87 99) PROCEDIMIENTOS DIAGNOSTICOS Y TERAPEUTICOS MISCELANEOS,16. (87 99) PROCEDIMIENTOS DIAGNOSTICOS Y TERAPEUTICOS MISCELANEOS
96.07,INTUBACION NASOGASTRICA,96 INTUBACION E IRRIGACION NO QUIRURGICA,16. (87 99) PROCEDIMIENTOS DIAGNOSTICOS Y TERAPEUTICOS MISCELANEOS,16. (87 99) PROCEDIMIENTOS DIAGNOSTICOS Y TERAPEUTICOS MISCELANEOS
96.08,INTUBACION NASOINTESTINAL,96 INTUBACION E IRRIGACION NO QUIRURGICA,16. (87 99) PROCEDIMIENTOS DIAGNOSTICOS Y TERAPEUTICOS MISCELANEOS,16. (87 99) PROCEDIMIENTOS DIAGNOSTICOS Y TERAPEUTICOS MISCELANEOS
96.09,INTUBACION RECTO,96 INTUBACION E IRRIGACION NO QUIRURGICA,16. (87 99) PROCEDIMIENTOS DIAGNOSTICOS Y TERAPEUTICOS MISCELANEOS,16. (87 99) PROCEDIMIENTOS DIAGNOSTICOS Y TERAPEUTICOS MISCELANEOS
96.1,INSERCION NO QUIRURGICA OTRA,96 INTUBACION E IRRIGACION NO QUIRURGICA,16. (87 99) PROCEDIMIENTOS DIAGNOSTICOS Y TERAPEUTICOS MISCELANEOS,16. (87 99) PROCEDIMIENTOS DIAGNOSTICOS Y TERAPEUTICOS MISCELANEOS
96.11,TAPONAMIENTO CONDUCTO AUDITIVO EXTERNO,96 INTUBACION E IRRIGACION NO QUIRURGICA,16. (87 99) PROCEDIMIENTOS DIAGNOSTICOS Y TERAPEUTICOS MISCELANEOS,16. (87 99) PROCEDIMIENTOS DIAGNOSTICOS Y TERAPEUTICOS MISCELANEOS
96.14,TAPONAMIENTO VAGINA,96 INTUBACION E IRRIGACION NO QUIRURGICA,16. (87 99) PROCEDIMIENTOS DIAGNOSTICOS Y TERAPEUTICOS MISCELANEOS,16. (87 99) PROCEDIMIENTOS DIAGNOSTICOS Y TERAPEUTICOS MISCELANEOS
96.15,COLOCACION MOLDE VAGINA,96 INTUBACION E IRRIGACION NO QUIRURGICA,16. (87 99) PROCEDIMIENTOS DIAGNOSTICOS Y TERAPEUTICOS MISCELANEOS,16. (87 99) PROCEDIMIENTOS DIAGNOSTICOS Y TERAPEUTICOS MISCELANEOS
96.16,DILATACION VAGINA NO QUIRURGICA OTRA,96 INTUBACION E IRRIGACION NO QUIRURGICA,16. (87 99) PROCEDIMIENTOS DIAGNOSTICOS Y TERAPEUTICOS MISCELANEOS,16. (87 99) PROCEDIMIENTOS DIAGNOSTICOS Y TERAPEUTICOS MISCELANEOS
96.17,COLOCACION DIAFRAGMA VAGINA,96 INTUBACION E IRRIGACION NO QUIRURGICA,16. (87 99) PROCEDIMIENTOS DIAGNOSTICOS Y TERAPEUTICOS MISCELANEOS,16. (87 99) PROCEDIMIENTOS DIAGNOSTICOS Y TERAPEUTICOS MISCELANEOS
96.18,COLOCACION PESARIO VAGINA OTRA,96 INTUBACION E IRRIGACION NO QUIRURGICA,16. (87 99) PROCEDIMIENTOS DIAGNOSTICOS Y TERAPEUTICOS MISCELANEOS,16. (87 99) PROCEDIMIENTOS DIAGNOSTICOS Y TERAPEUTICOS MISCELANEOS
96.19,TAPONAMIENTO RECTO NO QUIRURGICO,96 INTUBACION E IRRIGACION NO QUIRURGICA,16. (87 99) PROCEDIMIENTOS DIAGNOSTICOS Y TERAPEUTICOS MISCELANEOS,16. (87 99) PROCEDIMIENTOS DIAGNOSTICOS Y TERAPEUTICOS MISCELANEOS
96.2,DILATACION Y MANIPULACION NO QUIRURGICA,96 INTUBACION E IRRIGACION NO QUIRURGICA,16. (87 99) PROCEDIMIENTOS DIAGNOSTICOS Y TERAPEUTICOS MISCELANEOS,16. (87 99) PROCEDIMIENTOS DIAGNOSTICOS Y TERAPEUTICOS MISCELANEOS
96.21,DILATACION CONDUCTO FRONTONASAL NO QUIRURGICA,96 INTUBACION E IRRIGACION NO QUIRURGICA,16. (87 99) PROCEDIMIENTOS DIAGNOSTICOS Y TERAPEUTICOS MISCELANEOS,16. (87 99) PROCEDIMIENTOS DIAGNOSTICOS Y TERAPEUTICOS MISCELANEOS
96.22,DILATACION RECTO NO QUIRURGICA,96 INTUBACION E IRRIGACION NO QUIRURGICA,16. (87 99) PROCEDIMIENTOS DIAGNOSTICOS Y TERAPEUTICOS MISCELANEOS,16. (87 99) PROCEDIMIENTOS DIAGNOSTICOS Y TERAPEUTICOS MISCELANEOS
96.23,DILATACION ESFINTER ANO NO QUIRURGICA,96 INTUBACION E IRRIGACION NO QUIRURGICA,16. (87 99) PROCEDIMIENTOS DIAGNOSTICOS Y TERAPEUTICOS MISCELANEOS,16. (87 99) PROCEDIMIENTOS DIAGNOSTICOS Y TERAPEUTICOS MISCELANEOS
96.24,DILATACION ESTOMA ENTEROSTOMIA NO QUIRURGICA,96 INTUBACION E IRRIGACION NO QUIRURGICA,16. (87 99) PROCEDIMIENTOS DIAGNOSTICOS Y TERAPEUTICOS MISCELANEOS,16. (87 99) PROCEDIMIENTOS DIAGNOSTICOS Y TERAPEUTICOS MISCELANEOS
96.25,DISTENSION TERAPEUTICA VEJIGA,96 INTUBACION E IRRIGACION NO QUIRURGICA,16. (87 99) PROCEDIMIENTOS DIAGNOSTICOS Y TERAPEUTICOS MISCELANEOS,16. (87 99) PROCEDIMIENTOS DIAGNOSTICOS Y TERAPEUTICOS MISCELANEOS
96.26,REDUCCION PROLAPSO RECTO MANUAL,96 INTUBACION E IRRIGACION NO QUIRURGICA,16. (87 99) PROCEDIMIENTOS DIAGNOSTICOS Y TERAPEUTICOS MISCELANEOS,16. (87 99) PROCEDIMIENTOS DIAGNOSTICOS Y TERAPEUTICOS MISCELANEOS
96.27,REDUCCION HERNIA MANUAL,96 INTUBACION E IRRIGACION NO QUIRURGICA,16. (87 99) PROCEDIMIENTOS DIAGNOSTICOS Y TERAPEUTICOS MISCELANEOS,16. (87 99) PROCEDIMIENTOS DIAGNOSTICOS Y TERAPEUTICOS MISCELANEOS
96.28,REDUCCION PROLAPSO ENTEROSTOMIA MANUAL,96 INTUBACION E IRRIGACION NO QUIRURGICA,16. (87 99) PROCEDIMIENTOS DIAGNOSTICOS Y TERAPEUTICOS MISCELANEOS,16. (87 99) PROCEDIMIENTOS DIAGNOSTICOS Y TERAPEUTICOS MISCELANEOS
96.29,REDUCCION INTUSUSCEPCION TUBO DIGESTIVO NO QUIRURGICA,96 INTUBACION E IRRIGACION NO QUIRURGICA,16. (87 99) PROCEDIMIENTOS DIAGNOSTICOS Y TERAPEUTICOS MISCELANEOS,16. (87 99) PROCEDIMIENTOS DIAGNOSTICOS Y TERAPEUTICOS MISCELANEOS
96.3,"IRRIGACION,LIMPIEZA E INSTILACION LOCAL TRACTO DIGESTIVO",96 INTUBACION E IRRIGACION NO QUIRURGICA,16. (87 99) PROCEDIMIENTOS DIAGNOSTICOS Y TERAPEUTICOS MISCELANEOS,16. (87 99) PROCEDIMIENTOS DIAGNOSTICOS Y TERAPEUTICOS MISCELANEOS
96.31,ENFRIADO ESTOMAGO,96 INTUBACION E IRRIGACION NO QUIRURGICA,16. (87 99) PROCEDIMIENTOS DIAGNOSTICOS Y TERAPEUTICOS MISCELANEOS,16. (87 99) PROCEDIMIENTOS DIAGNOSTICOS Y TERAPEUTICOS MISCELANEOS
96.32,CONGELACION ESTOMAGO,96 INTUBACION E IRRIGACION NO QUIRURGICA,16. (87 99) PROCEDIMIENTOS DIAGNOSTICOS Y TERAPEUTICOS MISCELANEOS,16. (87 99) PROCEDIMIENTOS DIAGNOSTICOS Y TERAPEUTICOS MISCELANEOS
96.33,LAVADO ESTOMAGO,96 INTUBACION E IRRIGACION NO QUIRURGICA,16. (87 99) PROCEDIMIENTOS DIAGNOSTICOS Y TERAPEUTICOS MISCELANEOS,16. (87 99) PROCEDIMIENTOS DIAGNOSTICOS Y TERAPEUTICOS MISCELANEOS
96.34,IRRIGACION SONDA NOSOGASTRICA OTRA,96 INTUBACION E IRRIGACION NO QUIRURGICA,16. (87 99) PROCEDIMIENTOS DIAGNOSTICOS Y TERAPEUTICOS MISCELANEOS,16. (87 99) PROCEDIMIENTOS DIAGNOSTICOS Y TERAPEUTICOS MISCELANEOS
96.35,ALIMENTACION ESTOMAGO POR SONDA,96 INTUBACION E IRRIGACION NO QUIRURGICA,16. (87 99) PROCEDIMIENTOS DIAGNOSTICOS Y TERAPEUTICOS MISCELANEOS,16. (87 99) PROCEDIMIENTOS DIAGNOSTICOS Y TERAPEUTICOS MISCELANEOS
96.36,IRRIGACION GASTROSTOMIA O ENTEROSTOMIA,96 INTUBACION E IRRIGACION NO QUIRURGICA,16. (87 99) PROCEDIMIENTOS DIAGNOSTICOS Y TERAPEUTICOS MISCELANEOS,16. (87 99) PROCEDIMIENTOS DIAGNOSTICOS Y TERAPEUTICOS MISCELANEOS
96.37,RECTOCLISIS,96 INTUBACION E IRRIGACION NO QUIRURGICA,16. (87 99) PROCEDIMIENTOS DIAGNOSTICOS Y TERAPEUTICOS MISCELANEOS,16. (87 99) PROCEDIMIENTOS DIAGNOSTICOS Y TERAPEUTICOS MISCELANEOS
96.38,EXTRACCION HECES IMPACTADAS,96 INTUBACION E IRRIGACION NO QUIRURGICA,16. (87 99) PROCEDIMIENTOS DIAGNOSTICOS Y TERAPEUTICOS MISCELANEOS,16. (87 99) PROCEDIMIENTOS DIAGNOSTICOS Y TERAPEUTICOS MISCELANEOS
96.39,ENEMA TRANSANAL OTRO,96 INTUBACION E IRRIGACION NO QUIRURGICA,16. (87 99) PROCEDIMIENTOS DIAGNOSTICOS Y TERAPEUTICOS MISCELANEOS,16. (87 99) PROCEDIMIENTOS DIAGNOSTICOS Y TERAPEUTICOS MISCELANEOS
96.4,IRRIGACION Y LIMPIEZA DIGESTIVA Y GENITOURINARIA OTRA,96 INTUBACION E IRRIGACION NO QUIRURGICA,16. (87 99) PROCEDIMIENTOS DIAGNOSTICOS Y TERAPEUTICOS MISCELANEOS,16. (87 99) PROCEDIMIENTOS DIAGNOSTICOS Y TERAPEUTICOS MISCELANEOS
96.41,IRRIGACION SONDA BILIAR,96 INTUBACION E IRRIGACION NO QUIRURGICA,16. (87 99) PROCEDIMIENTOS DIAGNOSTICOS Y TERAPEUTICOS MISCELANEOS,16. (87 99) PROCEDIMIENTOS DIAGNOSTICOS Y TERAPEUTICOS MISCELANEOS
96.42,IRRIGACION SONDA PANCREATICA,96 INTUBACION E IRRIGACION NO QUIRURGICA,16. (87 99) PROCEDIMIENTOS DIAGNOSTICOS Y TERAPEUTICOS MISCELANEOS,16. (87 99) PROCEDIMIENTOS DIAGNOSTICOS Y TERAPEUTICOS MISCELANEOS
96.43,INSTILACION TRACTO DIGESTIVO SALVO ALIMENTACION POR SONDA,96 INTUBACION E IRRIGACION NO QUIRURGICA,16. (87 99) PROCEDIMIENTOS DIAGNOSTICOS Y TERAPEUTICOS MISCELANEOS,16. (87 99) PROCEDIMIENTOS DIAGNOSTICOS Y TERAPEUTICOS MISCELANEOS
96.44,DUCHA VAGINA,96 INTUBACION E IRRIGACION NO QUIRURGICA,16. (87 99) PROCEDIMIENTOS DIAGNOSTICOS Y TERAPEUTICOS MISCELANEOS,16. (87 99) PROCEDIMIENTOS DIAGNOSTICOS Y TERAPEUTICOS MISCELANEOS
96.45,IRRIGACION NEFROSTOMIA Y PIELOSTOMIA,96 INTUBACION E IRRIGACION NO QUIRURGICA,16. (87 99) PROCEDIMIENTOS DIAGNOSTICOS Y TERAPEUTICOS MISCELANEOS,16. (87 99) PROCEDIMIENTOS DIAGNOSTICOS Y TERAPEUTICOS MISCELANEOS
96.46,IRRIGACION URETEROSTOMIA Y CATETER URETER,96 INTUBACION E IRRIGACION NO QUIRURGICA,16. (87 99) PROCEDIMIENTOS DIAGNOSTICOS Y TERAPEUTICOS MISCELANEOS,16. (87 99) PROCEDIMIENTOS DIAGNOSTICOS Y TERAPEUTICOS MISCELANEOS
96.47,IRRIGACION CISTOSTOMIA,96 INTUBACION E IRRIGACION NO QUIRURGICA,16. (87 99) PROCEDIMIENTOS DIAGNOSTICOS Y TERAPEUTICOS MISCELANEOS,16. (87 99) PROCEDIMIENTOS DIAGNOSTICOS Y TERAPEUTICOS MISCELANEOS
96.48,IRRIGACION CATETER URINARIO PERMENENTE OTRA,96 INTUBACION E IRRIGACION NO QUIRURGICA,16. (87 99) PROCEDIMIENTOS DIAGNOSTICOS Y TERAPEUTICOS MISCELANEOS,16. (87 99) PROCEDIMIENTOS DIAGNOSTICOS Y TERAPEUTICOS MISCELANEOS
96.49,INSTILACION GENITOURINARIA OTRA,96 INTUBACION E IRRIGACION NO QUIRURGICA,16. (87 99) PROCEDIMIENTOS DIAGNOSTICOS Y TERAPEUTICOS MISCELANEOS,16. (87 99) PROCEDIMIENTOS DIAGNOSTICOS Y TERAPEUTICOS MISCELANEOS
96.5,IRRIGACCION Y LIMPIEZA NO QUIRURGICA OTRA,96 INTUBACION E IRRIGACION NO QUIRURGICA,16. (87 99) PROCEDIMIENTOS DIAGNOSTICOS Y TERAPEUTICOS MISCELANEOS,16. (87 99) PROCEDIMIENTOS DIAGNOSTICOS Y TERAPEUTICOS MISCELANEOS
96.51,IRRIGACION OJO,96 INTUBACION E IRRIGACION NO QUIRURGICA,16. (87 99) PROCEDIMIENTOS DIAGNOSTICOS Y TERAPEUTICOS MISCELANEOS,16. (87 99) PROCEDIMIENTOS DIAGNOSTICOS Y TERAPEUTICOS MISCELANEOS
96.52,IRRIGACION OIDO,96 INTUBACION E IRRIGACION NO QUIRURGICA,16. (87 99) PROCEDIMIENTOS DIAGNOSTICOS Y TERAPEUTICOS MISCELANEOS,16. (87 99) PROCEDIMIENTOS DIAGNOSTICOS Y TERAPEUTICOS MISCELANEOS
96.53,IRRIGACION CONDUCTO NARIZ,96 INTUBACION E IRRIGACION NO QUIRURGICA,16. (87 99) PROCEDIMIENTOS DIAGNOSTICOS Y TERAPEUTICOS MISCELANEOS,16. (87 99) PROCEDIMIENTOS DIAGNOSTICOS Y TERAPEUTICOS MISCELANEOS
96.54,ELIMINACION SARRO Y PULIDO DIENTE,96 INTUBACION E IRRIGACION NO QUIRURGICA,16. (87 99) PROCEDIMIENTOS DIAGNOSTICOS Y TERAPEUTICOS MISCELANEOS,16. (87 99) PROCEDIMIENTOS DIAGNOSTICOS Y TERAPEUTICOS MISCELANEOS
96.55,LIMPIEZA TRAQUEOSTOMIA,96 INTUBACION E IRRIGACION NO QUIRURGICA,16. (87 99) PROCEDIMIENTOS DIAGNOSTICOS Y TERAPEUTICOS MISCELANEOS,16. (87 99) PROCEDIMIENTOS DIAGNOSTICOS Y TERAPEUTICOS MISCELANEOS
96.56,LAVADO BRONQUIO Y TRAQUEA OTRO,96 INTUBACION E IRRIGACION NO QUIRURGICA,16. (87 99) PROCEDIMIENTOS DIAGNOSTICOS Y TERAPEUTICOS MISCELANEOS,16. (87 99) PROCEDIMIENTOS DIAGNOSTICOS Y TERAPEUTICOS MISCELANEOS
96.57,IRRIGACION CATETER VASCULAR,96 INTUBACION E IRRIGACION NO QUIRURGICA,16. (87 99) PROCEDIMIENTOS DIAGNOSTICOS Y TERAPEUTICOS MISCELANEOS,16. (87 99) PROCEDIMIENTOS DIAGNOSTICOS Y TERAPEUTICOS MISCELANEOS
96.58,IRRIGACION CATETER HERIDA,96 INTUBACION E IRRIGACION NO QUIRURGICA,16. (87 99) PROCEDIMIENTOS DIAGNOSTICOS Y TERAPEUTICOS MISCELANEOS,16. (87 99) PROCEDIMIENTOS DIAGNOSTICOS Y TERAPEUTICOS MISCELANEOS
96.59,IRRIGACION HERIDA OTRA,96 INTUBACION E IRRIGACION NO QUIRURGICA,16. (87 99) PROCEDIMIENTOS DIAGNOSTICOS Y TERAPEUTICOS MISCELANEOS,16. (87 99) PROCEDIMIENTOS DIAGNOSTICOS Y TERAPEUTICOS MISCELANEOS
96.6,INFUSION ENTERAL SUSTANCIA NUTRITIVA CONCENTRADA,96 INTUBACION E IRRIGACION NO QUIRURGICA,16. (87 99) PROCEDIMIENTOS DIAGNOSTICOS Y TERAPEUTICOS MISCELANEOS,16. (87 99) PROCEDIMIENTOS DIAGNOSTICOS Y TERAPEUTICOS MISCELANEOS
96.7,VENTILACION MECANICA CONTINUA OTRA,96 INTUBACION E IRRIGACION NO QUIRURGICA,16. (87 99) PROCEDIMIENTOS DIAGNOSTICOS Y TERAPEUTICOS MISCELANEOS,16. (87 99) PROCEDIMIENTOS DIAGNOSTICOS Y TERAPEUTICOS MISCELANEOS
96.70,VENTILACION MECANICA CONTINUA OTRA.NEOM,96 INTUBACION E IRRIGACION NO QUIRURGICA,16. (87 99) PROCEDIMIENTOS DIAGNOSTICOS Y TERAPEUTICOS MISCELANEOS,16. (87 99) PROCEDIMIENTOS DIAGNOSTICOS Y TERAPEUTICOS MISCELANEOS
96.71,VENTILACION MECANICA CONTINUA OTRA.INFERIOR A 96 HORAS,96 INTUBACION E IRRIGACION NO QUIRURGICA,16. (87 99) PROCEDIMIENTOS DIAGNOSTICOS Y TERAPEUTICOS MISCELANEOS,16. (87 99) PROCEDIMIENTOS DIAGNOSTICOS Y TERAPEUTICOS MISCELANEOS
96.72,VENTILACION MECANICA CONTINUA OTRA.DURANTE 96 HORAS O MAS,96 INTUBACION E IRRIGACION NO QUIRURGICA,16. (87 99) PROCEDIMIENTOS DIAGNOSTICOS Y TERAPEUTICOS MISCELANEOS,16. (87 99) PROCEDIMIENTOS DIAGNOSTICOS Y TERAPEUTICOS MISCELANEOS
97,SUSTITUCION Y EXTRACCION DISPOSITIVO TERAPEUTICO,97 SUSTITUCION Y EXTRACCION DE DISPOSITIVOS TERAPEUTICOS,16. (87 99) PROCEDIMIENTOS DIAGNOSTICOS Y TERAPEUTICOS MISCELANEOS,16. (87 99) PROCEDIMIENTOS DIAGNOSTICOS Y TERAPEUTICOS MISCELANEOS
97.0,SUSTITUCION DISPOSITIVO GASTROINTESTINAL,97 SUSTITUCION Y EXTRACCION DE DISPOSITIVOS TERAPEUTICOS,16. (87 99) PROCEDIMIENTOS DIAGNOSTICOS Y TERAPEUTICOS MISCELANEOS,16. (87 99) PROCEDIMIENTOS DIAGNOSTICOS Y TERAPEUTICOS MISCELANEOS
97.01,SUSTITUCION TUBO NASOGASTRICO O ESOFAGOSTOMIA,97 SUSTITUCION Y EXTRACCION DE DISPOSITIVOS TERAPEUTICOS,16. (87 99) PROCEDIMIENTOS DIAGNOSTICOS Y TERAPEUTICOS MISCELANEOS,16. (87 99) PROCEDIMIENTOS DIAGNOSTICOS Y TERAPEUTICOS MISCELANEOS
97.02,SUSTITUCION SONDA GASTROSTOMIA,97 SUSTITUCION Y EXTRACCION DE DISPOSITIVOS TERAPEUTICOS,16. (87 99) PROCEDIMIENTOS DIAGNOSTICOS Y TERAPEUTICOS MISCELANEOS,16. (87 99) PROCEDIMIENTOS DIAGNOSTICOS Y TERAPEUTICOS MISCELANEOS
97.03,SUSTITUCION SONDA ENTEROSTOMIA INTESTINO DELGADO,97 SUSTITUCION Y EXTRACCION DE DISPOSITIVOS TERAPEUTICOS,16. (87 99) PROCEDIMIENTOS DIAGNOSTICOS Y TERAPEUTICOS MISCELANEOS,16. (87 99) PROCEDIMIENTOS DIAGNOSTICOS Y TERAPEUTICOS MISCELANEOS
97.04,SUSTITUCION SONDA ENTEROSTOMIA INTESTINO GRUESO,97 SUSTITUCION Y EXTRACCION DE DISPOSITIVOS TERAPEUTICOS,16. (87 99) PROCEDIMIENTOS DIAGNOSTICOS Y TERAPEUTICOS MISCELANEOS,16. (87 99) PROCEDIMIENTOS DIAGNOSTICOS Y TERAPEUTICOS MISCELANEOS
97.05,SUSTITUCION TUBO VIA BILIAR O CONDUCTO PANCREATICO,97 SUSTITUCION Y EXTRACCION DE DISPOSITIVOS TERAPEUTICOS,16. (87 99) PROCEDIMIENTOS DIAGNOSTICOS Y TERAPEUTICOS MISCELANEOS,16. (87 99) PROCEDIMIENTOS DIAGNOSTICOS Y TERAPEUTICOS MISCELANEOS
97.1,SUSTITUCION DISPOSITIVO SISTEMA MUSCULOESQUELETICO Y PIEL,97 SUSTITUCION Y EXTRACCION DE DISPOSITIVOS TERAPEUTICOS,16. (87 99) PROCEDIMIENTOS DIAGNOSTICOS Y TERAPEUTICOS MISCELANEOS,16. (87 99) PROCEDIMIENTOS DIAGNOSTICOS Y TERAPEUTICOS MISCELANEOS
97.11,SUSTITUCION ESCAYOLA MIEMBRO SUPERIOR,97 SUSTITUCION Y EXTRACCION DE DISPOSITIVOS TERAPEUTICOS,16. (87 99) PROCEDIMIENTOS DIAGNOSTICOS Y TERAPEUTICOS MISCELANEOS,16. (87 99) PROCEDIMIENTOS DIAGNOSTICOS Y TERAPEUTICOS MISCELANEOS
97.12,SUSTITUCION ESCAYOLA MIEMBRO INFERIOR,97 SUSTITUCION Y EXTRACCION DE DISPOSITIVOS TERAPEUTICOS,16. (87 99) PROCEDIMIENTOS DIAGNOSTICOS Y TERAPEUTICOS MISCELANEOS,16. (87 99) PROCEDIMIENTOS DIAGNOSTICOS Y TERAPEUTICOS MISCELANEOS
97.13,SUSTITUCION ESCAYOLA OTRA,97 SUSTITUCION Y EXTRACCION DE DISPOSITIVOS TERAPEUTICOS,16. (87 99) PROCEDIMIENTOS DIAGNOSTICOS Y TERAPEUTICOS MISCELANEOS,16. (87 99) PROCEDIMIENTOS DIAGNOSTICOS Y TERAPEUTICOS MISCELANEOS
97.14,SUSTITUCION DISPOSITIVO INMOVILIZACION ESQUELETICA OTRA,97 SUSTITUCION Y EXTRACCION DE DISPOSITIVOS TERAPEUTICOS,16. (87 99) PROCEDIMIENTOS DIAGNOSTICOS Y TERAPEUTICOS MISCELANEOS,16. (87 99) PROCEDIMIENTOS DIAGNOSTICOS Y TERAPEUTICOS MISCELANEOS
97.15,SUSTITUCION CATETER HERIDA,97 SUSTITUCION Y EXTRACCION DE DISPOSITIVOS TERAPEUTICOS,16. (87 99) PROCEDIMIENTOS DIAGNOSTICOS Y TERAPEUTICOS MISCELANEOS,16. (87 99) PROCEDIMIENTOS DIAGNOSTICOS Y TERAPEUTICOS MISCELANEOS
97.16,SUSTITUCION TAPONAMIENTO O DRENAJE HERIDA,97 SUSTITUCION Y EXTRACCION DE DISPOSITIVOS TERAPEUTICOS,16. (87 99) PROCEDIMIENTOS DIAGNOSTICOS Y TERAPEUTICOS MISCELANEOS,16. (87 99) PROCEDIMIENTOS DIAGNOSTICOS Y TERAPEUTICOS MISCELANEOS
97.2,SUSTITUCION NO QUIRURGICA OTRA,97 SUSTITUCION Y EXTRACCION DE DISPOSITIVOS TERAPEUTICOS,16. (87 99) PROCEDIMIENTOS DIAGNOSTICOS Y TERAPEUTICOS MISCELANEOS,16. (87 99) PROCEDIMIENTOS DIAGNOSTICOS Y TERAPEUTICOS MISCELANEOS
97.21,SUSTITUCION TAPONAMIENTO NARIZ,97 SUSTITUCION Y EXTRACCION DE DISPOSITIVOS TERAPEUTICOS,16. (87 99) PROCEDIMIENTOS DIAGNOSTICOS Y TERAPEUTICOS MISCELANEOS,16. (87 99) PROCEDIMIENTOS DIAGNOSTICOS Y TERAPEUTICOS MISCELANEOS
97.22,SUSTITUCION TAPONAMIENTO DIENTE,97 SUSTITUCION Y EXTRACCION DE DISPOSITIVOS TERAPEUTICOS,16. (87 99) PROCEDIMIENTOS DIAGNOSTICOS Y TERAPEUTICOS MISCELANEOS,16. (87 99) PROCEDIMIENTOS DIAGNOSTICOS Y TERAPEUTICOS MISCELANEOS
97.23,SUSTITUCION TUBO TRAQUEOSTOMIA,97 SUSTITUCION Y EXTRACCION DE DISPOSITIVOS TERAPEUTICOS,16. (87 99) PROCEDIMIENTOS DIAGNOSTICOS Y TERAPEUTICOS MISCELANEOS,16. (87 99) PROCEDIMIENTOS DIAGNOSTICOS Y TERAPEUTICOS MISCELANEOS
97.24,SUSTITUCION DIAFRAGMA VAGINA,97 SUSTITUCION Y EXTRACCION DE DISPOSITIVOS TERAPEUTICOS,16. (87 99) PROCEDIMIENTOS DIAGNOSTICOS Y TERAPEUTICOS MISCELANEOS,16. (87 99) PROCEDIMIENTOS DIAGNOSTICOS Y TERAPEUTICOS MISCELANEOS
97.25,SUSTITUCION PESARIO VAGINA OTRO,97 SUSTITUCION Y EXTRACCION DE DISPOSITIVOS TERAPEUTICOS,16. (87 99) PROCEDIMIENTOS DIAGNOSTICOS Y TERAPEUTICOS MISCELANEOS,16. (87 99) PROCEDIMIENTOS DIAGNOSTICOS Y TERAPEUTICOS MISCELANEOS
97.26,SUSTITUCION TAPONAMIENTO O DRENAJE VAGINA OTRO,97 SUSTITUCION Y EXTRACCION DE DISPOSITIVOS TERAPEUTICOS,16. (87 99) PROCEDIMIENTOS DIAGNOSTICOS Y TERAPEUTICOS MISCELANEOS,16. (87 99) PROCEDIMIENTOS DIAGNOSTICOS Y TERAPEUTICOS MISCELANEOS
97.29,SUSTITUCION NO QUIRURGICA.OTRA,97 SUSTITUCION Y EXTRACCION DE DISPOSITIVOS TERAPEUTICOS,16. (87 99) PROCEDIMIENTOS DIAGNOSTICOS Y TERAPEUTICOS MISCELANEOS,16. (87 99) PROCEDIMIENTOS DIAGNOSTICOS Y TERAPEUTICOS MISCELANEOS
97.3,EXTRACCION DISPOSITIVO CABEZA Y CUELLO NO QUIRURGICO,97 SUSTITUCION Y EXTRACCION DE DISPOSITIVOS TERAPEUTICOS,16. (87 99) PROCEDIMIENTOS DIAGNOSTICOS Y TERAPEUTICOS MISCELANEOS,16. (87 99) PROCEDIMIENTOS DIAGNOSTICOS Y TERAPEUTICOS MISCELANEOS
97.31,EXTRACCION PROTESIS OJO,97 SUSTITUCION Y EXTRACCION DE DISPOSITIVOS TERAPEUTICOS,16. (87 99) PROCEDIMIENTOS DIAGNOSTICOS Y TERAPEUTICOS MISCELANEOS,16. (87 99) PROCEDIMIENTOS DIAGNOSTICOS Y TERAPEUTICOS MISCELANEOS
97.32,EXTRACCION TAPONAMIENTO NARIZ,97 SUSTITUCION Y EXTRACCION DE DISPOSITIVOS TERAPEUTICOS,16. (87 99) PROCEDIMIENTOS DIAGNOSTICOS Y TERAPEUTICOS MISCELANEOS,16. (87 99) PROCEDIMIENTOS DIAGNOSTICOS Y TERAPEUTICOS MISCELANEOS
97.33,EXTRACCION ALAMBRE DIENTE,97 SUSTITUCION Y EXTRACCION DE DISPOSITIVOS TERAPEUTICOS,16. (87 99) PROCEDIMIENTOS DIAGNOSTICOS Y TERAPEUTICOS MISCELANEOS,16. (87 99) PROCEDIMIENTOS DIAGNOSTICOS Y TERAPEUTICOS MISCELANEOS
97.34,EXTRACCION TAPONAMIENTO DIENTE,97 SUSTITUCION Y EXTRACCION DE DISPOSITIVOS TERAPEUTICOS,16. (87 99) PROCEDIMIENTOS DIAGNOSTICOS Y TERAPEUTICOS MISCELANEOS,16. (87 99) PROCEDIMIENTOS DIAGNOSTICOS Y TERAPEUTICOS MISCELANEOS
97.35,EXTRACCION PROTESIS DIENTE,97 SUSTITUCION Y EXTRACCION DE DISPOSITIVOS TERAPEUTICOS,16. (87 99) PROCEDIMIENTOS DIAGNOSTICOS Y TERAPEUTICOS MISCELANEOS,16. (87 99) PROCEDIMIENTOS DIAGNOSTICOS Y TERAPEUTICOS MISCELANEOS
97.36,EXTRACCION DISPOSITIVO FIJACION EXTERNA MANDIBULA OTRO,97 SUSTITUCION Y EXTRACCION DE DISPOSITIVOS TERAPEUTICOS,16. (87 99) PROCEDIMIENTOS DIAGNOSTICOS Y TERAPEUTICOS MISCELANEOS,16. (87 99) PROCEDIMIENTOS DIAGNOSTICOS Y TERAPEUTICOS MISCELANEOS
97.37,EXTRACCION TUBO TRAQUEOSTOMIA,97 SUSTITUCION Y EXTRACCION DE DISPOSITIVOS TERAPEUTICOS,16. (87 99) PROCEDIMIENTOS DIAGNOSTICOS Y TERAPEUTICOS MISCELANEOS,16. (87 99) PROCEDIMIENTOS DIAGNOSTICOS Y TERAPEUTICOS MISCELANEOS
97.38,RETIRADA SUTURA CABEZA Y CUELLO,97 SUSTITUCION Y EXTRACCION DE DISPOSITIVOS TERAPEUTICOS,16. (87 99) PROCEDIMIENTOS DIAGNOSTICOS Y TERAPEUTICOS MISCELANEOS,16. (87 99) PROCEDIMIENTOS DIAGNOSTICOS Y TERAPEUTICOS MISCELANEOS
97.39,EXTRACCION DISPOSITIVO CABEZA Y CUELLO NO QUIRURGICO.OTRO,97 SUSTITUCION Y EXTRACCION DE DISPOSITIVOS TERAPEUTICOS,16. (87 99) PROCEDIMIENTOS DIAGNOSTICOS Y TERAPEUTICOS MISCELANEOS,16. (87 99) PROCEDIMIENTOS DIAGNOSTICOS Y TERAPEUTICOS MISCELANEOS
97.4,EXTRACCION DISPOSITIVO TORAX NO QUIRUGICO,97 SUSTITUCION Y EXTRACCION DE DISPOSITIVOS TERAPEUTICOS,16. (87 99) PROCEDIMIENTOS DIAGNOSTICOS Y TERAPEUTICOS MISCELANEOS,16. (87 99) PROCEDIMIENTOS DIAGNOSTICOS Y TERAPEUTICOS MISCELANEOS
97.41,EXTRACCION SONDA TORACOTOMIA O DRENAJE PLEURA,97 SUSTITUCION Y EXTRACCION DE DISPOSITIVOS TERAPEUTICOS,16. (87 99) PROCEDIMIENTOS DIAGNOSTICOS Y TERAPEUTICOS MISCELANEOS,16. (87 99) PROCEDIMIENTOS DIAGNOSTICOS Y TERAPEUTICOS MISCELANEOS
97.42,EXTRACCION DRENAJE MEDIASTINO,97 SUSTITUCION Y EXTRACCION DE DISPOSITIVOS TERAPEUTICOS,16. (87 99) PROCEDIMIENTOS DIAGNOSTICOS Y TERAPEUTICOS MISCELANEOS,16. (87 99) PROCEDIMIENTOS DIAGNOSTICOS Y TERAPEUTICOS MISCELANEOS
97.43,RETIRADA SUTURA TORAX,97 SUSTITUCION Y EXTRACCION DE DISPOSITIVOS TERAPEUTICOS,16. (87 99) PROCEDIMIENTOS DIAGNOSTICOS Y TERAPEUTICOS MISCELANEOS,16. (87 99) PROCEDIMIENTOS DIAGNOSTICOS Y TERAPEUTICOS MISCELANEOS
97.44,EXTRACCION SISTEMA CARDIACO ASISTIDO NO QUIRURGICO,97 SUSTITUCION Y EXTRACCION DE DISPOSITIVOS TERAPEUTICOS,16. (87 99) PROCEDIMIENTOS DIAGNOSTICOS Y TERAPEUTICOS MISCELANEOS,16. (87 99) PROCEDIMIENTOS DIAGNOSTICOS Y TERAPEUTICOS MISCELANEOS
97.49,EXTRACCION DISPOSITIVO TORAX NO QUIRURGICO.OTRA,97 SUSTITUCION Y EXTRACCION DE DISPOSITIVOS TERAPEUTICOS,16. (87 99) PROCEDIMIENTOS DIAGNOSTICOS Y TERAPEUTICOS MISCELANEOS,16. (87 99) PROCEDIMIENTOS DIAGNOSTICOS Y TERAPEUTICOS MISCELANEOS
97.5,EXTRACCION DISPOSITIVO DIGESTIVO NO QUIRURGICO,97 SUSTITUCION Y EXTRACCION DE DISPOSITIVOS TERAPEUTICOS,16. (87 99) PROCEDIMIENTOS DIAGNOSTICOS Y TERAPEUTICOS MISCELANEOS,16. (87 99) PROCEDIMIENTOS DIAGNOSTICOS Y TERAPEUTICOS MISCELANEOS
97.51,EXTRACCION SONDA GASTROSTOMIA,97 SUSTITUCION Y EXTRACCION DE DISPOSITIVOS TERAPEUTICOS,16. (87 99) PROCEDIMIENTOS DIAGNOSTICOS Y TERAPEUTICOS MISCELANEOS,16. (87 99) PROCEDIMIENTOS DIAGNOSTICOS Y TERAPEUTICOS MISCELANEOS
97.52,EXTRACCION SONDA INTESTINO DELGADO,97 SUSTITUCION Y EXTRACCION DE DISPOSITIVOS TERAPEUTICOS,16. (87 99) PROCEDIMIENTOS DIAGNOSTICOS Y TERAPEUTICOS MISCELANEOS,16. (87 99) PROCEDIMIENTOS DIAGNOSTICOS Y TERAPEUTICOS MISCELANEOS
97.53,EXTRACCION SONDA INTESTINO GRUESO,97 SUSTITUCION Y EXTRACCION DE DISPOSITIVOS TERAPEUTICOS,16. (87 99) PROCEDIMIENTOS DIAGNOSTICOS Y TERAPEUTICOS MISCELANEOS,16. (87 99) PROCEDIMIENTOS DIAGNOSTICOS Y TERAPEUTICOS MISCELANEOS
97.54,EXTRACCION SONDA COLECISTOSTOMIA,97 SUSTITUCION Y EXTRACCION DE DISPOSITIVOS TERAPEUTICOS,16. (87 99) PROCEDIMIENTOS DIAGNOSTICOS Y TERAPEUTICOS MISCELANEOS,16. (87 99) PROCEDIMIENTOS DIAGNOSTICOS Y TERAPEUTICOS MISCELANEOS
97.55,EXTRACCION SONDA HEPATOBILIAR EN T,97 SUSTITUCION Y EXTRACCION DE DISPOSITIVOS TERAPEUTICOS,16. (87 99) PROCEDIMIENTOS DIAGNOSTICOS Y TERAPEUTICOS MISCELANEOS,16. (87 99) PROCEDIMIENTOS DIAGNOSTICOS Y TERAPEUTICOS MISCELANEOS
97.56,EXTRACCION SONDA PANCREAS,97 SUSTITUCION Y EXTRACCION DE DISPOSITIVOS TERAPEUTICOS,16. (87 99) PROCEDIMIENTOS DIAGNOSTICOS Y TERAPEUTICOS MISCELANEOS,16. (87 99) PROCEDIMIENTOS DIAGNOSTICOS Y TERAPEUTICOS MISCELANEOS
97.59,EXTRACCION DISPOSITIVO DIGESTIVO NO QUIRURGICO.OTRA,97 SUSTITUCION Y EXTRACCION DE DISPOSITIVOS TERAPEUTICOS,16. (87 99) PROCEDIMIENTOS DIAGNOSTICOS Y TERAPEUTICOS MISCELANEOS,16. (87 99) PROCEDIMIENTOS DIAGNOSTICOS Y TERAPEUTICOS MISCELANEOS
97.6,EXTRACCION DISPOSITIVO URINARIO NO QUIRURGICO,97 SUSTITUCION Y EXTRACCION DE DISPOSITIVOS TERAPEUTICOS,16. (87 99) PROCEDIMIENTOS DIAGNOSTICOS Y TERAPEUTICOS MISCELANEOS,16. (87 99) PROCEDIMIENTOS DIAGNOSTICOS Y TERAPEUTICOS MISCELANEOS
97.61,EXTRACCION SONDA PIELOSTOMIA Y NEFROSTOMIA,97 SUSTITUCION Y EXTRACCION DE DISPOSITIVOS TERAPEUTICOS,16. (87 99) PROCEDIMIENTOS DIAGNOSTICOS Y TERAPEUTICOS MISCELANEOS,16. (87 99) PROCEDIMIENTOS DIAGNOSTICOS Y TERAPEUTICOS MISCELANEOS
97.62,EXTRACCION SONDA URETEROSTOMIA Y URETER,97 SUSTITUCION Y EXTRACCION DE DISPOSITIVOS TERAPEUTICOS,16. (87 99) PROCEDIMIENTOS DIAGNOSTICOS Y TERAPEUTICOS MISCELANEOS,16. (87 99) PROCEDIMIENTOS DIAGNOSTICOS Y TERAPEUTICOS MISCELANEOS
97.63,EXTRACCION SONDA CISTOSTOMIA,97 SUSTITUCION Y EXTRACCION DE DISPOSITIVOS TERAPEUTICOS,16. (87 99) PROCEDIMIENTOS DIAGNOSTICOS Y TERAPEUTICOS MISCELANEOS,16. (87 99) PROCEDIMIENTOS DIAGNOSTICOS Y TERAPEUTICOS MISCELANEOS
97.64,EXTRACCION DISPOSITIVO DRENAJE URINARIO OTRO,97 SUSTITUCION Y EXTRACCION DE DISPOSITIVOS TERAPEUTICOS,16. (87 99) PROCEDIMIENTOS DIAGNOSTICOS Y TERAPEUTICOS MISCELANEOS,16. (87 99) PROCEDIMIENTOS DIAGNOSTICOS Y TERAPEUTICOS MISCELANEOS
97.65,EXTRACCION SONDA STENT URETRAL,97 SUSTITUCION Y EXTRACCION DE DISPOSITIVOS TERAPEUTICOS,16. (87 99) PROCEDIMIENTOS DIAGNOSTICOS Y TERAPEUTICOS MISCELANEOS,16. (87 99) PROCEDIMIENTOS DIAGNOSTICOS Y TERAPEUTICOS MISCELANEOS
97.69,EXTRACCION DISPOSITIVO URINARIO NO QUIRURGICO.OTRA,97 SUSTITUCION Y EXTRACCION DE DISPOSITIVOS TERAPEUTICOS,16. (87 99) PROCEDIMIENTOS DIAGNOSTICOS Y TERAPEUTICOS MISCELANEOS,16. (87 99) PROCEDIMIENTOS DIAGNOSTICOS Y TERAPEUTICOS MISCELANEOS
97.7,EXTRACCION DISPOSITIVO APARATO GENITAL NO QUIRURGICO,97 SUSTITUCION Y EXTRACCION DE DISPOSITIVOS TERAPEUTICOS,16. (87 99) PROCEDIMIENTOS DIAGNOSTICOS Y TERAPEUTICOS MISCELANEOS,16. (87 99) PROCEDIMIENTOS DIAGNOSTICOS Y TERAPEUTICOS MISCELANEOS
97.71,EXTRACCION DISPOSITIVO INTRAUTERINO ANTICONCEPTIVO,97 SUSTITUCION Y EXTRACCION DE DISPOSITIVOS TERAPEUTICOS,16. (87 99) PROCEDIMIENTOS DIAGNOSTICOS Y TERAPEUTICOS MISCELANEOS,16. (87 99) PROCEDIMIENTOS DIAGNOSTICOS Y TERAPEUTICOS MISCELANEOS
97.72,EXTRACCION TAPONAMIENTO INTRAUTERINO,97 SUSTITUCION Y EXTRACCION DE DISPOSITIVOS TERAPEUTICOS,16. (87 99) PROCEDIMIENTOS DIAGNOSTICOS Y TERAPEUTICOS MISCELANEOS,16. (87 99) PROCEDIMIENTOS DIAGNOSTICOS Y TERAPEUTICOS MISCELANEOS
97.73,EXTRACCION DIAFRAGMA VAGINA,97 SUSTITUCION Y EXTRACCION DE DISPOSITIVOS TERAPEUTICOS,16. (87 99) PROCEDIMIENTOS DIAGNOSTICOS Y TERAPEUTICOS MISCELANEOS,16. (87 99) PROCEDIMIENTOS DIAGNOSTICOS Y TERAPEUTICOS MISCELANEOS
97.74,EXTRACCION PESARIO VAGINA OTRO,97 SUSTITUCION Y EXTRACCION DE DISPOSITIVOS TERAPEUTICOS,16. (87 99) PROCEDIMIENTOS DIAGNOSTICOS Y TERAPEUTICOS MISCELANEOS,16. (87 99) PROCEDIMIENTOS DIAGNOSTICOS Y TERAPEUTICOS MISCELANEOS
97.75,EXTRACCION TAPONAMIENTO VAGINA Y VULVA,97 SUSTITUCION Y EXTRACCION DE DISPOSITIVOS TERAPEUTICOS,16. (87 99) PROCEDIMIENTOS DIAGNOSTICOS Y TERAPEUTICOS MISCELANEOS,16. (87 99) PROCEDIMIENTOS DIAGNOSTICOS Y TERAPEUTICOS MISCELANEOS
97.79,EXTRACCION DISPOSITIVO APARATO GENITAL NO QUIRURGICO.OTRO,97 SUSTITUCION Y EXTRACCION DE DISPOSITIVOS TERAPEUTICOS,16. (87 99) PROCEDIMIENTOS DIAGNOSTICOS Y TERAPEUTICOS MISCELANEOS,16. (87 99) PROCEDIMIENTOS DIAGNOSTICOS Y TERAPEUTICOS MISCELANEOS
97.8,EXTRACCION DISPOSITIVO NO QUIRURGICO OTRA,97 SUSTITUCION Y EXTRACCION DE DISPOSITIVOS TERAPEUTICOS,16. (87 99) PROCEDIMIENTOS DIAGNOSTICOS Y TERAPEUTICOS MISCELANEOS,16. (87 99) PROCEDIMIENTOS DIAGNOSTICOS Y TERAPEUTICOS MISCELANEOS
97.81,EXTRACCION DRENAJE RETROPERITONEO,97 SUSTITUCION Y EXTRACCION DE DISPOSITIVOS TERAPEUTICOS,16. (87 99) PROCEDIMIENTOS DIAGNOSTICOS Y TERAPEUTICOS MISCELANEOS,16. (87 99) PROCEDIMIENTOS DIAGNOSTICOS Y TERAPEUTICOS MISCELANEOS
97.82,EXTRACCION DRENAJE PERITONEO,97 SUSTITUCION Y EXTRACCION DE DISPOSITIVOS TERAPEUTICOS,16. (87 99) PROCEDIMIENTOS DIAGNOSTICOS Y TERAPEUTICOS MISCELANEOS,16. (87 99) PROCEDIMIENTOS DIAGNOSTICOS Y TERAPEUTICOS MISCELANEOS
97.83,RETIRADA SUTURA PARED ABDOMEN,97 SUSTITUCION Y EXTRACCION DE DISPOSITIVOS TERAPEUTICOS,16. (87 99) PROCEDIMIENTOS DIAGNOSTICOS Y TERAPEUTICOS MISCELANEOS,16. (87 99) PROCEDIMIENTOS DIAGNOSTICOS Y TERAPEUTICOS MISCELANEOS
97.84,RETIRADA SUTURA TRONCO NCOC,97 SUSTITUCION Y EXTRACCION DE DISPOSITIVOS TERAPEUTICOS,16. (87 99) PROCEDIMIENTOS DIAGNOSTICOS Y TERAPEUTICOS MISCELANEOS,16. (87 99) PROCEDIMIENTOS DIAGNOSTICOS Y TERAPEUTICOS MISCELANEOS
97.85,EXTRACCION TAPONAMIENTO TRONCO NCOC,97 SUSTITUCION Y EXTRACCION DE DISPOSITIVOS TERAPEUTICOS,16. (87 99) PROCEDIMIENTOS DIAGNOSTICOS Y TERAPEUTICOS MISCELANEOS,16. (87 99) PROCEDIMIENTOS DIAGNOSTICOS Y TERAPEUTICOS MISCELANEOS
97.86,EXTRACCION DISPOSITIVO ABDOMEN NO QUIRURGICO OTRO,97 SUSTITUCION Y EXTRACCION DE DISPOSITIVOS TERAPEUTICOS,16. (87 99) PROCEDIMIENTOS DIAGNOSTICOS Y TERAPEUTICOS MISCELANEOS,16. (87 99) PROCEDIMIENTOS DIAGNOSTICOS Y TERAPEUTICOS MISCELANEOS
97.87,EXTRACCION DISPOSITIVO TRONCO NO QUIRURGICO OTRO,97 SUSTITUCION Y EXTRACCION DE DISPOSITIVOS TERAPEUTICOS,16. (87 99) PROCEDIMIENTOS DIAGNOSTICOS Y TERAPEUTICOS MISCELANEOS,16. (87 99) PROCEDIMIENTOS DIAGNOSTICOS Y TERAPEUTICOS MISCELANEOS
97.88,EXTRACCION DISPOSITIVO INMOVILIZACION EXTERNA,97 SUSTITUCION Y EXTRACCION DE DISPOSITIVOS TERAPEUTICOS,16. (87 99) PROCEDIMIENTOS DIAGNOSTICOS Y TERAPEUTICOS MISCELANEOS,16. (87 99) PROCEDIMIENTOS DIAGNOSTICOS Y TERAPEUTICOS MISCELANEOS
97.89,EXTRACCION DISPOSITIVO NO QUIRURGICO.OTRO,97 SUSTITUCION Y EXTRACCION DE DISPOSITIVOS TERAPEUTICOS,16. (87 99) PROCEDIMIENTOS DIAGNOSTICOS Y TERAPEUTICOS MISCELANEOS,16. (87 99) PROCEDIMIENTOS DIAGNOSTICOS Y TERAPEUTICOS MISCELANEOS
98,EXTRACCION CUERPO EXTRAÑO SIN INCISION,98 EXTRACCION DE CUERPO EXTRAÑO NO OPERATORIO,16. (87 99) PROCEDIMIENTOS DIAGNOSTICOS Y TERAPEUTICOS MISCELANEOS,16. (87 99) PROCEDIMIENTOS DIAGNOSTICOS Y TERAPEUTICOS MISCELANEOS
98.0,EXTRACCION CUERPO EXTRAÑO DIGESTIVO SIN INCISION,98 EXTRACCION DE CUERPO EXTRAÑO NO OPERATORIO,16. (87 99) PROCEDIMIENTOS DIAGNOSTICOS Y TERAPEUTICOS MISCELANEOS,16. (87 99) PROCEDIMIENTOS DIAGNOSTICOS Y TERAPEUTICOS MISCELANEOS
98.01,EXTRACCION CUERPO EXTRAÑO BOCA SIN INCISION,98 EXTRACCION DE CUERPO EXTRAÑO NO OPERATORIO,16. (87 99) PROCEDIMIENTOS DIAGNOSTICOS Y TERAPEUTICOS MISCELANEOS,16. (87 99) PROCEDIMIENTOS DIAGNOSTICOS Y TERAPEUTICOS MISCELANEOS
98.02,EXTRACCION CUERPO EXTRAÑO ESOFAGO SIN INCISION,98 EXTRACCION DE CUERPO EXTRAÑO NO OPERATORIO,16. (87 99) PROCEDIMIENTOS DIAGNOSTICOS Y TERAPEUTICOS MISCELANEOS,16. (87 99) PROCEDIMIENTOS DIAGNOSTICOS Y TERAPEUTICOS MISCELANEOS
98.03,EXTRACCION CUERPO EXTRAÑO ESTOMAGO SIN INCISION,98 EXTRACCION DE CUERPO EXTRAÑO NO OPERATORIO,16. (87 99) PROCEDIMIENTOS DIAGNOSTICOS Y TERAPEUTICOS MISCELANEOS,16. (87 99) PROCEDIMIENTOS DIAGNOSTICOS Y TERAPEUTICOS MISCELANEOS
98.04,EXTRACCION CUERPO EXTRAÑO COLON SIN INCISION,98 EXTRACCION DE CUERPO EXTRAÑO NO OPERATORIO,16. (87 99) PROCEDIMIENTOS DIAGNOSTICOS Y TERAPEUTICOS MISCELANEOS,16. (87 99) PROCEDIMIENTOS DIAGNOSTICOS Y TERAPEUTICOS MISCELANEOS
98.05,EXTRACCION CUERPO EXTRAÑO RECTO SIN INCISION,98 EXTRACCION DE CUERPO EXTRAÑO NO OPERATORIO,16. (87 99) PROCEDIMIENTOS DIAGNOSTICOS Y TERAPEUTICOS MISCELANEOS,16. (87 99) PROCEDIMIENTOS DIAGNOSTICOS Y TERAPEUTICOS MISCELANEOS
98.1,EXTRACCION CUERPO EXTRAÑO INTRALUMINAL SIN INCISION OTRO,98 EXTRACCION DE CUERPO EXTRAÑO NO OPERATORIO,16. (87 99) PROCEDIMIENTOS DIAGNOSTICOS Y TERAPEUTICOS MISCELANEOS,16. (87 99) PROCEDIMIENTOS DIAGNOSTICOS Y TERAPEUTICOS MISCELANEOS
98.11,EXTRACCION CUERPO EXTRAÑO OIDO SIN INCISION,98 EXTRACCION DE CUERPO EXTRAÑO NO OPERATORIO,16. (87 99) PROCEDIMIENTOS DIAGNOSTICOS Y TERAPEUTICOS MISCELANEOS,16. (87 99) PROCEDIMIENTOS DIAGNOSTICOS Y TERAPEUTICOS MISCELANEOS
98.12,EXTRACCION CUERPO EXTRAÑO NARIZ SIN INCISION,98 EXTRACCION DE CUERPO EXTRAÑO NO OPERATORIO,16. (87 99) PROCEDIMIENTOS DIAGNOSTICOS Y TERAPEUTICOS MISCELANEOS,16. (87 99) PROCEDIMIENTOS DIAGNOSTICOS Y TERAPEUTICOS MISCELANEOS
98.13,EXTRACCION CUERPO EXTRAÑO FARINGE SIN INCISION,98 EXTRACCION DE CUERPO EXTRAÑO NO OPERATORIO,16. (87 99) PROCEDIMIENTOS DIAGNOSTICOS Y TERAPEUTICOS MISCELANEOS,16. (87 99) PROCEDIMIENTOS DIAGNOSTICOS Y TERAPEUTICOS MISCELANEOS
98.14,EXTRACCION CUERPO EXTRAÑO LARINGE SIN INCISION,98 EXTRACCION DE CUERPO EXTRAÑO NO OPERATORIO,16. (87 99) PROCEDIMIENTOS DIAGNOSTICOS Y TERAPEUTICOS MISCELANEOS,16. (87 99) PROCEDIMIENTOS DIAGNOSTICOS Y TERAPEUTICOS MISCELANEOS
98.15,EXTRACCION CUERPO EXTRAÑO TRAQUEA Y BRONQUIO SIN INCISION,98 EXTRACCION DE CUERPO EXTRAÑO NO OPERATORIO,16. (87 99) PROCEDIMIENTOS DIAGNOSTICOS Y TERAPEUTICOS MISCELANEOS,16. (87 99) PROCEDIMIENTOS DIAGNOSTICOS Y TERAPEUTICOS MISCELANEOS
98.16,EXTRACCION CUERPO EXTRAÑO UTERO SIN INCISION,98 EXTRACCION DE CUERPO EXTRAÑO NO OPERATORIO,16. (87 99) PROCEDIMIENTOS DIAGNOSTICOS Y TERAPEUTICOS MISCELANEOS,16. (87 99) PROCEDIMIENTOS DIAGNOSTICOS Y TERAPEUTICOS MISCELANEOS
98.17,EXTRACCION CUERPO EXTRAÑO VAGINA SIN INCISION,98 EXTRACCION DE CUERPO EXTRAÑO NO OPERATORIO,16. (87 99) PROCEDIMIENTOS DIAGNOSTICOS Y TERAPEUTICOS MISCELANEOS,16. (87 99) PROCEDIMIENTOS DIAGNOSTICOS Y TERAPEUTICOS MISCELANEOS
98.18,EXTRACCION CUERPO EXTRAÑO ESTOMA ARTIFICIAL SIN INCISION,98 EXTRACCION DE CUERPO EXTRAÑO NO OPERATORIO,16. (87 99) PROCEDIMIENTOS DIAGNOSTICOS Y TERAPEUTICOS MISCELANEOS,16. (87 99) PROCEDIMIENTOS DIAGNOSTICOS Y TERAPEUTICOS MISCELANEOS
98.19,EXTRACCION CUERPO EXTRAÑO URETRA SIN INCISION,98 EXTRACCION DE CUERPO EXTRAÑO NO OPERATORIO,16. (87 99) PROCEDIMIENTOS DIAGNOSTICOS Y TERAPEUTICOS MISCELANEOS,16. (87 99) PROCEDIMIENTOS DIAGNOSTICOS Y TERAPEUTICOS MISCELANEOS
98.2,EXTRACCION CUERPO EXTRAÑO SIN INCISION OTRA,98 EXTRACCION DE CUERPO EXTRAÑO NO OPERATORIO,16. (87 99) PROCEDIMIENTOS DIAGNOSTICOS Y TERAPEUTICOS MISCELANEOS,16. (87 99) PROCEDIMIENTOS DIAGNOSTICOS Y TERAPEUTICOS MISCELANEOS
98.20,EXTRACCION CUERPO EXTRAÑO NEOM SIN INCISION,98 EXTRACCION DE CUERPO EXTRAÑO NO OPERATORIO,16. (87 99) PROCEDIMIENTOS DIAGNOSTICOS Y TERAPEUTICOS MISCELANEOS,16. (87 99) PROCEDIMIENTOS DIAGNOSTICOS Y TERAPEUTICOS MISCELANEOS
98.21,EXTRACCION CUERPO EXTRAÑO OJO SUPERFICIAL SIN INCISION,98 EXTRACCION DE CUERPO EXTRAÑO NO OPERATORIO,16. (87 99) PROCEDIMIENTOS DIAGNOSTICOS Y TERAPEUTICOS MISCELANEOS,16. (87 99) PROCEDIMIENTOS DIAGNOSTICOS Y TERAPEUTICOS MISCELANEOS
98.22,EXTRACCION CUERPO EXTRAÑO CABEZA Y CUELLO SIN INCISION OTRA,98 EXTRACCION DE CUERPO EXTRAÑO NO OPERATORIO,16. (87 99) PROCEDIMIENTOS DIAGNOSTICOS Y TERAPEUTICOS MISCELANEOS,16. (87 99) PROCEDIMIENTOS DIAGNOSTICOS Y TERAPEUTICOS MISCELANEOS
98.23,EXTRACCION CUERPO EXTRAÑO VULVA SIN INCISION,98 EXTRACCION DE CUERPO EXTRAÑO NO OPERATORIO,16. (87 99) PROCEDIMIENTOS DIAGNOSTICOS Y TERAPEUTICOS MISCELANEOS,16. (87 99) PROCEDIMIENTOS DIAGNOSTICOS Y TERAPEUTICOS MISCELANEOS
98.24,EXTRACCION CUERPO EXTRAÑO ESCROTO Y PENE SIN INCISION,98 EXTRACCION DE CUERPO EXTRAÑO NO OPERATORIO,16. (87 99) PROCEDIMIENTOS DIAGNOSTICOS Y TERAPEUTICOS MISCELANEOS,16. (87 99) PROCEDIMIENTOS DIAGNOSTICOS Y TERAPEUTICOS MISCELANEOS
98.25,EXTRACCION CUERPO EXTRAÑO TRONCO SIN INCISION,98 EXTRACCION DE CUERPO EXTRAÑO NO OPERATORIO,16. (87 99) PROCEDIMIENTOS DIAGNOSTICOS Y TERAPEUTICOS MISCELANEOS,16. (87 99) PROCEDIMIENTOS DIAGNOSTICOS Y TERAPEUTICOS MISCELANEOS
98.26,EXTRACCION CUERPO EXTRAÑO MANO SIN INCISION,98 EXTRACCION DE CUERPO EXTRAÑO NO OPERATORIO,16. (87 99) PROCEDIMIENTOS DIAGNOSTICOS Y TERAPEUTICOS MISCELANEOS,16. (87 99) PROCEDIMIENTOS DIAGNOSTICOS Y TERAPEUTICOS MISCELANEOS
98.27,EXTRACCION CUERPO EXTRAÑO MIEMBRO SUPERIOR SIN INCISION,98 EXTRACCION DE CUERPO EXTRAÑO NO OPERATORIO,16. (87 99) PROCEDIMIENTOS DIAGNOSTICOS Y TERAPEUTICOS MISCELANEOS,16. (87 99) PROCEDIMIENTOS DIAGNOSTICOS Y TERAPEUTICOS MISCELANEOS
98.28,EXTRACCION CUERPO EXTRAÑO PIE SIN INCISION,98 EXTRACCION DE CUERPO EXTRAÑO NO OPERATORIO,16. (87 99) PROCEDIMIENTOS DIAGNOSTICOS Y TERAPEUTICOS MISCELANEOS,16. (87 99) PROCEDIMIENTOS DIAGNOSTICOS Y TERAPEUTICOS MISCELANEOS
98.29,EXTRACCION CUERPO EXTRAÑO MIEMBRO INFERIOR SIN INCISION,98 EXTRACCION DE CUERPO EXTRAÑO NO OPERATORIO,16. (87 99) PROCEDIMIENTOS DIAGNOSTICOS Y TERAPEUTICOS MISCELANEOS,16. (87 99) PROCEDIMIENTOS DIAGNOSTICOS Y TERAPEUTICOS MISCELANEOS
98.5,LITOTRICIA POR ONDA DE CHOQUE EXTRACORPORAL [LOE],98 EXTRACCION DE CUERPO EXTRAÑO NO OPERATORIO,16. (87 99) PROCEDIMIENTOS DIAGNOSTICOS Y TERAPEUTICOS MISCELANEOS,16. (87 99) PROCEDIMIENTOS DIAGNOSTICOS Y TERAPEUTICOS MISCELANEOS
98.51,LITOTRICIA POR ONDA DE CHOQUE EXTRACORPORAL.URINARIA,98 EXTRACCION DE CUERPO EXTRAÑO NO OPERATORIO,16. (87 99) PROCEDIMIENTOS DIAGNOSTICOS Y TERAPEUTICOS MISCELANEOS,16. (87 99) PROCEDIMIENTOS DIAGNOSTICOS Y TERAPEUTICOS MISCELANEOS
98.52,LITOTRICIA POR ONDA DE CHOQUE EXTRACORPORAL.VIA BILIAR,98 EXTRACCION DE CUERPO EXTRAÑO NO OPERATORIO,16. (87 99) PROCEDIMIENTOS DIAGNOSTICOS Y TERAPEUTICOS MISCELANEOS,16. (87 99) PROCEDIMIENTOS DIAGNOSTICOS Y TERAPEUTICOS MISCELANEOS
98.59,LITOTRICIA POR ONDA DE CHOQUE EXTRACORPORAL.OTRA,98 EXTRACCION DE CUERPO EXTRAÑO NO OPERATORIO,16. (87 99) PROCEDIMIENTOS DIAGNOSTICOS Y TERAPEUTICOS MISCELANEOS,16. (87 99) PROCEDIMIENTOS DIAGNOSTICOS Y TERAPEUTICOS MISCELANEOS
99,PROCEDIMIENTO NO OPERATORIO OTRO,99 OTROS PROCEDIMIENTOS NO QUIRURGICOS,16. (87 99) PROCEDIMIENTOS DIAGNOSTICOS Y TERAPEUTICOS MISCELANEOS,16. (87 99) PROCEDIMIENTOS DIAGNOSTICOS Y TERAPEUTICOS MISCELANEOS
99.0,TRANSFUSION SANGRE Y COMPONENTE SANGUINEO,99 OTROS PROCEDIMIENTOS NO QUIRURGICOS,16. (87 99) PROCEDIMIENTOS DIAGNOSTICOS Y TERAPEUTICOS MISCELANEOS,16. (87 99) PROCEDIMIENTOS DIAGNOSTICOS Y TERAPEUTICOS MISCELANEOS
99.00,TRANSFUSION SANGRE AUTOLOGA PEROPERATORIA,99 OTROS PROCEDIMIENTOS NO QUIRURGICOS,16. (87 99) PROCEDIMIENTOS DIAGNOSTICOS Y TERAPEUTICOS MISCELANEOS,16. (87 99) PROCEDIMIENTOS DIAGNOSTICOS Y TERAPEUTICOS MISCELANEOS
99.01,EXANGUINOTRANSFUSION,99 OTROS PROCEDIMIENTOS NO QUIRURGICOS,16. (87 99) PROCEDIMIENTOS DIAGNOSTICOS Y TERAPEUTICOS MISCELANEOS,16. (87 99) PROCEDIMIENTOS DIAGNOSTICOS Y TERAPEUTICOS MISCELANEOS
99.02,TRANSFUSION SANGRE AUTOLOGA RECOGIDA PREVIAMENTE,99 OTROS PROCEDIMIENTOS NO QUIRURGICOS,16. (87 99) PROCEDIMIENTOS DIAGNOSTICOS Y TERAPEUTICOS MISCELANEOS,16. (87 99) PROCEDIMIENTOS DIAGNOSTICOS Y TERAPEUTICOS MISCELANEOS
99.03,TRANSFUSION SANGRE ENTERA OTRA,99 OTROS PROCEDIMIENTOS NO QUIRURGICOS,16. (87 99) PROCEDIMIENTOS DIAGNOSTICOS Y TERAPEUTICOS MISCELANEOS,16. (87 99) PROCEDIMIENTOS DIAGNOSTICOS Y TERAPEUTICOS MISCELANEOS
99.04,TRANSFUSION CONCENTRADO HEMATIES,99 OTROS PROCEDIMIENTOS NO QUIRURGICOS,16. (87 99) PROCEDIMIENTOS DIAGNOSTICOS Y TERAPEUTICOS MISCELANEOS,16. (87 99) PROCEDIMIENTOS DIAGNOSTICOS Y TERAPEUTICOS MISCELANEOS
99.05,TRANSFUSION PLAQUETAS,99 OTROS PROCEDIMIENTOS NO QUIRURGICOS,16. (87 99) PROCEDIMIENTOS DIAGNOSTICOS Y TERAPEUTICOS MISCELANEOS,16. (87 99) PROCEDIMIENTOS DIAGNOSTICOS Y TERAPEUTICOS MISCELANEOS
99.06,TRANSFUSION FACTOR COAGULACION,99 OTROS PROCEDIMIENTOS NO QUIRURGICOS,16. (87 99) PROCEDIMIENTOS DIAGNOSTICOS Y TERAPEUTICOS MISCELANEOS,16. (87 99) PROCEDIMIENTOS DIAGNOSTICOS Y TERAPEUTICOS MISCELANEOS
99.07,TRANSFUSION SUERO OTRA,99 OTROS PROCEDIMIENTOS NO QUIRURGICOS,16. (87 99) PROCEDIMIENTOS DIAGNOSTICOS Y TERAPEUTICOS MISCELANEOS,16. (87 99) PROCEDIMIENTOS DIAGNOSTICOS Y TERAPEUTICOS MISCELANEOS
99.08,TRANSFUSION EXPANSOR SANGUINEO,99 OTROS PROCEDIMIENTOS NO QUIRURGICOS,16. (87 99) PROCEDIMIENTOS DIAGNOSTICOS Y TERAPEUTICOS MISCELANEOS,16. (87 99) PROCEDIMIENTOS DIAGNOSTICOS Y TERAPEUTICOS MISCELANEOS
99.09,TRANSFUSION OTRA,99 OTROS PROCEDIMIENTOS NO QUIRURGICOS,16. (87 99) PROCEDIMIENTOS DIAGNOSTICOS Y TERAPEUTICOS MISCELANEOS,16. (87 99) PROCEDIMIENTOS DIAGNOSTICOS Y TERAPEUTICOS MISCELANEOS
99.1,INYECCION SUSTANCIA TERAPEUTICA O PROFILACTICA,99 OTROS PROCEDIMIENTOS NO QUIRURGICOS,16. (87 99) PROCEDIMIENTOS DIAGNOSTICOS Y TERAPEUTICOS MISCELANEOS,16. (87 99) PROCEDIMIENTOS DIAGNOSTICOS Y TERAPEUTICOS MISCELANEOS
99.10,INYECCION AGENTE TROMBOLITICO,99 OTROS PROCEDIMIENTOS NO QUIRURGICOS,16. (87 99) PROCEDIMIENTOS DIAGNOSTICOS Y TERAPEUTICOS MISCELANEOS,16. (87 99) PROCEDIMIENTOS DIAGNOSTICOS Y TERAPEUTICOS MISCELANEOS
99.11,INYECCION GAMMAGLOBULINA INMUNE RH,99 OTROS PROCEDIMIENTOS NO QUIRURGICOS,16. (87 99) PROCEDIMIENTOS DIAGNOSTICOS Y TERAPEUTICOS MISCELANEOS,16. (87 99) PROCEDIMIENTOS DIAGNOSTICOS Y TERAPEUTICOS MISCELANEOS
99.12,INMUNIZACION ALERGICA,99 OTROS PROCEDIMIENTOS NO QUIRURGICOS,16. (87 99) PROCEDIMIENTOS DIAGNOSTICOS Y TERAPEUTICOS MISCELANEOS,16. (87 99) PROCEDIMIENTOS DIAGNOSTICOS Y TERAPEUTICOS MISCELANEOS
99.13,INMUNIZACION PARA ENF AUTOINMUNE,99 OTROS PROCEDIMIENTOS NO QUIRURGICOS,16. (87 99) PROCEDIMIENTOS DIAGNOSTICOS Y TERAPEUTICOS MISCELANEOS,16. (87 99) PROCEDIMIENTOS DIAGNOSTICOS Y TERAPEUTICOS MISCELANEOS
99.14,INYECCION GAMMAGLOBULINA,99 OTROS PROCEDIMIENTOS NO QUIRURGICOS,16. (87 99) PROCEDIMIENTOS DIAGNOSTICOS Y TERAPEUTICOS MISCELANEOS,16. (87 99) PROCEDIMIENTOS DIAGNOSTICOS Y TERAPEUTICOS MISCELANEOS
99.15,INFUSION PARENTERAL SUSTANCIA NUTRITIVA CONCENTRADA,99 OTROS PROCEDIMIENTOS NO QUIRURGICOS,16. (87 99) PROCEDIMIENTOS DIAGNOSTICOS Y TERAPEUTICOS MISCELANEOS,16. (87 99) PROCEDIMIENTOS DIAGNOSTICOS Y TERAPEUTICOS MISCELANEOS
99.16,INYECCION ANTIDOTO,99 OTROS PROCEDIMIENTOS NO QUIRURGICOS,16. (87 99) PROCEDIMIENTOS DIAGNOSTICOS Y TERAPEUTICOS MISCELANEOS,16. (87 99) PROCEDIMIENTOS DIAGNOSTICOS Y TERAPEUTICOS MISCELANEOS
99.17,INYECCION INSULINA,99 OTROS PROCEDIMIENTOS NO QUIRURGICOS,16. (87 99) PROCEDIMIENTOS DIAGNOSTICOS Y TERAPEUTICOS MISCELANEOS,16. (87 99) PROCEDIMIENTOS DIAGNOSTICOS Y TERAPEUTICOS MISCELANEOS
99.18,INYECCION ELECTROLITO,99 OTROS PROCEDIMIENTOS NO QUIRURGICOS,16. (87 99) PROCEDIMIENTOS DIAGNOSTICOS Y TERAPEUTICOS MISCELANEOS,16. (87 99) PROCEDIMIENTOS DIAGNOSTICOS Y TERAPEUTICOS MISCELANEOS
99.19,INYECCION ANTICOAGULANTE,99 OTROS PROCEDIMIENTOS NO QUIRURGICOS,16. (87 99) PROCEDIMIENTOS DIAGNOSTICOS Y TERAPEUTICOS MISCELANEOS,16. (87 99) PROCEDIMIENTOS DIAGNOSTICOS Y TERAPEUTICOS MISCELANEOS
99.2,INYECCION SUSTANCIA TERAPEUTICA O PROFILACTICA OTRA,99 OTROS PROCEDIMIENTOS NO QUIRURGICOS,16. (87 99) PROCEDIMIENTOS DIAGNOSTICOS Y TERAPEUTICOS MISCELANEOS,16. (87 99) PROCEDIMIENTOS DIAGNOSTICOS Y TERAPEUTICOS MISCELANEOS
99.20,INYECCION INHIBIDOR PLAQUETAS,99 OTROS PROCEDIMIENTOS NO QUIRURGICOS,16. (87 99) PROCEDIMIENTOS DIAGNOSTICOS Y TERAPEUTICOS MISCELANEOS,16. (87 99) PROCEDIMIENTOS DIAGNOSTICOS Y TERAPEUTICOS MISCELANEOS
99.21,INYECCION ANTIBIOTICO,99 OTROS PROCEDIMIENTOS NO QUIRURGICOS,16. (87 99) PROCEDIMIENTOS DIAGNOSTICOS Y TERAPEUTICOS MISCELANEOS,16. (87 99) PROCEDIMIENTOS DIAGNOSTICOS Y TERAPEUTICOS MISCELANEOS
99.22,INYECCION SUSTANCIA ANTIINFECCIOSA OTRA,99 OTROS PROCEDIMIENTOS NO QUIRURGICOS,16. (87 99) PROCEDIMIENTOS DIAGNOSTICOS Y TERAPEUTICOS MISCELANEOS,16. (87 99) PROCEDIMIENTOS DIAGNOSTICOS Y TERAPEUTICOS MISCELANEOS
99.23,INYECCION ESTEROIDE,99 OTROS PROCEDIMIENTOS NO QUIRURGICOS,16. (87 99) PROCEDIMIENTOS DIAGNOSTICOS Y TERAPEUTICOS MISCELANEOS,16. (87 99) PROCEDIMIENTOS DIAGNOSTICOS Y TERAPEUTICOS MISCELANEOS
99.24,INYECCION HORMONA OTRA,99 OTROS PROCEDIMIENTOS NO QUIRURGICOS,16. (87 99) PROCEDIMIENTOS DIAGNOSTICOS Y TERAPEUTICOS MISCELANEOS,16. (87 99) PROCEDIMIENTOS DIAGNOSTICOS Y TERAPEUTICOS MISCELANEOS
99.25,INYECCION QUIMIOTERAPICO NCOC,99 OTROS PROCEDIMIENTOS NO QUIRURGICOS,16. (87 99) PROCEDIMIENTOS DIAGNOSTICOS Y TERAPEUTICOS MISCELANEOS,16. (87 99) PROCEDIMIENTOS DIAGNOSTICOS Y TERAPEUTICOS MISCELANEOS
99.26,INYECCION TRANQUILIZANTE,99 OTROS PROCEDIMIENTOS NO QUIRURGICOS,16. (87 99) PROCEDIMIENTOS DIAGNOSTICOS Y TERAPEUTICOS MISCELANEOS,16. (87 99) PROCEDIMIENTOS DIAGNOSTICOS Y TERAPEUTICOS MISCELANEOS
99.27,IONTOFORESIS,99 OTROS PROCEDIMIENTOS NO QUIRURGICOS,16. (87 99) PROCEDIMIENTOS DIAGNOSTICOS Y TERAPEUTICOS MISCELANEOS,16. (87 99) PROCEDIMIENTOS DIAGNOSTICOS Y TERAPEUTICOS MISCELANEOS
99.28,INYECCION MODIFICADOR RESPUESTA BIOLOGICA ANTINEOPLASICO,99 OTROS PROCEDIMIENTOS NO QUIRURGICOS,16. (87 99) PROCEDIMIENTOS DIAGNOSTICOS Y TERAPEUTICOS MISCELANEOS,16. (87 99) PROCEDIMIENTOS DIAGNOSTICOS Y TERAPEUTICOS MISCELANEOS
99.29,INYECCION SUSTANCIA TERAPEUTICA O PROFILACTICA.OTRA,99 OTROS PROCEDIMIENTOS NO QUIRURGICOS,16. (87 99) PROCEDIMIENTOS DIAGNOSTICOS Y TERAPEUTICOS MISCELANEOS,16. (87 99) PROCEDIMIENTOS DIAGNOSTICOS Y TERAPEUTICOS MISCELANEOS
99.3,VACUNACION ENFERMEDAD BACTERIANA,99 OTROS PROCEDIMIENTOS NO QUIRURGICOS,16. (87 99) PROCEDIMIENTOS DIAGNOSTICOS Y TERAPEUTICOS MISCELANEOS,16. (87 99) PROCEDIMIENTOS DIAGNOSTICOS Y TERAPEUTICOS MISCELANEOS
99.31,VACUNACION COLERA,99 OTROS PROCEDIMIENTOS NO QUIRURGICOS,16. (87 99) PROCEDIMIENTOS DIAGNOSTICOS Y TERAPEUTICOS MISCELANEOS,16. (87 99) PROCEDIMIENTOS DIAGNOSTICOS Y TERAPEUTICOS MISCELANEOS
99.32,VACUNACION FIEBRE TIFOIDEA Y PARATIFOIDEA,99 OTROS PROCEDIMIENTOS NO QUIRURGICOS,16. (87 99) PROCEDIMIENTOS DIAGNOSTICOS Y TERAPEUTICOS MISCELANEOS,16. (87 99) PROCEDIMIENTOS DIAGNOSTICOS Y TERAPEUTICOS MISCELANEOS
99.33,VACUNACION TUBERCULOSIS,99 OTROS PROCEDIMIENTOS NO QUIRURGICOS,16. (87 99) PROCEDIMIENTOS DIAGNOSTICOS Y TERAPEUTICOS MISCELANEOS,16. (87 99) PROCEDIMIENTOS DIAGNOSTICOS Y TERAPEUTICOS MISCELANEOS
99.34,VACUNACION PESTE,99 OTROS PROCEDIMIENTOS NO QUIRURGICOS,16. (87 99) PROCEDIMIENTOS DIAGNOSTICOS Y TERAPEUTICOS MISCELANEOS,16. (87 99) PROCEDIMIENTOS DIAGNOSTICOS Y TERAPEUTICOS MISCELANEOS
99.35,VACUNACION TULAREMIA,99 OTROS PROCEDIMIENTOS NO QUIRURGICOS,16. (87 99) PROCEDIMIENTOS DIAGNOSTICOS Y TERAPEUTICOS MISCELANEOS,16. (87 99) PROCEDIMIENTOS DIAGNOSTICOS Y TERAPEUTICOS MISCELANEOS
99.36,ADMINISTRACION TOXOIDE DIFTERICO,99 OTROS PROCEDIMIENTOS NO QUIRURGICOS,16. (87 99) PROCEDIMIENTOS DIAGNOSTICOS Y TERAPEUTICOS MISCELANEOS,16. (87 99) PROCEDIMIENTOS DIAGNOSTICOS Y TERAPEUTICOS MISCELANEOS
99.37,VACUNACION TOSFERINA,99 OTROS PROCEDIMIENTOS NO QUIRURGICOS,16. (87 99) PROCEDIMIENTOS DIAGNOSTICOS Y TERAPEUTICOS MISCELANEOS,16. (87 99) PROCEDIMIENTOS DIAGNOSTICOS Y TERAPEUTICOS MISCELANEOS
99.38,ADMINISTRACION TOXOIDE TETANICO,99 OTROS PROCEDIMIENTOS NO QUIRURGICOS,16. (87 99) PROCEDIMIENTOS DIAGNOSTICOS Y TERAPEUTICOS MISCELANEOS,16. (87 99) PROCEDIMIENTOS DIAGNOSTICOS Y TERAPEUTICOS MISCELANEOS
99.39,VACUNACION DIFTERIA-TETANOS-TOSFERINA,99 OTROS PROCEDIMIENTOS NO QUIRURGICOS,16. (87 99) PROCEDIMIENTOS DIAGNOSTICOS Y TERAPEUTICOS MISCELANEOS,16. (87 99) PROCEDIMIENTOS DIAGNOSTICOS Y TERAPEUTICOS MISCELANEOS
99.4,VACUNACION ENFERMEDAD VIRICA,99 OTROS PROCEDIMIENTOS NO QUIRURGICOS,16. (87 99) PROCEDIMIENTOS DIAGNOSTICOS Y TERAPEUTICOS MISCELANEOS,16. (87 99) PROCEDIMIENTOS DIAGNOSTICOS Y TERAPEUTICOS MISCELANEOS
99.41,VACUNACION POLIOMIELITIS,99 OTROS PROCEDIMIENTOS NO QUIRURGICOS,16. (87 99) PROCEDIMIENTOS DIAGNOSTICOS Y TERAPEUTICOS MISCELANEOS,16. (87 99) PROCEDIMIENTOS DIAGNOSTICOS Y TERAPEUTICOS MISCELANEOS
99.42,VACUNACION VIRUELA,99 OTROS PROCEDIMIENTOS NO QUIRURGICOS,16. (87 99) PROCEDIMIENTOS DIAGNOSTICOS Y TERAPEUTICOS MISCELANEOS,16. (87 99) PROCEDIMIENTOS DIAGNOSTICOS Y TERAPEUTICOS MISCELANEOS
99.43,VACUNACION FIEBRE AMARILLA,99 OTROS PROCEDIMIENTOS NO QUIRURGICOS,16. (87 99) PROCEDIMIENTOS DIAGNOSTICOS Y TERAPEUTICOS MISCELANEOS,16. (87 99) PROCEDIMIENTOS DIAGNOSTICOS Y TERAPEUTICOS MISCELANEOS
99.44,VACUNACION RABIA,99 OTROS PROCEDIMIENTOS NO QUIRURGICOS,16. (87 99) PROCEDIMIENTOS DIAGNOSTICOS Y TERAPEUTICOS MISCELANEOS,16. (87 99) PROCEDIMIENTOS DIAGNOSTICOS Y TERAPEUTICOS MISCELANEOS
99.45,VACUNACION SARAMPION,99 OTROS PROCEDIMIENTOS NO QUIRURGICOS,16. (87 99) PROCEDIMIENTOS DIAGNOSTICOS Y TERAPEUTICOS MISCELANEOS,16. (87 99) PROCEDIMIENTOS DIAGNOSTICOS Y TERAPEUTICOS MISCELANEOS
99.46,VACUNACION PAROTIDITIS,99 OTROS PROCEDIMIENTOS NO QUIRURGICOS,16. (87 99) PROCEDIMIENTOS DIAGNOSTICOS Y TERAPEUTICOS MISCELANEOS,16. (87 99) PROCEDIMIENTOS DIAGNOSTICOS Y TERAPEUTICOS MISCELANEOS
99.47,VACUNACION RUBEOLA,99 OTROS PROCEDIMIENTOS NO QUIRURGICOS,16. (87 99) PROCEDIMIENTOS DIAGNOSTICOS Y TERAPEUTICOS MISCELANEOS,16. (87 99) PROCEDIMIENTOS DIAGNOSTICOS Y TERAPEUTICOS MISCELANEOS
99.48,VACUNACION SARAMPION-PARATIDITIS-RUBEOLA,99 OTROS PROCEDIMIENTOS NO QUIRURGICOS,16. (87 99) PROCEDIMIENTOS DIAGNOSTICOS Y TERAPEUTICOS MISCELANEOS,16. (87 99) PROCEDIMIENTOS DIAGNOSTICOS Y TERAPEUTICOS MISCELANEOS
99.5,VACUNACION OTRA,99 OTROS PROCEDIMIENTOS NO QUIRURGICOS,16. (87 99) PROCEDIMIENTOS DIAGNOSTICOS Y TERAPEUTICOS MISCELANEOS,16. (87 99) PROCEDIMIENTOS DIAGNOSTICOS Y TERAPEUTICOS MISCELANEOS
99.51,VACUNACION RESFRIADO COMUN,99 OTROS PROCEDIMIENTOS NO QUIRURGICOS,16. (87 99) PROCEDIMIENTOS DIAGNOSTICOS Y TERAPEUTICOS MISCELANEOS,16. (87 99) PROCEDIMIENTOS DIAGNOSTICOS Y TERAPEUTICOS MISCELANEOS
99.52,VACUNACION GRIPE,99 OTROS PROCEDIMIENTOS NO QUIRURGICOS,16. (87 99) PROCEDIMIENTOS DIAGNOSTICOS Y TERAPEUTICOS MISCELANEOS,16. (87 99) PROCEDIMIENTOS DIAGNOSTICOS Y TERAPEUTICOS MISCELANEOS
99.53,VACUNACION ENCEFALITIS VIRICA POR ARTROPODO,99 OTROS PROCEDIMIENTOS NO QUIRURGICOS,16. (87 99) PROCEDIMIENTOS DIAGNOSTICOS Y TERAPEUTICOS MISCELANEOS,16. (87 99) PROCEDIMIENTOS DIAGNOSTICOS Y TERAPEUTICOS MISCELANEOS
99.54,VACUNACION INFECCION POR VIRUS POR ARTROPODO OTRA,99 OTROS PROCEDIMIENTOS NO QUIRURGICOS,16. (87 99) PROCEDIMIENTOS DIAGNOSTICOS Y TERAPEUTICOS MISCELANEOS,16. (87 99) PROCEDIMIENTOS DIAGNOSTICOS Y TERAPEUTICOS MISCELANEOS
99.55,VACUNACION OTRA,99 OTROS PROCEDIMIENTOS NO QUIRURGICOS,16. (87 99) PROCEDIMIENTOS DIAGNOSTICOS Y TERAPEUTICOS MISCELANEOS,16. (87 99) PROCEDIMIENTOS DIAGNOSTICOS Y TERAPEUTICOS MISCELANEOS
99.56,ADMINISTRACION ANTITOXINA TETANICA,99 OTROS PROCEDIMIENTOS NO QUIRURGICOS,16. (87 99) PROCEDIMIENTOS DIAGNOSTICOS Y TERAPEUTICOS MISCELANEOS,16. (87 99) PROCEDIMIENTOS DIAGNOSTICOS Y TERAPEUTICOS MISCELANEOS
99.57,ADMINISTRACION ANTITOXINA BOTULINICA,99 OTROS PROCEDIMIENTOS NO QUIRURGICOS,16. (87 99) PROCEDIMIENTOS DIAGNOSTICOS Y TERAPEUTICOS MISCELANEOS,16. (87 99) PROCEDIMIENTOS DIAGNOSTICOS Y TERAPEUTICOS MISCELANEOS
99.58,ADMINISTRACION ANTITOXINA OTRA,99 OTROS PROCEDIMIENTOS NO QUIRURGICOS,16. (87 99) PROCEDIMIENTOS DIAGNOSTICOS Y TERAPEUTICOS MISCELANEOS,16. (87 99) PROCEDIMIENTOS DIAGNOSTICOS Y TERAPEUTICOS MISCELANEOS
99.59,VACUNACION E INOCULACION OTRA,99 OTROS PROCEDIMIENTOS NO QUIRURGICOS,16. (87 99) PROCEDIMIENTOS DIAGNOSTICOS Y TERAPEUTICOS MISCELANEOS,16. (87 99) PROCEDIMIENTOS DIAGNOSTICOS Y TERAPEUTICOS MISCELANEOS
99.6,CONVERSION RITMO CORAZON,99 OTROS PROCEDIMIENTOS NO QUIRURGICOS,16. (87 99) PROCEDIMIENTOS DIAGNOSTICOS Y TERAPEUTICOS MISCELANEOS,16. (87 99) PROCEDIMIENTOS DIAGNOSTICOS Y TERAPEUTICOS MISCELANEOS
99.60,RESUCITACION CARDIOPULMONAR NEOM,99 OTROS PROCEDIMIENTOS NO QUIRURGICOS,16. (87 99) PROCEDIMIENTOS DIAGNOSTICOS Y TERAPEUTICOS MISCELANEOS,16. (87 99) PROCEDIMIENTOS DIAGNOSTICOS Y TERAPEUTICOS MISCELANEOS
99.61,CARDIOVERSION AURICULA,99 OTROS PROCEDIMIENTOS NO QUIRURGICOS,16. (87 99) PROCEDIMIENTOS DIAGNOSTICOS Y TERAPEUTICOS MISCELANEOS,16. (87 99) PROCEDIMIENTOS DIAGNOSTICOS Y TERAPEUTICOS MISCELANEOS
99.62,CHOQUE ELECTRICO CORAZON OTRO,99 OTROS PROCEDIMIENTOS NO QUIRURGICOS,16. (87 99) PROCEDIMIENTOS DIAGNOSTICOS Y TERAPEUTICOS MISCELANEOS,16. (87 99) PROCEDIMIENTOS DIAGNOSTICOS Y TERAPEUTICOS MISCELANEOS
99.63,MASAJE CORAZON A TORAX CERRADO,99 OTROS PROCEDIMIENTOS NO QUIRURGICOS,16. (87 99) PROCEDIMIENTOS DIAGNOSTICOS Y TERAPEUTICOS MISCELANEOS,16. (87 99) PROCEDIMIENTOS DIAGNOSTICOS Y TERAPEUTICOS MISCELANEOS
99.64,ESTIMULACION SENO CAROTIDEO,99 OTROS PROCEDIMIENTOS NO QUIRURGICOS,16. (87 99) PROCEDIMIENTOS DIAGNOSTICOS Y TERAPEUTICOS MISCELANEOS,16. (87 99) PROCEDIMIENTOS DIAGNOSTICOS Y TERAPEUTICOS MISCELANEOS
99.69,CONVERSION RITMO CORAZON.OTRA,99 OTROS PROCEDIMIENTOS NO QUIRURGICOS,16. (87 99) PROCEDIMIENTOS DIAGNOSTICOS Y TERAPEUTICOS MISCELANEOS,16. (87 99) PROCEDIMIENTOS DIAGNOSTICOS Y TERAPEUTICOS MISCELANEOS
99.7,AFERESIS TERAPEUTICA,99 OTROS PROCEDIMIENTOS NO QUIRURGICOS,16. (87 99) PROCEDIMIENTOS DIAGNOSTICOS Y TERAPEUTICOS MISCELANEOS,16. (87 99) PROCEDIMIENTOS DIAGNOSTICOS Y TERAPEUTICOS MISCELANEOS
99.71,PLASMAFERESIS TERAPEUTICA,99 OTROS PROCEDIMIENTOS NO QUIRURGICOS,16. (87 99) PROCEDIMIENTOS DIAGNOSTICOS Y TERAPEUTICOS MISCELANEOS,16. (87 99) PROCEDIMIENTOS DIAGNOSTICOS Y TERAPEUTICOS MISCELANEOS
99.72,LEUCOFERESIS TERAPEUTICA,99 OTROS PROCEDIMIENTOS NO QUIRURGICOS,16. (87 99) PROCEDIMIENTOS DIAGNOSTICOS Y TERAPEUTICOS MISCELANEOS,16. (87 99) PROCEDIMIENTOS DIAGNOSTICOS Y TERAPEUTICOS MISCELANEOS
99.73,ERITROCITOFERESIS TERAPEUTICA,99 OTROS PROCEDIMIENTOS NO QUIRURGICOS,16. (87 99) PROCEDIMIENTOS DIAGNOSTICOS Y TERAPEUTICOS MISCELANEOS,16. (87 99) PROCEDIMIENTOS DIAGNOSTICOS Y TERAPEUTICOS MISCELANEOS
99.74,PLAQUETOFERESIS TERAPEUTICA,99 OTROS PROCEDIMIENTOS NO QUIRURGICOS,16. (87 99) PROCEDIMIENTOS DIAGNOSTICOS Y TERAPEUTICOS MISCELANEOS,16. (87 99) PROCEDIMIENTOS DIAGNOSTICOS Y TERAPEUTICOS MISCELANEOS
99.75,ADMINISTRACION AGENTE NEUROPROTECTOR,99 OTROS PROCEDIMIENTOS NO QUIRURGICOS,16. (87 99) PROCEDIMIENTOS DIAGNOSTICOS Y TERAPEUTICOS MISCELANEOS,16. (87 99) PROCEDIMIENTOS DIAGNOSTICOS Y TERAPEUTICOS MISCELANEOS
99.76,INMUNOABSORCION EXTRACORPOREA,99 OTROS PROCEDIMIENTOS NO QUIRURGICOS,16. (87 99) PROCEDIMIENTOS DIAGNOSTICOS Y TERAPEUTICOS MISCELANEOS,16. (87 99) PROCEDIMIENTOS DIAGNOSTICOS Y TERAPEUTICOS MISCELANEOS
99.77,ADMINISTRACION SUSTANCIA BARRERA ADHERENCIAS,99 OTROS PROCEDIMIENTOS NO QUIRURGICOS,16. (87 99) PROCEDIMIENTOS DIAGNOSTICOS Y TERAPEUTICOS MISCELANEOS,16. (87 99) PROCEDIMIENTOS DIAGNOSTICOS Y TERAPEUTICOS MISCELANEOS
99.78,ACUAFERESIS,99 OTROS PROCEDIMIENTOS NO QUIRURGICOS,16. (87 99) PROCEDIMIENTOS DIAGNOSTICOS Y TERAPEUTICOS MISCELANEOS,16. (87 99) PROCEDIMIENTOS DIAGNOSTICOS Y TERAPEUTICOS MISCELANEOS
99.79,AFERESIS TERAPEUTICA.OTRA,99 OTROS PROCEDIMIENTOS NO QUIRURGICOS,16. (87 99) PROCEDIMIENTOS DIAGNOSTICOS Y TERAPEUTICOS MISCELANEOS,16. (87 99) PROCEDIMIENTOS DIAGNOSTICOS Y TERAPEUTICOS MISCELANEOS
99.8,PROCEDIMIENTO FISICO MISCELANEO,99 OTROS PROCEDIMIENTOS NO QUIRURGICOS,16. (87 99) PROCEDIMIENTOS DIAGNOSTICOS Y TERAPEUTICOS MISCELANEOS,16. (87 99) PROCEDIMIENTOS DIAGNOSTICOS Y TERAPEUTICOS MISCELANEOS
99.81,HIPOTERMIA (CENTRAL)(LOCAL),99 OTROS PROCEDIMIENTOS NO QUIRURGICOS,16. (87 99) PROCEDIMIENTOS DIAGNOSTICOS Y TERAPEUTICOS MISCELANEOS,16. (87 99) PROCEDIMIENTOS DIAGNOSTICOS Y TERAPEUTICOS MISCELANEOS
99.82,TERAPIA LUZ ULTRAVIOLETA,99 OTROS PROCEDIMIENTOS NO QUIRURGICOS,16. (87 99) PROCEDIMIENTOS DIAGNOSTICOS Y TERAPEUTICOS MISCELANEOS,16. (87 99) PROCEDIMIENTOS DIAGNOSTICOS Y TERAPEUTICOS MISCELANEOS
99.83,FOTOTERAPIA OTRA,99 OTROS PROCEDIMIENTOS NO QUIRURGICOS,16. (87 99) PROCEDIMIENTOS DIAGNOSTICOS Y TERAPEUTICOS MISCELANEOS,16. (87 99) PROCEDIMIENTOS DIAGNOSTICOS Y TERAPEUTICOS MISCELANEOS
99.84,AISLAMIENTO,99 OTROS PROCEDIMIENTOS NO QUIRURGICOS,16. (87 99) PROCEDIMIENTOS DIAGNOSTICOS Y TERAPEUTICOS MISCELANEOS,16. (87 99) PROCEDIMIENTOS DIAGNOSTICOS Y TERAPEUTICOS MISCELANEOS
99.85,HIPERTERMIA PARA TRATAMIENTO CANCER,99 OTROS PROCEDIMIENTOS NO QUIRURGICOS,16. (87 99) PROCEDIMIENTOS DIAGNOSTICOS Y TERAPEUTICOS MISCELANEOS,16. (87 99) PROCEDIMIENTOS DIAGNOSTICOS Y TERAPEUTICOS MISCELANEOS
99.86,COLOCACION ESTIMULADOR CRECIMIENTO HUESO INCRUENTA,99 OTROS PROCEDIMIENTOS NO QUIRURGICOS,16. (87 99) PROCEDIMIENTOS DIAGNOSTICOS Y TERAPEUTICOS MISCELANEOS,16. (87 99) PROCEDIMIENTOS DIAGNOSTICOS Y TERAPEUTICOS MISCELANEOS
99.88,FOTOFERESIS TERAPEUTICA,99 OTROS PROCEDIMIENTOS NO QUIRURGICOS,16. (87 99) PROCEDIMIENTOS DIAGNOSTICOS Y TERAPEUTICOS MISCELANEOS,16. (87 99) PROCEDIMIENTOS DIAGNOSTICOS Y TERAPEUTICOS MISCELANEOS
99.9,PROCEDIMIENTO MISCELANEO OTRO,99 OTROS PROCEDIMIENTOS NO QUIRURGICOS,16. (87 99) PROCEDIMIENTOS DIAGNOSTICOS Y TERAPEUTICOS MISCELANEOS,16. (87 99) PROCEDIMIENTOS DIAGNOSTICOS Y TERAPEUTICOS MISCELANEOS
99.91,ACUPUNTURA PARA ANESTESIA,99 OTROS PROCEDIMIENTOS NO QUIRURGICOS,16. (87 99) PROCEDIMIENTOS DIAGNOSTICOS Y TERAPEUTICOS MISCELANEOS,16. (87 99) PROCEDIMIENTOS DIAGNOSTICOS Y TERAPEUTICOS MISCELANEOS
99.92,ACUPUNTURA OTRA,99 OTROS PROCEDIMIENTOS NO QUIRURGICOS,16. (87 99) PROCEDIMIENTOS DIAGNOSTICOS Y TERAPEUTICOS MISCELANEOS,16. (87 99) PROCEDIMIENTOS DIAGNOSTICOS Y TERAPEUTICOS MISCELANEOS
99.93,MASAJE RECTO,99 OTROS PROCEDIMIENTOS NO QUIRURGICOS,16. (87 99) PROCEDIMIENTOS DIAGNOSTICOS Y TERAPEUTICOS MISCELANEOS,16. (87 99) PROCEDIMIENTOS DIAGNOSTICOS Y TERAPEUTICOS MISCELANEOS
99.94,MASAJE PROSTATA,99 OTROS PROCEDIMIENTOS NO QUIRURGICOS,16. (87 99) PROCEDIMIENTOS DIAGNOSTICOS Y TERAPEUTICOS MISCELANEOS,16. (87 99) PROCEDIMIENTOS DIAGNOSTICOS Y TERAPEUTICOS MISCELANEOS
99.95,ESTIRAMIENTO PREPUCIO,99 OTROS PROCEDIMIENTOS NO QUIRURGICOS,16. (87 99) PROCEDIMIENTOS DIAGNOSTICOS Y TERAPEUTICOS MISCELANEOS,16. (87 99) PROCEDIMIENTOS DIAGNOSTICOS Y TERAPEUTICOS MISCELANEOS
99.96,RECOGIDA ESPERMA PARA INSEMINACION ARTIFICIAL,99 OTROS PROCEDIMIENTOS NO QUIRURGICOS,16. (87 99) PROCEDIMIENTOS DIAGNOSTICOS Y TERAPEUTICOS MISCELANEOS,16. (87 99) PROCEDIMIENTOS DIAGNOSTICOS Y TERAPEUTICOS MISCELANEOS
99.97,COLOCACION DENTADURA POSTIZA,99 OTROS PROCEDIMIENTOS NO QUIRURGICOS,16. (87 99) PROCEDIMIENTOS DIAGNOSTICOS Y TERAPEUTICOS MISCELANEOS,16. (87 99) PROCEDIMIENTOS DIAGNOSTICOS Y TERAPEUTICOS MISCELANEOS
99.98,EXTRACCION LECHE MAMA MADRE LACTANTE,99 OTROS PROCEDIMIENTOS NO QUIRURGICOS,16. (87 99) PROCEDIMIENTOS DIAGNOSTICOS Y TERAPEUTICOS MISCELANEOS,16. (87 99) PROCEDIMIENTOS DIAGNOSTICOS Y TERAPEUTICOS MISCELANEOS
99.99,PROCEDIMIENTO MISCELANEO.OTRO,99 OTROS PROCEDIMIENTOS NO QUIRURGICOS,16. (87 99) PROCEDIMIENTOS DIAGNOSTICOS Y TERAPEUTICOS MISCELANEOS,16. (87 99) PROCEDIMIENTOS DIAGNOSTICOS Y TERAPEUTICOS MISCELANEOS
